[NX v22.5.1 Daemon Client] - 2026-02-18T23:35:40.904Z - [Client] Starting new daemon server in background
[NX v22.5.1 Daemon Client] - 2026-02-18T23:35:40.911Z - [Client] Waiting for server (max: 6000 attempts, 10ms interval)
[NX v22.5.1 Daemon Server] - 2026-02-18T23:35:41.292Z - New daemon starting from: /home/poukam-tech/project/marizona/node_modules/nx/src/daemon/server/server.js
[NX v22.5.1 Daemon Server] - 2026-02-18T23:35:41.295Z - New daemon __dirname: /home/poukam-tech/project/marizona/node_modules/nx/src/daemon/server
[NX v22.5.1 Daemon Server] - 2026-02-18T23:35:41.295Z - New daemon nxVersion: 22.5.1
[NX v22.5.1 Daemon Server] - 2026-02-18T23:35:41.295Z - New daemon getInstalledNxVersion(): 22.5.1
[NX v22.5.1 Daemon Server] - 2026-02-18T23:35:41.302Z - [Server] Starting outdated check interval (20ms)
[NX v22.5.1 Daemon Server] - 2026-02-18T23:35:41.305Z - Started listening on: /tmp/047af9b2b50fbea4fd8a/d.sock
[NX v22.5.1 Daemon Server] - 2026-02-18T23:35:41.310Z - [WATCHER]: Subscribed to changes within: /home/poukam-tech/project/marizona (native)
[NX v22.5.1 Daemon Client] - 2026-02-18T23:35:41.311Z - [Client] Server available after 36 attempts
[NX v22.5.1 Daemon Client] - 2026-02-18T23:35:41.312Z - [Client] Daemon server started, pid=57018
[NX v22.5.1 Daemon Server] - 2026-02-18T23:35:41.311Z - [NX-CONSOLE]: Pulling latest Nx (latest) to check console status...
Fetching nx...
[NX v22.5.1 Daemon Client] - 2026-02-18T23:35:41.347Z - [Messenger] Setting up socket listeners
[NX v22.5.1 Daemon Client] - 2026-02-18T23:35:41.348Z - [Messenger] listen() complete
[NX v22.5.1 Daemon Client] - 2026-02-18T23:35:41.351Z - [Messenger] Sending message type: REQUEST_PROJECT_GRAPH
[NX v22.5.1 Daemon Client] - 2026-02-18T23:35:41.351Z - [Messenger] Message sent
[NX v22.5.1 Daemon Server] - 2026-02-18T23:35:41.364Z - Established a connection. Number of open connections: 1
[NX v22.5.1 Daemon Server] - 2026-02-18T23:35:41.366Z - Established a connection. Number of open connections: 2
[NX v22.5.1 Daemon Server] - 2026-02-18T23:35:41.369Z - Closed a connection. Number of open connections: 1
[NX v22.5.1 Daemon Server] - 2026-02-18T23:35:41.370Z - Established a connection. Number of open connections: 2
[NX v22.5.1 Daemon Server] - 2026-02-18T23:35:41.371Z - Closed a connection. Number of open connections: 1
[NX v22.5.1 Daemon Server] - 2026-02-18T23:35:41.505Z - Received raw message of length 32
[NX v22.5.1 Daemon Server] - 2026-02-18T23:35:41.505Z - Received json message of type REQUEST_PROJECT_GRAPH
[NX v22.5.1 Daemon Server] - 2026-02-18T23:35:41.506Z - [REQUEST]: Client Request for Project Graph Received
[NX v22.5.1 Daemon Server] - 2026-02-18T23:35:41.580Z - Time taken for 'start-plugin-worker:/home/poukam-tech/project/marizona/node_modules/nx/src/plugins/js' 146.99728599999997ms
Time for 'plugin worker 57055 code loading' 53.111598
[NX v22.5.1 Daemon Server] - 2026-02-18T23:35:41.623Z - Time taken for 'start-plugin-worker:@nx/playwright/plugin' 168.83153300000004ms
Time for 'plugin worker 57069 code loading' 51.873693999999986
[NX v22.5.1 Daemon Server] - 2026-02-18T23:35:41.651Z - Time taken for 'start-plugin-worker:/home/poukam-tech/project/marizona/node_modules/nx/src/plugins/package-json' 216.04969099999994ms
Time for 'plugin worker 57075 code loading' 56.190471
Time for 'plugin worker 57056 code loading' 56.84285799999999
[NX v22.5.1 Daemon Server] - 2026-02-18T23:35:41.667Z - Time taken for 'start-plugin-worker:/home/poukam-tech/project/marizona/node_modules/nx/src/plugins/project-json/build-nodes/project-json' 215.95153599999992ms
Time for 'plugin worker 57062 code loading' 61.50320000000001
[NX v22.5.1 Daemon Server] - 2026-02-18T23:35:41.679Z - Time taken for 'start-plugin-worker:@nx/next/plugin' 232.49074399999995ms
Time for 'plugin worker 57063 code loading' 58.15736500000001
[NX v22.5.1 Daemon Server] - 2026-02-18T23:35:41.745Z - Time taken for 'start-plugin-worker:@nx/eslint/plugin' 270.24552900000003ms
Time for 'plugin worker 57082 code loading' 61.313481000000024
Time for 'plugin worker 57093 code loading' 66.68443099999999
[NX v22.5.1 Daemon Server] - 2026-02-18T23:35:41.762Z - Time taken for 'start-plugin-worker:@nx/jest/plugin' 279.4403860000001ms
[NX v22.5.1 Daemon Server] - 2026-02-18T23:35:42.583Z - Time taken for 'Load Nx Plugin: /home/poukam-tech/project/marizona/node_modules/nx/src/plugins/project-json/build-nodes/project-json' 1164.720787ms
[NX v22.5.1 Daemon Server] - 2026-02-18T23:35:42.638Z - Time taken for 'Load Nx Plugin: /home/poukam-tech/project/marizona/node_modules/nx/src/plugins/package-json' 1219.719429ms
[NX v22.5.1 Daemon Server] - 2026-02-18T23:35:42.716Z - Time taken for 'loadDefaultNxPlugins' 1301.460084ms
[NX v22.5.1 Daemon Server] - 2026-02-18T23:35:42.810Z - Time taken for 'Load Nx Plugin: @nx/jest/plugin' 1387.9989560000001ms
[NX v22.5.1 Daemon Server] - 2026-02-18T23:35:42.833Z - Time taken for 'Load Nx Plugin: @nx/webpack/plugin' 1411.7374020000002ms
[NX v22.5.1 Daemon Server] - 2026-02-18T23:35:43.000Z - Time taken for 'Load Nx Plugin: @nx/playwright/plugin' 1580.4503519999998ms
[NX v22.5.1 Daemon Server] - 2026-02-18T23:35:43.085Z - Time taken for 'Load Nx Plugin: @nx/next/plugin' 1666.4916870000002ms
[NX v22.5.1 Daemon Server] - 2026-02-18T23:35:43.098Z - [REQUEST]: Updated workspace context based on watched changes, recomputing project graph...
[NX v22.5.1 Daemon Server] - 2026-02-18T23:35:43.098Z - [REQUEST]: 
[NX v22.5.1 Daemon Server] - 2026-02-18T23:35:43.098Z - [REQUEST]: 
[NX v22.5.1 Daemon Server] - 2026-02-18T23:35:43.106Z - Reusing in-memory cached project graph because no files changed.
[NX v22.5.1 Daemon Server] - 2026-02-18T23:35:43.133Z - Time taken for 'loadSpecifiedNxPlugins' 1678.412652ms
[NX v22.5.1 Daemon Client] - 2026-02-18T23:35:43.139Z - [Messenger] Setting up socket listeners
[NX v22.5.1 Daemon Client] - 2026-02-18T23:35:43.140Z - [Messenger] listen() complete
[NX v22.5.1 Daemon Client] - 2026-02-18T23:35:43.141Z - [Messenger] Sending message type: HASH_GLOB
[NX v22.5.1 Daemon Client] - 2026-02-18T23:35:43.141Z - [Messenger] Message sent
[NX v22.5.1 Daemon Client] - 2026-02-18T23:35:43.147Z - [Messenger] Setting up socket listeners
[NX v22.5.1 Daemon Client] - 2026-02-18T23:35:43.152Z - [Messenger] listen() complete
[NX v22.5.1 Daemon Client] - 2026-02-18T23:35:43.153Z - [Messenger] Sending message type: GLOB
[NX v22.5.1 Daemon Client] - 2026-02-18T23:35:43.155Z - [Messenger] Message sent
[NX v22.5.1 Daemon Server] - 2026-02-18T23:35:43.159Z - Established a connection. Number of open connections: 2
[NX v22.5.1 Daemon Client] - 2026-02-18T23:35:43.169Z - [Messenger] Setting up socket listeners
[NX v22.5.1 Daemon Client] - 2026-02-18T23:35:43.174Z - [Messenger] listen() complete
[NX v22.5.1 Daemon Client] - 2026-02-18T23:35:43.172Z - [Messenger] Setting up socket listeners
[NX v22.5.1 Daemon Client] - 2026-02-18T23:35:43.177Z - [Messenger] listen() complete
[NX v22.5.1 Daemon Client] - 2026-02-18T23:35:43.170Z - [Messenger] Setting up socket listeners
[NX v22.5.1 Daemon Client] - 2026-02-18T23:35:43.178Z - [Messenger] listen() complete
[NX v22.5.1 Daemon Client] - 2026-02-18T23:35:43.179Z - [Messenger] Sending message type: HASH_MULTI_GLOB
[NX v22.5.1 Daemon Client] - 2026-02-18T23:35:43.176Z - [Messenger] Sending message type: HASH_GLOB
[NX v22.5.1 Daemon Client] - 2026-02-18T23:35:43.179Z - [Messenger] Message sent
[NX v22.5.1 Daemon Client] - 2026-02-18T23:35:43.180Z - [Messenger] Message sent
[NX v22.5.1 Daemon Client] - 2026-02-18T23:35:43.182Z - [Messenger] Sending message type: HASH_GLOB
[NX v22.5.1 Daemon Client] - 2026-02-18T23:35:43.183Z - [Messenger] Message sent
[NX v22.5.1 Daemon Server] - 2026-02-18T23:35:43.193Z - Established a connection. Number of open connections: 3
[NX v22.5.1 Daemon Server] - 2026-02-18T23:35:43.194Z - Closed a connection. Number of open connections: 2
[NX v22.5.1 Daemon Server] - 2026-02-18T23:35:43.194Z - Established a connection. Number of open connections: 3
[NX v22.5.1 Daemon Server] - 2026-02-18T23:35:43.196Z - Established a connection. Number of open connections: 4
[NX v22.5.1 Daemon Server] - 2026-02-18T23:35:43.197Z - Closed a connection. Number of open connections: 3
[NX v22.5.1 Daemon Server] - 2026-02-18T23:35:43.197Z - Established a connection. Number of open connections: 4
[NX v22.5.1 Daemon Server] - 2026-02-18T23:35:43.207Z - Established a connection. Number of open connections: 5
[NX v22.5.1 Daemon Server] - 2026-02-18T23:35:43.211Z - Closed a connection. Number of open connections: 4
[NX v22.5.1 Daemon Server] - 2026-02-18T23:35:43.213Z - Established a connection. Number of open connections: 5
[NX v22.5.1 Daemon Server] - 2026-02-18T23:35:43.214Z - Closed a connection. Number of open connections: 4
[NX v22.5.1 Daemon Server] - 2026-02-18T23:35:43.215Z - Established a connection. Number of open connections: 5
[NX v22.5.1 Daemon Server] - 2026-02-18T23:35:43.215Z - Established a connection. Number of open connections: 6
[NX v22.5.1 Daemon Server] - 2026-02-18T23:35:43.216Z - Established a connection. Number of open connections: 7
[NX v22.5.1 Daemon Server] - 2026-02-18T23:35:43.218Z - Closed a connection. Number of open connections: 6
Time for 'daemon-message-serialization-HASH_GLOB' 0.37597699999992074
Time for 'daemon-message-serialization-HASH_GLOB' 0.25648500000011154
[NX v22.5.1 Daemon Server] - 2026-02-18T23:35:43.340Z - Received raw message of length 57
[NX v22.5.1 Daemon Server] - 2026-02-18T23:35:43.340Z - Received json message of type HASH_GLOB
[NX v22.5.1 Daemon Server] - 2026-02-18T23:35:43.344Z - Serializing response for HASH_GLOB message in json mode
[NX v22.5.1 Daemon Server] - 2026-02-18T23:35:43.344Z - Responding to HASH_GLOB message
[NX v22.5.1 Daemon Server] - 2026-02-18T23:35:43.344Z - [REQUEST]: Responding to the client. handleHashGlob
[NX v22.5.1 Daemon Server] - 2026-02-18T23:35:43.344Z - Done responding to the client handleHashGlob
[NX v22.5.1 Daemon Server] - 2026-02-18T23:35:43.344Z - Handled json message HASH_GLOB. Handling time: 3. Response time: 0.
[NX v22.5.1 Daemon Server] - 2026-02-18T23:35:43.344Z - Received raw message of length 63
[NX v22.5.1 Daemon Server] - 2026-02-18T23:35:43.345Z - Received json message of type HASH_GLOB
[NX v22.5.1 Daemon Client] - 2026-02-18T23:35:43.347Z - [Messenger] Received message, length: 20
[NX v22.5.1 Daemon Server] - 2026-02-18T23:35:43.352Z - Serializing response for HASH_GLOB message in json mode
[NX v22.5.1 Daemon Server] - 2026-02-18T23:35:43.352Z - Responding to HASH_GLOB message
[NX v22.5.1 Daemon Server] - 2026-02-18T23:35:43.352Z - [REQUEST]: Responding to the client. handleHashGlob
[NX v22.5.1 Daemon Server] - 2026-02-18T23:35:43.352Z - Done responding to the client handleHashGlob
[NX v22.5.1 Daemon Server] - 2026-02-18T23:35:43.352Z - Handled json message HASH_GLOB. Handling time: 7. Response time: 0.
[NX v22.5.1 Daemon Client] - 2026-02-18T23:35:43.353Z - [Messenger] Received message, length: 21
Time for 'daemon-message-serialization-HASH_GLOB' 0.5360829999999623
[NX v22.5.1 Daemon Server] - 2026-02-18T23:35:43.366Z - Received raw message of length 59
[NX v22.5.1 Daemon Server] - 2026-02-18T23:35:43.367Z - Received json message of type HASH_GLOB
[NX v22.5.1 Daemon Server] - 2026-02-18T23:35:43.369Z - Serializing response for HASH_GLOB message in json mode
[NX v22.5.1 Daemon Server] - 2026-02-18T23:35:43.369Z - Responding to HASH_GLOB message
[NX v22.5.1 Daemon Server] - 2026-02-18T23:35:43.369Z - [REQUEST]: Responding to the client. handleHashGlob
[NX v22.5.1 Daemon Server] - 2026-02-18T23:35:43.369Z - Done responding to the client handleHashGlob
[NX v22.5.1 Daemon Server] - 2026-02-18T23:35:43.369Z - Handled json message HASH_GLOB. Handling time: 2. Response time: 0.
[NX v22.5.1 Daemon Client] - 2026-02-18T23:35:43.370Z - [Messenger] Received message, length: 21
Time for 'daemon-message-serialization-GLOB' 1.6215899999999692
[NX v22.5.1 Daemon Server] - 2026-02-18T23:35:43.373Z - Received raw message of length 73
[NX v22.5.1 Daemon Server] - 2026-02-18T23:35:43.373Z - Received json message of type GLOB
[NX v22.5.1 Daemon Server] - 2026-02-18T23:35:43.377Z - Serializing response for GLOB message in json mode
[NX v22.5.1 Daemon Server] - 2026-02-18T23:35:43.378Z - Responding to GLOB message
[NX v22.5.1 Daemon Server] - 2026-02-18T23:35:43.378Z - [REQUEST]: Responding to the client. handleGlob
[NX v22.5.1 Daemon Server] - 2026-02-18T23:35:43.378Z - Done responding to the client handleGlob
[NX v22.5.1 Daemon Server] - 2026-02-18T23:35:43.378Z - Handled json message GLOB. Handling time: 4. Response time: 1.
[NX v22.5.1 Daemon Client] - 2026-02-18T23:35:43.379Z - [Messenger] Received message, length: 6441
Time for 'daemon-message-serialization-HASH_MULTI_GLOB' 0.3535570000001371
[NX v22.5.1 Daemon Server] - 2026-02-18T23:35:43.381Z - Received raw message of length 124
[NX v22.5.1 Daemon Server] - 2026-02-18T23:35:43.381Z - Received json message of type HASH_MULTI_GLOB
[NX v22.5.1 Daemon Client] - 2026-02-18T23:35:43.387Z - [Messenger] Sending message type: HASH_MULTI_GLOB
[NX v22.5.1 Daemon Client] - 2026-02-18T23:35:43.387Z - [Messenger] Message sent
[NX v22.5.1 Daemon Server] - 2026-02-18T23:35:43.389Z - Serializing response for HASH_GLOB message in json mode
[NX v22.5.1 Daemon Server] - 2026-02-18T23:35:43.389Z - Responding to HASH_GLOB message
[NX v22.5.1 Daemon Server] - 2026-02-18T23:35:43.389Z - [REQUEST]: Responding to the client. handleHashMultiGlob
[NX v22.5.1 Daemon Server] - 2026-02-18T23:35:43.390Z - Done responding to the client handleHashMultiGlob
[NX v22.5.1 Daemon Server] - 2026-02-18T23:35:43.390Z - Handled json message HASH_GLOB. Handling time: 8. Response time: 1.
[NX v22.5.1 Daemon Server] - 2026-02-18T23:35:43.390Z - Received raw message of length 867
[NX v22.5.1 Daemon Client] - 2026-02-18T23:35:43.390Z - [Messenger] Received message, length: 92
[NX v22.5.1 Daemon Server] - 2026-02-18T23:35:43.390Z - Received json message of type HASH_MULTI_GLOB
[NX v22.5.1 Daemon Server] - 2026-02-18T23:35:43.412Z - Serializing response for HASH_GLOB message in json mode
[NX v22.5.1 Daemon Server] - 2026-02-18T23:35:43.412Z - Responding to HASH_GLOB message
[NX v22.5.1 Daemon Server] - 2026-02-18T23:35:43.412Z - [REQUEST]: Responding to the client. handleHashMultiGlob
[NX v22.5.1 Daemon Server] - 2026-02-18T23:35:43.412Z - Done responding to the client handleHashMultiGlob
[NX v22.5.1 Daemon Server] - 2026-02-18T23:35:43.412Z - Handled json message HASH_GLOB. Handling time: 22. Response time: 0.
Time for 'GLOB round trip' 227.22178399999984
Time for 'deserialize daemon response - GLOB' 0.1770529999998871
Time for 'daemon-message-serialization-HASH_MULTI_GLOB' 0.06204200000001947
[NX v22.5.1 Daemon Client] - 2026-02-18T23:35:43.413Z - [Messenger] Received message, length: 265
[NX v22.5.1 Daemon Server] - 2026-02-18T23:35:43.450Z - Closed a connection. Number of open connections: 5
Time for 'nx/js/dependencies-and-lockfile:createNodes' 309.485402
Time for 'HASH_MULTI_GLOB round trip' 26.82144799999992
Time for 'deserialize daemon response - HASH_MULTI_GLOB' 0.19219599999996717
[NX v22.5.1 Daemon Client] - 2026-02-18T23:35:44.326Z - [Messenger] Sending message type: HASH_GLOB
[NX v22.5.1 Daemon Server] - 2026-02-18T23:35:44.327Z - Received raw message of length 64
[NX v22.5.1 Daemon Server] - 2026-02-18T23:35:44.327Z - Received json message of type HASH_GLOB
[NX v22.5.1 Daemon Client] - 2026-02-18T23:35:44.328Z - [Messenger] Message sent
[NX v22.5.1 Daemon Server] - 2026-02-18T23:35:44.329Z - Serializing response for HASH_GLOB message in json mode
[NX v22.5.1 Daemon Server] - 2026-02-18T23:35:44.329Z - Responding to HASH_GLOB message
[NX v22.5.1 Daemon Server] - 2026-02-18T23:35:44.329Z - [REQUEST]: Responding to the client. handleHashGlob
[NX v22.5.1 Daemon Server] - 2026-02-18T23:35:44.329Z - Done responding to the client handleHashGlob
[NX v22.5.1 Daemon Server] - 2026-02-18T23:35:44.329Z - Handled json message HASH_GLOB. Handling time: 2. Response time: 0.
Time for 'HASH_GLOB round trip' 194.09089200000017
Time for 'deserialize daemon response - HASH_GLOB' 0.14985000000001492
Time for 'daemon-message-serialization-HASH_GLOB' 0.04889099999991231
[NX v22.5.1 Daemon Client] - 2026-02-18T23:35:44.342Z - [Messenger] Received message, length: 21
[NX v22.5.1 Daemon Server] - 2026-02-18T23:35:44.373Z - Closed a connection. Number of open connections: 4
[NX v22.5.1 Daemon Server] - 2026-02-18T23:35:45.128Z - Closed a connection. Number of open connections: 3
[NX v22.5.1 Daemon Client] - 2026-02-18T23:35:47.047Z - [Messenger] Sending message type: HASH_GLOB
[NX v22.5.1 Daemon Client] - 2026-02-18T23:35:47.048Z - [Messenger] Message sent
[NX v22.5.1 Daemon Server] - 2026-02-18T23:35:47.048Z - Received raw message of length 68
[NX v22.5.1 Daemon Server] - 2026-02-18T23:35:47.048Z - Received json message of type HASH_GLOB
[NX v22.5.1 Daemon Server] - 2026-02-18T23:35:47.053Z - Serializing response for HASH_GLOB message in json mode
[NX v22.5.1 Daemon Server] - 2026-02-18T23:35:47.053Z - Responding to HASH_GLOB message
[NX v22.5.1 Daemon Server] - 2026-02-18T23:35:47.054Z - [REQUEST]: Responding to the client. handleHashGlob
[NX v22.5.1 Daemon Server] - 2026-02-18T23:35:47.054Z - Done responding to the client handleHashGlob
[NX v22.5.1 Daemon Server] - 2026-02-18T23:35:47.054Z - Handled json message HASH_GLOB. Handling time: 5. Response time: 1.
Time for 'HASH_GLOB round trip' 212.66554599999995
Time for 'deserialize daemon response - HASH_GLOB' 0.1352439999998296
Time for 'daemon-message-serialization-HASH_GLOB' 0.05598999999983789
[NX v22.5.1 Daemon Client] - 2026-02-18T23:35:47.054Z - [Messenger] Received message, length: 21
[NX v22.5.1 Daemon Client] - 2026-02-18T23:35:47.080Z - [Messenger] Sending message type: GET_FILES_IN_DIRECTORY
[NX v22.5.1 Daemon Client] - 2026-02-18T23:35:47.081Z - [Messenger] Message sent
[NX v22.5.1 Daemon Server] - 2026-02-18T23:35:47.082Z - Received raw message of length 60
[NX v22.5.1 Daemon Server] - 2026-02-18T23:35:47.082Z - Received json message of type GET_FILES_IN_DIRECTORY
[NX v22.5.1 Daemon Server] - 2026-02-18T23:35:47.084Z - Serializing response for GET_FILES_IN_DIRECTORY message in json mode
[NX v22.5.1 Daemon Server] - 2026-02-18T23:35:47.084Z - Responding to GET_FILES_IN_DIRECTORY message
[NX v22.5.1 Daemon Server] - 2026-02-18T23:35:47.084Z - [REQUEST]: Responding to the client. handleNxWorkspaceFiles
[NX v22.5.1 Daemon Server] - 2026-02-18T23:35:47.084Z - Done responding to the client handleNxWorkspaceFiles
[NX v22.5.1 Daemon Server] - 2026-02-18T23:35:47.084Z - Handled json message GET_FILES_IN_DIRECTORY. Handling time: 2. Response time: 0.
[NX v22.5.1 Daemon Client] - 2026-02-18T23:35:47.114Z - [Messenger] Received message, length: 38
(node:57069) [DEP0180] DeprecationWarning: fs.Stats constructor is deprecated.
(Use `node --trace-deprecation ...` to show where the warning was created)
Time for 'HASH_GLOB round trip' 7.132730000000265
Time for 'deserialize daemon response - HASH_GLOB' 0.04963899999984278
Time for 'daemon-message-serialization-GET_FILES_IN_DIRECTORY' 0.041691000000355416
[NX v22.5.1 Daemon Client] - 2026-02-18T23:35:47.133Z - [Messenger] Sending message type: GET_FILES_IN_DIRECTORY
[NX v22.5.1 Daemon Client] - 2026-02-18T23:35:47.133Z - [Messenger] Message sent
[NX v22.5.1 Daemon Server] - 2026-02-18T23:35:47.134Z - Received raw message of length 65
[NX v22.5.1 Daemon Server] - 2026-02-18T23:35:47.134Z - Received json message of type GET_FILES_IN_DIRECTORY
[NX v22.5.1 Daemon Server] - 2026-02-18T23:35:47.135Z - Serializing response for GET_FILES_IN_DIRECTORY message in json mode
[NX v22.5.1 Daemon Server] - 2026-02-18T23:35:47.135Z - Responding to GET_FILES_IN_DIRECTORY message
[NX v22.5.1 Daemon Server] - 2026-02-18T23:35:47.135Z - [REQUEST]: Responding to the client. handleNxWorkspaceFiles
[NX v22.5.1 Daemon Server] - 2026-02-18T23:35:47.135Z - Done responding to the client handleNxWorkspaceFiles
[NX v22.5.1 Daemon Server] - 2026-02-18T23:35:47.135Z - Handled json message GET_FILES_IN_DIRECTORY. Handling time: 1. Response time: 0.
Time for 'GET_FILES_IN_DIRECTORY round trip' 33.6732750000001
Time for 'deserialize daemon response - GET_FILES_IN_DIRECTORY' 0.02962500000012369
[NX v22.5.1 Daemon Client] - 2026-02-18T23:35:47.139Z - [Messenger] Received message, length: 43
Time for 'daemon-message-serialization-GET_FILES_IN_DIRECTORY' 0.03846900000007736
[NX v22.5.1 Daemon Server] - 2026-02-18T23:35:47.194Z - Closed a connection. Number of open connections: 2
[NX v22.5.1 Daemon Server] - 2026-02-18T23:35:47.534Z - Time taken for 'build-project-configs' 4376.896976999999ms
[NX v22.5.1 Daemon Server] - 2026-02-18T23:35:47.573Z - Closed a connection. Number of open connections: 1
[NX v22.5.1 Daemon Server] - 2026-02-18T23:35:48.585Z - [SYNC]: collect registered sync generators
[NX v22.5.1 Daemon Server] - 2026-02-18T23:35:48.612Z - Wrote project graph cache to /home/poukam-tech/project/marizona/.nx/workspace-data/project-graph.json
[NX v22.5.1 Daemon Server] - 2026-02-18T23:35:48.613Z - Serializing response for REQUEST_PROJECT_GRAPH message in json mode
[NX v22.5.1 Daemon Server] - 2026-02-18T23:35:48.613Z - Responding to REQUEST_PROJECT_GRAPH message
[NX v22.5.1 Daemon Server] - 2026-02-18T23:35:48.613Z - [REQUEST]: Responding to the client. project-graph
[NX v22.5.1 Daemon Server] - 2026-02-18T23:35:48.614Z - Time taken for 'total for creating and serializing project graph' 7107.064196ms
[NX v22.5.1 Daemon Server] - 2026-02-18T23:35:48.620Z - Done responding to the client project-graph
[NX v22.5.1 Daemon Server] - 2026-02-18T23:35:48.620Z - Handled json message REQUEST_PROJECT_GRAPH. Handling time: 7108. Response time: 7.
[NX v22.5.1 Daemon Client] - 2026-02-18T23:35:48.622Z - [Messenger] Received message, length: 1341409
[NX v22.5.1 Daemon Client] - 2026-02-18T23:35:48.633Z - [Messenger] Sending message type: GET_CONTEXT_FILE_DATA
[NX v22.5.1 Daemon Client] - 2026-02-18T23:35:48.634Z - [Messenger] Message sent
[NX v22.5.1 Daemon Server] - 2026-02-18T23:35:48.634Z - Received raw message of length 32
[NX v22.5.1 Daemon Server] - 2026-02-18T23:35:48.634Z - Received json message of type GET_CONTEXT_FILE_DATA
[NX v22.5.1 Daemon Server] - 2026-02-18T23:35:48.635Z - Serializing response for GET_CONTEXT_FILE_DATA message in json mode
[NX v22.5.1 Daemon Server] - 2026-02-18T23:35:48.635Z - Responding to GET_CONTEXT_FILE_DATA message
[NX v22.5.1 Daemon Server] - 2026-02-18T23:35:48.635Z - [REQUEST]: Responding to the client. handleContextFileData
[NX v22.5.1 Daemon Server] - 2026-02-18T23:35:48.635Z - Done responding to the client handleContextFileData
[NX v22.5.1 Daemon Server] - 2026-02-18T23:35:48.635Z - Handled json message GET_CONTEXT_FILE_DATA. Handling time: 1. Response time: 0.
[NX v22.5.1 Daemon Client] - 2026-02-18T23:35:48.635Z - [Messenger] Received message, length: 19178
[NX v22.5.1 Daemon Server] - 2026-02-18T23:35:49.280Z - Established a connection. Number of open connections: 2
[NX v22.5.1 Daemon Server] - 2026-02-18T23:35:49.281Z - Closed a connection. Number of open connections: 1
[NX v22.5.1 Daemon Client] - 2026-02-18T23:35:49.281Z - [Messenger] Setting up socket listeners
[NX v22.5.1 Daemon Client] - 2026-02-18T23:35:49.281Z - [Messenger] listen() complete
[NX v22.5.1 Daemon Client] - 2026-02-18T23:35:49.281Z - [Messenger] Sending message type: REGISTER_PROJECT_GRAPH_LISTENER
[NX v22.5.1 Daemon Client] - 2026-02-18T23:35:49.282Z - [Messenger] Message sent
[NX v22.5.1 Daemon Server] - 2026-02-18T23:35:49.283Z - Established a connection. Number of open connections: 2
[NX v22.5.1 Daemon Server] - 2026-02-18T23:35:49.285Z - Received raw message of length 42
[NX v22.5.1 Daemon Server] - 2026-02-18T23:35:49.286Z - Received json message of type REGISTER_PROJECT_GRAPH_LISTENER
[NX v22.5.1 Daemon Server] - 2026-02-18T23:36:27.417Z - [NX-CONSOLE]: Successfully pulled latest Nx to /tmp/tmp-57018-d7hokRWAury1
[NX v22.5.1 Daemon Server] - 2026-02-18T23:36:27.570Z - [NX-CONSOLE]: Using local implementation (NX_USE_LOCAL=true or inner call)
DEBUG nx::native::ide::install: Detected editor: Unknown
[NX v22.5.1 Daemon Server] - 2026-02-18T23:36:27.570Z - [NX-CONSOLE]: Console status check completed, shouldPrompt: false
[NX v22.5.1 Daemon Server] - 2026-02-18T23:38:43.791Z - [WATCHER]: Processing file changes in outputs
[NX v22.5.1 Daemon Server] - 2026-02-18T23:40:06.535Z - [WATCHER]: Processing file changes in outputs
[NX v22.5.1 Daemon Server] - 2026-02-18T23:47:19.376Z - Established a connection. Number of open connections: 3
[NX v22.5.1 Daemon Server] - 2026-02-18T23:47:19.378Z - Closed a connection. Number of open connections: 2
[NX v22.5.1 Daemon Server] - 2026-02-18T23:47:19.379Z - Established a connection. Number of open connections: 3
[NX v22.5.1 Daemon Server] - 2026-02-18T23:47:19.379Z - Closed a connection. Number of open connections: 2
[NX v22.5.1 Daemon Server] - 2026-02-18T23:47:19.380Z - Established a connection. Number of open connections: 3
[NX v22.5.1 Daemon Client] - 2026-02-18T23:47:19.380Z - [Messenger] Setting up socket listeners
[NX v22.5.1 Daemon Client] - 2026-02-18T23:47:19.381Z - [Messenger] listen() complete
[NX v22.5.1 Daemon Client] - 2026-02-18T23:47:19.381Z - [Messenger] Sending message type: GET_NX_CONSOLE_STATUS
[NX v22.5.1 Daemon Client] - 2026-02-18T23:47:19.382Z - [Messenger] Message sent
[NX v22.5.1 Daemon Server] - 2026-02-18T23:47:19.462Z - Received raw message of length 32
[NX v22.5.1 Daemon Server] - 2026-02-18T23:47:19.462Z - Received json message of type GET_NX_CONSOLE_STATUS
[NX v22.5.1 Daemon Server] - 2026-02-18T23:47:19.462Z - Serializing response for GET_NX_CONSOLE_STATUS message in json mode
[NX v22.5.1 Daemon Server] - 2026-02-18T23:47:19.462Z - Responding to GET_NX_CONSOLE_STATUS message
[NX v22.5.1 Daemon Server] - 2026-02-18T23:47:19.462Z - [REQUEST]: Responding to the client. handleGetNxConsoleStatus
[NX v22.5.1 Daemon Server] - 2026-02-18T23:47:19.462Z - Done responding to the client handleGetNxConsoleStatus
[NX v22.5.1 Daemon Server] - 2026-02-18T23:47:19.462Z - Handled json message GET_NX_CONSOLE_STATUS. Handling time: 0. Response time: 0.
[NX v22.5.1 Daemon Client] - 2026-02-18T23:47:19.463Z - [Messenger] Received message, length: 22
[NX v22.5.1 Daemon Client] - 2026-02-18T23:47:19.525Z - [Messenger] Sending message type: REQUEST_PROJECT_GRAPH
[NX v22.5.1 Daemon Client] - 2026-02-18T23:47:19.525Z - [Messenger] Message sent
[NX v22.5.1 Daemon Server] - 2026-02-18T23:47:19.525Z - Received raw message of length 32
[NX v22.5.1 Daemon Server] - 2026-02-18T23:47:19.526Z - Received json message of type REQUEST_PROJECT_GRAPH
[NX v22.5.1 Daemon Server] - 2026-02-18T23:47:19.526Z - [REQUEST]: Client Request for Project Graph Received
[NX v22.5.1 Daemon Server] - 2026-02-18T23:47:19.526Z - Reusing in-memory cached project graph because no files changed.
[NX v22.5.1 Daemon Server] - 2026-02-18T23:47:19.536Z - Wrote project graph cache to /home/poukam-tech/project/marizona/.nx/workspace-data/project-graph.json
[NX v22.5.1 Daemon Server] - 2026-02-18T23:47:19.536Z - Serializing response for REQUEST_PROJECT_GRAPH message in json mode
[NX v22.5.1 Daemon Server] - 2026-02-18T23:47:19.536Z - Responding to REQUEST_PROJECT_GRAPH message
[NX v22.5.1 Daemon Server] - 2026-02-18T23:47:19.536Z - [REQUEST]: Responding to the client. project-graph
[NX v22.5.1 Daemon Server] - 2026-02-18T23:47:19.538Z - Time taken for 'total for creating and serializing project graph' 10.218344999942929ms
[NX v22.5.1 Daemon Server] - 2026-02-18T23:47:19.541Z - Done responding to the client project-graph
[NX v22.5.1 Daemon Server] - 2026-02-18T23:47:19.541Z - Handled json message REQUEST_PROJECT_GRAPH. Handling time: 10. Response time: 5.
[NX v22.5.1 Daemon Client] - 2026-02-18T23:47:19.542Z - [Messenger] Received message, length: 1341409
[NX v22.5.1 Daemon Client] - 2026-02-18T23:47:19.555Z - [Messenger] Sending message type: PRE_TASKS_EXECUTION
[NX v22.5.1 Daemon Client] - 2026-02-18T23:47:19.556Z - [Messenger] Message sent
[NX v22.5.1 Daemon Server] - 2026-02-18T23:47:19.558Z - Received raw message of length 1610
[NX v22.5.1 Daemon Server] - 2026-02-18T23:47:19.558Z - Received json message of type PRE_TASKS_EXECUTION
[NX v22.5.1 Daemon Server] - 2026-02-18T23:47:19.560Z - Serializing response for PRE_TASKS_EXECUTION message in json mode
[NX v22.5.1 Daemon Server] - 2026-02-18T23:47:19.560Z - Responding to PRE_TASKS_EXECUTION message
[NX v22.5.1 Daemon Server] - 2026-02-18T23:47:19.560Z - [REQUEST]: Responding to the client. handleRunPreTasksExecution
[NX v22.5.1 Daemon Server] - 2026-02-18T23:47:19.560Z - Done responding to the client handleRunPreTasksExecution
[NX v22.5.1 Daemon Server] - 2026-02-18T23:47:19.560Z - Handled json message PRE_TASKS_EXECUTION. Handling time: 2. Response time: 0.
[NX v22.5.1 Daemon Server] - 2026-02-18T23:47:19.560Z - Time taken for 'preTasksExecution' 1.0020069999154657ms
[NX v22.5.1 Daemon Client] - 2026-02-18T23:47:19.561Z - [Messenger] Received message, length: 2
[NX v22.5.1 Daemon Client] - 2026-02-18T23:47:19.677Z - [Messenger] Sending message type: HASH_TASKS
[NX v22.5.1 Daemon Client] - 2026-02-18T23:47:19.677Z - [Messenger] Message sent
[NX v22.5.1 Daemon Server] - 2026-02-18T23:47:19.677Z - Received raw message of length 8330
[NX v22.5.1 Daemon Server] - 2026-02-18T23:47:19.678Z - Received json message of type HASH_TASKS
[NX v22.5.1 Daemon Server] - 2026-02-18T23:47:19.679Z - Reusing in-memory cached project graph because no files changed.
[NX v22.5.1 Daemon Server] - 2026-02-18T23:47:19.700Z - Wrote project graph cache to /home/poukam-tech/project/marizona/.nx/workspace-data/project-graph.json
DEBUG nx::native::tasks::hash_planner: get_plans_internal COMPLETED in 12.965282ms - processed 2 tasks (setup: 9.947353ms, parallel_planning: 2.994947ms)
DEBUG nx::native::tasks::hashers::hash_workspace_files: Hashing workspace fileset with inputs: Adding "12475982618692230973" (".gitignore") to hash
DEBUG nx::native::tasks::hashers::hash_workspace_files: Hashing workspace fileset with inputs: Adding "8516195800549599522" (".nxignore") to hash
DEBUG nx::native::tasks::hashers::hash_workspace_files: Hashing workspace fileset with inputs: Adding "614954295243266697" ("nx.json") to hash
DEBUG nx::native::tasks::hashers::hash_workspace_files: Hashing workspace fileset with inputs: Hash Value: "16382247164987548109"
DEBUG nx::native::tasks::hashers::hash_workspace_files: Hashing workspace fileset with inputs: Adding "12475982618692230973" (".gitignore") to hash
DEBUG nx::native::tasks::hashers::hash_workspace_files: Hashing workspace fileset with inputs: Adding "8516195800549599522" (".nxignore") to hash
DEBUG nx::native::tasks::hashers::hash_workspace_files: Hashing workspace fileset with inputs: Adding "614954295243266697" ("nx.json") to hash
DEBUG nx::native::tasks::hashers::hash_workspace_files: Hashing workspace fileset with inputs: Hash Value: "16382247164987548109"
DEBUG nx::native::tasks::task_hasher: hash_plans COMPLETED in 16.323731ms - processed 2 plans (setup: 1.861849ms, hashing: 14.452081ms, assembly: 6.278363ms)
[NX v22.5.1 Daemon Server] - 2026-02-18T23:47:19.761Z - Serializing response for HASH_TASKS message in json mode
[NX v22.5.1 Daemon Server] - 2026-02-18T23:47:19.762Z - Responding to HASH_TASKS message
[NX v22.5.1 Daemon Server] - 2026-02-18T23:47:19.762Z - [REQUEST]: Responding to the client. handleHashTasks
[NX v22.5.1 Daemon Server] - 2026-02-18T23:47:19.763Z - Done responding to the client handleHashTasks
[NX v22.5.1 Daemon Server] - 2026-02-18T23:47:19.763Z - Handled json message HASH_TASKS. Handling time: 83. Response time: 2.
[NX v22.5.1 Daemon Server] - 2026-02-18T23:47:19.763Z - Time taken for 'write cache' 21.36646499997005ms
[NX v22.5.1 Daemon Client] - 2026-02-18T23:47:19.765Z - [Messenger] Received message, length: 154877
[NX v22.5.1 Daemon Client] - 2026-02-18T23:47:19.786Z - [Messenger] Sending message type: GET_ESTIMATED_TASK_TIMINGS
[NX v22.5.1 Daemon Client] - 2026-02-18T23:47:19.786Z - [Messenger] Message sent
[NX v22.5.1 Daemon Server] - 2026-02-18T23:47:19.786Z - Received raw message of length 149
[NX v22.5.1 Daemon Server] - 2026-02-18T23:47:19.788Z - Received json message of type GET_ESTIMATED_TASK_TIMINGS
[NX v22.5.1 Daemon Server] - 2026-02-18T23:47:19.790Z - Serializing response for GET_ESTIMATED_TASK_TIMINGS message in json mode
[NX v22.5.1 Daemon Server] - 2026-02-18T23:47:19.790Z - Responding to GET_ESTIMATED_TASK_TIMINGS message
[NX v22.5.1 Daemon Server] - 2026-02-18T23:47:19.790Z - [REQUEST]: Responding to the client. handleGetEstimatedTaskTimings
[NX v22.5.1 Daemon Server] - 2026-02-18T23:47:19.790Z - Done responding to the client handleGetEstimatedTaskTimings
[NX v22.5.1 Daemon Server] - 2026-02-18T23:47:19.790Z - Handled json message GET_ESTIMATED_TASK_TIMINGS. Handling time: 2. Response time: 0.
[NX v22.5.1 Daemon Client] - 2026-02-18T23:47:19.794Z - [Messenger] Received message, length: 2
[NX v22.5.1 Daemon Client] - 2026-02-18T23:47:34.367Z - [Messenger] Sending message type: RECORD_OUTPUTS_HASH
[NX v22.5.1 Daemon Client] - 2026-02-18T23:47:34.368Z - [Messenger] Message sent
[NX v22.5.1 Daemon Server] - 2026-02-18T23:47:34.368Z - Received raw message of length 96
[NX v22.5.1 Daemon Server] - 2026-02-18T23:47:34.369Z - Received json message of type RECORD_OUTPUTS_HASH
[NX v22.5.1 Daemon Server] - 2026-02-18T23:47:34.373Z - Serializing response for RECORD_OUTPUTS_HASH message in json mode
[NX v22.5.1 Daemon Server] - 2026-02-18T23:47:34.373Z - Responding to RECORD_OUTPUTS_HASH message
[NX v22.5.1 Daemon Server] - 2026-02-18T23:47:34.373Z - [REQUEST]: Responding to the client. recordOutputsHash
[NX v22.5.1 Daemon Server] - 2026-02-18T23:47:34.373Z - Done responding to the client recordOutputsHash
[NX v22.5.1 Daemon Server] - 2026-02-18T23:47:34.373Z - Handled json message RECORD_OUTPUTS_HASH. Handling time: 4. Response time: 0.
[NX v22.5.1 Daemon Client] - 2026-02-18T23:47:34.373Z - [Messenger] Received message, length: 2
[NX v22.5.1 Daemon Server] - 2026-02-18T23:47:35.877Z - Established a connection. Number of open connections: 4
[NX v22.5.1 Daemon Server] - 2026-02-18T23:47:35.878Z - Closed a connection. Number of open connections: 3
[NX v22.5.1 Daemon Server] - 2026-02-18T23:47:35.879Z - Established a connection. Number of open connections: 4
[NX v22.5.1 Daemon Client] - 2026-02-18T23:47:35.880Z - [Messenger] Setting up socket listeners
[NX v22.5.1 Daemon Client] - 2026-02-18T23:47:35.881Z - [Messenger] listen() complete
[NX v22.5.1 Daemon Client] - 2026-02-18T23:47:35.881Z - [Messenger] Sending message type: REQUEST_PROJECT_GRAPH
[NX v22.5.1 Daemon Client] - 2026-02-18T23:47:35.882Z - [Messenger] Message sent
[NX v22.5.1 Daemon Server] - 2026-02-18T23:47:35.989Z - Received raw message of length 32
[NX v22.5.1 Daemon Server] - 2026-02-18T23:47:35.990Z - Received json message of type REQUEST_PROJECT_GRAPH
[NX v22.5.1 Daemon Server] - 2026-02-18T23:47:35.990Z - [REQUEST]: Client Request for Project Graph Received
[NX v22.5.1 Daemon Server] - 2026-02-18T23:47:35.990Z - Reusing in-memory cached project graph because no files changed.
[NX v22.5.1 Daemon Server] - 2026-02-18T23:47:36.008Z - Wrote project graph cache to /home/poukam-tech/project/marizona/.nx/workspace-data/project-graph.json
[NX v22.5.1 Daemon Server] - 2026-02-18T23:47:36.009Z - Serializing response for REQUEST_PROJECT_GRAPH message in json mode
[NX v22.5.1 Daemon Server] - 2026-02-18T23:47:36.009Z - Responding to REQUEST_PROJECT_GRAPH message
[NX v22.5.1 Daemon Server] - 2026-02-18T23:47:36.009Z - [REQUEST]: Responding to the client. project-graph
[NX v22.5.1 Daemon Server] - 2026-02-18T23:47:36.012Z - Time taken for 'total for creating and serializing project graph' 19.02497700008098ms
[NX v22.5.1 Daemon Server] - 2026-02-18T23:47:36.017Z - Done responding to the client project-graph
[NX v22.5.1 Daemon Server] - 2026-02-18T23:47:36.018Z - Handled json message REQUEST_PROJECT_GRAPH. Handling time: 19. Response time: 9.
[NX v22.5.1 Daemon Client] - 2026-02-18T23:47:36.020Z - [Messenger] Received message, length: 1341409
[NX v22.5.1 Daemon Server] - 2026-02-18T23:47:36.044Z - Established a connection. Number of open connections: 5
[NX v22.5.1 Daemon Client] - 2026-02-18T23:47:36.044Z - [Messenger] Setting up socket listeners
[NX v22.5.1 Daemon Client] - 2026-02-18T23:47:36.045Z - [Messenger] listen() complete
[NX v22.5.1 Daemon Client] - 2026-02-18T23:47:36.045Z - [Messenger] Sending message type: REGISTER_FILE_WATCHER
[NX v22.5.1 Daemon Client] - 2026-02-18T23:47:36.045Z - [Messenger] Message sent
[NX v22.5.1 Daemon Server] - 2026-02-18T23:47:36.058Z - Received raw message of length 99
[NX v22.5.1 Daemon Server] - 2026-02-18T23:47:36.058Z - Received json message of type REGISTER_FILE_WATCHER
[NX v22.5.1 Daemon Server] - 2026-02-18T23:47:36.647Z - Established a connection. Number of open connections: 6
[NX v22.5.1 Daemon Server] - 2026-02-18T23:47:36.653Z - Closed a connection. Number of open connections: 5
[NX v22.5.1 Daemon Server] - 2026-02-18T23:47:36.654Z - Established a connection. Number of open connections: 6
[NX v22.5.1 Daemon Server] - 2026-02-18T23:47:36.654Z - Closed a connection. Number of open connections: 5
[NX v22.5.1 Daemon Server] - 2026-02-18T23:47:36.656Z - Established a connection. Number of open connections: 6
[NX v22.5.1 Daemon Client] - 2026-02-18T23:47:36.656Z - [Messenger] Setting up socket listeners
[NX v22.5.1 Daemon Client] - 2026-02-18T23:47:36.657Z - [Messenger] listen() complete
[NX v22.5.1 Daemon Client] - 2026-02-18T23:47:36.659Z - [Messenger] Sending message type: GET_NX_CONSOLE_STATUS
[NX v22.5.1 Daemon Client] - 2026-02-18T23:47:36.659Z - [Messenger] Message sent
[NX v22.5.1 Daemon Server] - 2026-02-18T23:47:36.737Z - Received raw message of length 32
[NX v22.5.1 Daemon Server] - 2026-02-18T23:47:36.737Z - Received json message of type GET_NX_CONSOLE_STATUS
[NX v22.5.1 Daemon Server] - 2026-02-18T23:47:36.737Z - Serializing response for GET_NX_CONSOLE_STATUS message in json mode
[NX v22.5.1 Daemon Server] - 2026-02-18T23:47:36.737Z - Responding to GET_NX_CONSOLE_STATUS message
[NX v22.5.1 Daemon Server] - 2026-02-18T23:47:36.737Z - [REQUEST]: Responding to the client. handleGetNxConsoleStatus
[NX v22.5.1 Daemon Server] - 2026-02-18T23:47:36.738Z - Done responding to the client handleGetNxConsoleStatus
[NX v22.5.1 Daemon Server] - 2026-02-18T23:47:36.738Z - Handled json message GET_NX_CONSOLE_STATUS. Handling time: 0. Response time: 1.
[NX v22.5.1 Daemon Client] - 2026-02-18T23:47:36.738Z - [Messenger] Received message, length: 22
[NX v22.5.1 Daemon Client] - 2026-02-18T23:47:36.874Z - [Messenger] Sending message type: REQUEST_PROJECT_GRAPH
[NX v22.5.1 Daemon Client] - 2026-02-18T23:47:36.875Z - [Messenger] Message sent
[NX v22.5.1 Daemon Server] - 2026-02-18T23:47:36.875Z - Received raw message of length 32
[NX v22.5.1 Daemon Server] - 2026-02-18T23:47:36.876Z - Received json message of type REQUEST_PROJECT_GRAPH
[NX v22.5.1 Daemon Server] - 2026-02-18T23:47:36.876Z - [REQUEST]: Client Request for Project Graph Received
[NX v22.5.1 Daemon Server] - 2026-02-18T23:47:36.876Z - Reusing in-memory cached project graph because no files changed.
[NX v22.5.1 Daemon Server] - 2026-02-18T23:47:36.902Z - Wrote project graph cache to /home/poukam-tech/project/marizona/.nx/workspace-data/project-graph.json
[NX v22.5.1 Daemon Server] - 2026-02-18T23:47:36.902Z - Serializing response for REQUEST_PROJECT_GRAPH message in json mode
[NX v22.5.1 Daemon Server] - 2026-02-18T23:47:36.902Z - Responding to REQUEST_PROJECT_GRAPH message
[NX v22.5.1 Daemon Server] - 2026-02-18T23:47:36.902Z - [REQUEST]: Responding to the client. project-graph
[NX v22.5.1 Daemon Server] - 2026-02-18T23:47:36.905Z - Time taken for 'total for creating and serializing project graph' 26.519343999912962ms
[NX v22.5.1 Daemon Server] - 2026-02-18T23:47:36.909Z - Done responding to the client project-graph
[NX v22.5.1 Daemon Server] - 2026-02-18T23:47:36.909Z - Handled json message REQUEST_PROJECT_GRAPH. Handling time: 26. Response time: 7.
[NX v22.5.1 Daemon Client] - 2026-02-18T23:47:36.911Z - [Messenger] Received message, length: 1341409
[NX v22.5.1 Daemon Client] - 2026-02-18T23:47:36.930Z - [Messenger] Sending message type: PRE_TASKS_EXECUTION
[NX v22.5.1 Daemon Client] - 2026-02-18T23:47:36.931Z - [Messenger] Message sent
[NX v22.5.1 Daemon Server] - 2026-02-18T23:47:36.931Z - Received raw message of length 1632
[NX v22.5.1 Daemon Server] - 2026-02-18T23:47:36.931Z - Received json message of type PRE_TASKS_EXECUTION
[NX v22.5.1 Daemon Server] - 2026-02-18T23:47:36.932Z - Serializing response for PRE_TASKS_EXECUTION message in json mode
[NX v22.5.1 Daemon Server] - 2026-02-18T23:47:36.932Z - Responding to PRE_TASKS_EXECUTION message
[NX v22.5.1 Daemon Server] - 2026-02-18T23:47:36.932Z - [REQUEST]: Responding to the client. handleRunPreTasksExecution
[NX v22.5.1 Daemon Server] - 2026-02-18T23:47:36.932Z - Done responding to the client handleRunPreTasksExecution
[NX v22.5.1 Daemon Server] - 2026-02-18T23:47:36.932Z - Handled json message PRE_TASKS_EXECUTION. Handling time: 1. Response time: 0.
[NX v22.5.1 Daemon Server] - 2026-02-18T23:47:36.932Z - Time taken for 'preTasksExecution' 0.7192379999905825ms
[NX v22.5.1 Daemon Client] - 2026-02-18T23:47:36.932Z - [Messenger] Received message, length: 2
[NX v22.5.1 Daemon Client] - 2026-02-18T23:47:36.978Z - [Messenger] Sending message type: HASH_TASKS
[NX v22.5.1 Daemon Client] - 2026-02-18T23:47:36.979Z - [Messenger] Message sent
[NX v22.5.1 Daemon Server] - 2026-02-18T23:47:36.979Z - Received raw message of length 8262
[NX v22.5.1 Daemon Server] - 2026-02-18T23:47:36.979Z - Received json message of type HASH_TASKS
[NX v22.5.1 Daemon Server] - 2026-02-18T23:47:36.980Z - Reusing in-memory cached project graph because no files changed.
[NX v22.5.1 Daemon Server] - 2026-02-18T23:47:36.999Z - Wrote project graph cache to /home/poukam-tech/project/marizona/.nx/workspace-data/project-graph.json
DEBUG nx::native::tasks::hash_planner: get_plans_internal COMPLETED in 13.535112ms - processed 1 tasks (setup: 12.990711ms, parallel_planning: 530.18µs)
DEBUG nx::native::tasks::hashers::hash_workspace_files: Hashing workspace fileset with inputs: Adding "12475982618692230973" (".gitignore") to hash
DEBUG nx::native::tasks::hashers::hash_workspace_files: Hashing workspace fileset with inputs: Adding "8516195800549599522" (".nxignore") to hash
DEBUG nx::native::tasks::hashers::hash_workspace_files: Hashing workspace fileset with inputs: Adding "614954295243266697" ("nx.json") to hash
DEBUG nx::native::tasks::hashers::hash_workspace_files: Hashing workspace fileset with inputs: Hash Value: "16382247164987548109"
DEBUG nx::native::tasks::task_hasher: hash_plans COMPLETED in 12.109001ms - processed 1 plans (setup: 1.262778ms, hashing: 10.839442ms, assembly: 4.067817ms)
[NX v22.5.1 Daemon Server] - 2026-02-18T23:47:37.027Z - Serializing response for HASH_TASKS message in json mode
[NX v22.5.1 Daemon Server] - 2026-02-18T23:47:37.028Z - Responding to HASH_TASKS message
[NX v22.5.1 Daemon Server] - 2026-02-18T23:47:37.028Z - [REQUEST]: Responding to the client. handleHashTasks
[NX v22.5.1 Daemon Server] - 2026-02-18T23:47:37.028Z - Done responding to the client handleHashTasks
[NX v22.5.1 Daemon Server] - 2026-02-18T23:47:37.028Z - Handled json message HASH_TASKS. Handling time: 48. Response time: 1.
[NX v22.5.1 Daemon Server] - 2026-02-18T23:47:37.028Z - Time taken for 'write cache' 18.859525999985635ms
[NX v22.5.1 Daemon Client] - 2026-02-18T23:47:37.029Z - [Messenger] Received message, length: 77571
[NX v22.5.1 Daemon Client] - 2026-02-18T23:47:37.055Z - [Messenger] Sending message type: GET_ESTIMATED_TASK_TIMINGS
[NX v22.5.1 Daemon Client] - 2026-02-18T23:47:37.055Z - [Messenger] Message sent
[NX v22.5.1 Daemon Server] - 2026-02-18T23:47:37.056Z - Received raw message of length 114
[NX v22.5.1 Daemon Server] - 2026-02-18T23:47:37.056Z - Received json message of type GET_ESTIMATED_TASK_TIMINGS
[NX v22.5.1 Daemon Server] - 2026-02-18T23:47:37.057Z - Serializing response for GET_ESTIMATED_TASK_TIMINGS message in json mode
[NX v22.5.1 Daemon Server] - 2026-02-18T23:47:37.057Z - Responding to GET_ESTIMATED_TASK_TIMINGS message
[NX v22.5.1 Daemon Server] - 2026-02-18T23:47:37.057Z - [REQUEST]: Responding to the client. handleGetEstimatedTaskTimings
[NX v22.5.1 Daemon Server] - 2026-02-18T23:47:37.057Z - Done responding to the client handleGetEstimatedTaskTimings
[NX v22.5.1 Daemon Server] - 2026-02-18T23:47:37.057Z - Handled json message GET_ESTIMATED_TASK_TIMINGS. Handling time: 1. Response time: 0.
[NX v22.5.1 Daemon Client] - 2026-02-18T23:47:37.063Z - [Messenger] Received message, length: 2
[NX v22.5.1 Daemon Client] - 2026-02-18T23:47:51.699Z - [Messenger] Sending message type: RECORD_OUTPUTS_HASH
[NX v22.5.1 Daemon Client] - 2026-02-18T23:47:51.700Z - [Messenger] Message sent
[NX v22.5.1 Daemon Server] - 2026-02-18T23:47:51.700Z - Received raw message of length 97
[NX v22.5.1 Daemon Server] - 2026-02-18T23:47:51.700Z - Received json message of type RECORD_OUTPUTS_HASH
[NX v22.5.1 Daemon Server] - 2026-02-18T23:47:51.704Z - Serializing response for RECORD_OUTPUTS_HASH message in json mode
[NX v22.5.1 Daemon Server] - 2026-02-18T23:47:51.704Z - Responding to RECORD_OUTPUTS_HASH message
[NX v22.5.1 Daemon Server] - 2026-02-18T23:47:51.704Z - [REQUEST]: Responding to the client. recordOutputsHash
[NX v22.5.1 Daemon Client] - 2026-02-18T23:47:51.704Z - [Messenger] Received message, length: 2
[NX v22.5.1 Daemon Server] - 2026-02-18T23:47:51.706Z - Done responding to the client recordOutputsHash
[NX v22.5.1 Daemon Server] - 2026-02-18T23:47:51.706Z - Handled json message RECORD_OUTPUTS_HASH. Handling time: 4. Response time: 2.
[NX v22.5.1 Daemon Client] - 2026-02-18T23:47:51.720Z - [Messenger] Sending message type: RECORD_TASK_RUNS
[NX v22.5.1 Daemon Client] - 2026-02-18T23:47:51.721Z - [Messenger] Message sent
[NX v22.5.1 Daemon Server] - 2026-02-18T23:47:51.721Z - Received raw message of length 233
[NX v22.5.1 Daemon Server] - 2026-02-18T23:47:51.721Z - Received json message of type RECORD_TASK_RUNS
[NX v22.5.1 Daemon Server] - 2026-02-18T23:47:51.725Z - Serializing response for RECORD_TASK_RUNS message in json mode
[NX v22.5.1 Daemon Server] - 2026-02-18T23:47:51.726Z - Responding to RECORD_TASK_RUNS message
[NX v22.5.1 Daemon Server] - 2026-02-18T23:47:51.726Z - [REQUEST]: Responding to the client. handleRecordTaskRuns
[NX v22.5.1 Daemon Server] - 2026-02-18T23:47:51.726Z - Done responding to the client handleRecordTaskRuns
[NX v22.5.1 Daemon Server] - 2026-02-18T23:47:51.726Z - Handled json message RECORD_TASK_RUNS. Handling time: 4. Response time: 1.
[NX v22.5.1 Daemon Client] - 2026-02-18T23:47:51.726Z - [Messenger] Received message, length: 4
[NX v22.5.1 Daemon Client] - 2026-02-18T23:47:51.727Z - [Messenger] Sending message type: GET_FLAKY_TASKS
[NX v22.5.1 Daemon Client] - 2026-02-18T23:47:51.727Z - [Messenger] Message sent
[NX v22.5.1 Daemon Server] - 2026-02-18T23:47:51.727Z - Received raw message of length 60
[NX v22.5.1 Daemon Server] - 2026-02-18T23:47:51.727Z - Received json message of type GET_FLAKY_TASKS
[NX v22.5.1 Daemon Server] - 2026-02-18T23:47:51.728Z - Serializing response for GET_FLAKY_TASKS message in json mode
[NX v22.5.1 Daemon Server] - 2026-02-18T23:47:51.728Z - Responding to GET_FLAKY_TASKS message
[NX v22.5.1 Daemon Server] - 2026-02-18T23:47:51.728Z - [REQUEST]: Responding to the client. handleGetFlakyTasks
[NX v22.5.1 Daemon Server] - 2026-02-18T23:47:51.728Z - Done responding to the client handleGetFlakyTasks
[NX v22.5.1 Daemon Server] - 2026-02-18T23:47:51.728Z - Handled json message GET_FLAKY_TASKS. Handling time: 1. Response time: 0.
[NX v22.5.1 Daemon Client] - 2026-02-18T23:47:51.728Z - [Messenger] Received message, length: 2
[NX v22.5.1 Daemon Client] - 2026-02-18T23:47:51.734Z - [Messenger] Sending message type: POST_TASKS_EXECUTION
[NX v22.5.1 Daemon Client] - 2026-02-18T23:47:51.735Z - [Messenger] Message sent
[NX v22.5.1 Daemon Server] - 2026-02-18T23:47:51.735Z - Received raw message of length 50000
[NX v22.5.1 Daemon Server] - 2026-02-18T23:47:51.736Z - Received json message of type POST_TASKS_EXECUTION
[NX v22.5.1 Daemon Server] - 2026-02-18T23:47:51.738Z - Serializing response for POST_TASKS_EXECUTION message in json mode
[NX v22.5.1 Daemon Server] - 2026-02-18T23:47:51.738Z - Responding to POST_TASKS_EXECUTION message
[NX v22.5.1 Daemon Server] - 2026-02-18T23:47:51.738Z - [REQUEST]: Responding to the client. handleRunPostTasksExecution
[NX v22.5.1 Daemon Server] - 2026-02-18T23:47:51.738Z - Done responding to the client handleRunPostTasksExecution
[NX v22.5.1 Daemon Server] - 2026-02-18T23:47:51.738Z - Handled json message POST_TASKS_EXECUTION. Handling time: 1. Response time: 1.
[NX v22.5.1 Daemon Server] - 2026-02-18T23:47:51.738Z - Time taken for 'postTasksExecution' 1.4471940000075847ms
[NX v22.5.1 Daemon Client] - 2026-02-18T23:47:51.738Z - [Messenger] Received message, length: 4
[NX v22.5.1 Daemon Server] - 2026-02-18T23:47:51.752Z - Closed a connection. Number of open connections: 5
[NX v22.5.1 Daemon Server] - 2026-02-18T23:48:55.796Z - [WATCHER]: Processing file changes in outputs
[NX v22.5.1 Daemon Server] - 2026-02-18T23:49:15.500Z - Closed a connection. Number of open connections: 4
[NX v22.5.1 Daemon Client] - 2026-02-18T23:49:15.501Z - [Messenger] Sending message type: RECORD_TASK_RUNS
[NX v22.5.1 Daemon Client] - 2026-02-18T23:49:15.502Z - [Messenger] Message sent
[NX v22.5.1 Daemon Server] - 2026-02-18T23:49:15.502Z - Received raw message of length 202
[NX v22.5.1 Daemon Server] - 2026-02-18T23:49:15.502Z - Received json message of type RECORD_TASK_RUNS
[NX v22.5.1 Daemon Server] - 2026-02-18T23:49:15.507Z - Serializing response for RECORD_TASK_RUNS message in json mode
[NX v22.5.1 Daemon Server] - 2026-02-18T23:49:15.507Z - Responding to RECORD_TASK_RUNS message
[NX v22.5.1 Daemon Server] - 2026-02-18T23:49:15.507Z - [REQUEST]: Responding to the client. handleRecordTaskRuns
[NX v22.5.1 Daemon Server] - 2026-02-18T23:49:15.508Z - Done responding to the client handleRecordTaskRuns
[NX v22.5.1 Daemon Server] - 2026-02-18T23:49:15.508Z - Handled json message RECORD_TASK_RUNS. Handling time: 5. Response time: 1.
[NX v22.5.1 Daemon Client] - 2026-02-18T23:49:15.511Z - [FileWatcher] Socket closed, triggering reconnection
[NX v22.5.1 Daemon Client] - 2026-02-18T23:49:15.514Z - [Messenger] Received message, length: 4
[NX v22.5.1 Daemon Client] - 2026-02-18T23:49:15.518Z - [Messenger] Sending message type: GET_FLAKY_TASKS
[NX v22.5.1 Daemon Client] - 2026-02-18T23:49:15.519Z - [Messenger] Message sent
[NX v22.5.1 Daemon Server] - 2026-02-18T23:49:15.520Z - Received raw message of length 59
[NX v22.5.1 Daemon Server] - 2026-02-18T23:49:15.520Z - Received json message of type GET_FLAKY_TASKS
[NX v22.5.1 Daemon Server] - 2026-02-18T23:49:15.520Z - Serializing response for GET_FLAKY_TASKS message in json mode
[NX v22.5.1 Daemon Server] - 2026-02-18T23:49:15.520Z - Responding to GET_FLAKY_TASKS message
[NX v22.5.1 Daemon Server] - 2026-02-18T23:49:15.520Z - [REQUEST]: Responding to the client. handleGetFlakyTasks
[NX v22.5.1 Daemon Client] - 2026-02-18T23:49:15.521Z - [Messenger] Received message, length: 2
[NX v22.5.1 Daemon Server] - 2026-02-18T23:49:15.524Z - Done responding to the client handleGetFlakyTasks
[NX v22.5.1 Daemon Server] - 2026-02-18T23:49:15.524Z - Handled json message GET_FLAKY_TASKS. Handling time: 0. Response time: 4.
[NX v22.5.1 Daemon Client] - 2026-02-18T23:49:15.551Z - [Messenger] Sending message type: POST_TASKS_EXECUTION
[NX v22.5.1 Daemon Client] - 2026-02-18T23:49:15.553Z - [Messenger] Message sent
[NX v22.5.1 Daemon Server] - 2026-02-18T23:49:15.553Z - Received raw message of length 49922
[NX v22.5.1 Daemon Server] - 2026-02-18T23:49:15.554Z - Received json message of type POST_TASKS_EXECUTION
[NX v22.5.1 Daemon Server] - 2026-02-18T23:49:15.555Z - Serializing response for POST_TASKS_EXECUTION message in json mode
[NX v22.5.1 Daemon Server] - 2026-02-18T23:49:15.555Z - Responding to POST_TASKS_EXECUTION message
[NX v22.5.1 Daemon Server] - 2026-02-18T23:49:15.555Z - [REQUEST]: Responding to the client. handleRunPostTasksExecution
[NX v22.5.1 Daemon Server] - 2026-02-18T23:49:15.558Z - Done responding to the client handleRunPostTasksExecution
[NX v22.5.1 Daemon Server] - 2026-02-18T23:49:15.558Z - Handled json message POST_TASKS_EXECUTION. Handling time: 0. Response time: 3.
[NX v22.5.1 Daemon Server] - 2026-02-18T23:49:15.558Z - Time taken for 'postTasksExecution' 0.30822199990507215ms
[NX v22.5.1 Daemon Client] - 2026-02-18T23:49:15.558Z - [Messenger] Received message, length: 4
[NX v22.5.1 Daemon Server] - 2026-02-18T23:49:15.578Z - Closed a connection. Number of open connections: 3
[NX v22.5.1 Daemon Server] - 2026-02-18T23:49:15.593Z - Closed a connection. Number of open connections: 2
[NX v22.5.1 Daemon Server] - 2026-02-18T23:49:20.735Z - Established a connection. Number of open connections: 3
[NX v22.5.1 Daemon Server] - 2026-02-18T23:49:20.737Z - Closed a connection. Number of open connections: 2
[NX v22.5.1 Daemon Server] - 2026-02-18T23:49:20.738Z - Established a connection. Number of open connections: 3
[NX v22.5.1 Daemon Server] - 2026-02-18T23:49:20.739Z - Closed a connection. Number of open connections: 2
[NX v22.5.1 Daemon Server] - 2026-02-18T23:49:20.739Z - Established a connection. Number of open connections: 3
[NX v22.5.1 Daemon Client] - 2026-02-18T23:49:20.739Z - [Messenger] Setting up socket listeners
[NX v22.5.1 Daemon Client] - 2026-02-18T23:49:20.740Z - [Messenger] listen() complete
[NX v22.5.1 Daemon Client] - 2026-02-18T23:49:20.742Z - [Messenger] Sending message type: GET_NX_CONSOLE_STATUS
[NX v22.5.1 Daemon Client] - 2026-02-18T23:49:20.743Z - [Messenger] Message sent
[NX v22.5.1 Daemon Server] - 2026-02-18T23:49:20.817Z - Received raw message of length 32
[NX v22.5.1 Daemon Server] - 2026-02-18T23:49:20.817Z - Received json message of type GET_NX_CONSOLE_STATUS
[NX v22.5.1 Daemon Server] - 2026-02-18T23:49:20.817Z - Serializing response for GET_NX_CONSOLE_STATUS message in json mode
[NX v22.5.1 Daemon Server] - 2026-02-18T23:49:20.817Z - Responding to GET_NX_CONSOLE_STATUS message
[NX v22.5.1 Daemon Server] - 2026-02-18T23:49:20.817Z - [REQUEST]: Responding to the client. handleGetNxConsoleStatus
[NX v22.5.1 Daemon Server] - 2026-02-18T23:49:20.817Z - Done responding to the client handleGetNxConsoleStatus
[NX v22.5.1 Daemon Server] - 2026-02-18T23:49:20.817Z - Handled json message GET_NX_CONSOLE_STATUS. Handling time: 0. Response time: 0.
[NX v22.5.1 Daemon Client] - 2026-02-18T23:49:20.817Z - [Messenger] Received message, length: 22
[NX v22.5.1 Daemon Client] - 2026-02-18T23:49:20.891Z - [Messenger] Sending message type: REQUEST_PROJECT_GRAPH
[NX v22.5.1 Daemon Client] - 2026-02-18T23:49:20.891Z - [Messenger] Message sent
[NX v22.5.1 Daemon Server] - 2026-02-18T23:49:20.892Z - Received raw message of length 32
[NX v22.5.1 Daemon Server] - 2026-02-18T23:49:20.892Z - Received json message of type REQUEST_PROJECT_GRAPH
[NX v22.5.1 Daemon Server] - 2026-02-18T23:49:20.892Z - [REQUEST]: Client Request for Project Graph Received
[NX v22.5.1 Daemon Server] - 2026-02-18T23:49:20.895Z - Reusing in-memory cached project graph because no files changed.
[NX v22.5.1 Daemon Server] - 2026-02-18T23:49:20.916Z - Wrote project graph cache to /home/poukam-tech/project/marizona/.nx/workspace-data/project-graph.json
[NX v22.5.1 Daemon Server] - 2026-02-18T23:49:20.916Z - Serializing response for REQUEST_PROJECT_GRAPH message in json mode
[NX v22.5.1 Daemon Server] - 2026-02-18T23:49:20.916Z - Responding to REQUEST_PROJECT_GRAPH message
[NX v22.5.1 Daemon Server] - 2026-02-18T23:49:20.916Z - [REQUEST]: Responding to the client. project-graph
[NX v22.5.1 Daemon Server] - 2026-02-18T23:49:20.918Z - Time taken for 'total for creating and serializing project graph' 24.34444099990651ms
[NX v22.5.1 Daemon Server] - 2026-02-18T23:49:20.922Z - Done responding to the client project-graph
[NX v22.5.1 Daemon Server] - 2026-02-18T23:49:20.922Z - Handled json message REQUEST_PROJECT_GRAPH. Handling time: 24. Response time: 6.
[NX v22.5.1 Daemon Client] - 2026-02-18T23:49:20.924Z - [Messenger] Received message, length: 1341409
[NX v22.5.1 Daemon Client] - 2026-02-18T23:49:20.935Z - [Messenger] Sending message type: PRE_TASKS_EXECUTION
[NX v22.5.1 Daemon Client] - 2026-02-18T23:49:20.935Z - [Messenger] Message sent
[NX v22.5.1 Daemon Server] - 2026-02-18T23:49:20.935Z - Received raw message of length 1610
[NX v22.5.1 Daemon Server] - 2026-02-18T23:49:20.935Z - Received json message of type PRE_TASKS_EXECUTION
[NX v22.5.1 Daemon Server] - 2026-02-18T23:49:20.936Z - Serializing response for PRE_TASKS_EXECUTION message in json mode
[NX v22.5.1 Daemon Server] - 2026-02-18T23:49:20.936Z - Responding to PRE_TASKS_EXECUTION message
[NX v22.5.1 Daemon Server] - 2026-02-18T23:49:20.936Z - [REQUEST]: Responding to the client. handleRunPreTasksExecution
[NX v22.5.1 Daemon Server] - 2026-02-18T23:49:20.936Z - Done responding to the client handleRunPreTasksExecution
[NX v22.5.1 Daemon Server] - 2026-02-18T23:49:20.936Z - Handled json message PRE_TASKS_EXECUTION. Handling time: 1. Response time: 0.
[NX v22.5.1 Daemon Client] - 2026-02-18T23:49:20.936Z - [Messenger] Received message, length: 2
[NX v22.5.1 Daemon Server] - 2026-02-18T23:49:20.936Z - Time taken for 'preTasksExecution' 0.22004599997308105ms
[NX v22.5.1 Daemon Client] - 2026-02-18T23:49:21.009Z - [Messenger] Sending message type: HASH_TASKS
[NX v22.5.1 Daemon Client] - 2026-02-18T23:49:21.009Z - [Messenger] Message sent
[NX v22.5.1 Daemon Server] - 2026-02-18T23:49:21.009Z - Received raw message of length 8805
[NX v22.5.1 Daemon Server] - 2026-02-18T23:49:21.009Z - Received json message of type HASH_TASKS
[NX v22.5.1 Daemon Server] - 2026-02-18T23:49:21.010Z - Reusing in-memory cached project graph because no files changed.
[NX v22.5.1 Daemon Server] - 2026-02-18T23:49:21.028Z - Wrote project graph cache to /home/poukam-tech/project/marizona/.nx/workspace-data/project-graph.json
DEBUG nx::native::tasks::hash_planner: get_plans_internal COMPLETED in 12.274791ms - processed 2 tasks (setup: 9.599145ms, parallel_planning: 2.654231ms)
DEBUG nx::native::tasks::hashers::hash_workspace_files: Hashing workspace fileset with inputs: Adding "12475982618692230973" (".gitignore") to hash
DEBUG nx::native::tasks::hashers::hash_workspace_files: Hashing workspace fileset with inputs: Adding "8516195800549599522" (".nxignore") to hash
DEBUG nx::native::tasks::hashers::hash_workspace_files: Hashing workspace fileset with inputs: Adding "614954295243266697" ("nx.json") to hash
DEBUG nx::native::tasks::hashers::hash_workspace_files: Hashing workspace fileset with inputs: Hash Value: "16382247164987548109"
DEBUG nx::native::tasks::hashers::hash_workspace_files: Hashing workspace fileset with inputs: Adding "12475982618692230973" (".gitignore") to hash
DEBUG nx::native::tasks::hashers::hash_workspace_files: Hashing workspace fileset with inputs: Adding "8516195800549599522" (".nxignore") to hash
DEBUG nx::native::tasks::hashers::hash_workspace_files: Hashing workspace fileset with inputs: Adding "614954295243266697" ("nx.json") to hash
DEBUG nx::native::tasks::hashers::hash_workspace_files: Hashing workspace fileset with inputs: Hash Value: "16382247164987548109"
DEBUG nx::native::tasks::task_hasher: hash_plans COMPLETED in 21.106702ms - processed 2 plans (setup: 1.166533ms, hashing: 19.933948ms, assembly: 6.105693ms)
[NX v22.5.1 Daemon Server] - 2026-02-18T23:49:21.067Z - Serializing response for HASH_TASKS message in json mode
[NX v22.5.1 Daemon Server] - 2026-02-18T23:49:21.069Z - Responding to HASH_TASKS message
[NX v22.5.1 Daemon Server] - 2026-02-18T23:49:21.069Z - [REQUEST]: Responding to the client. handleHashTasks
[NX v22.5.1 Daemon Server] - 2026-02-18T23:49:21.069Z - Done responding to the client handleHashTasks
[NX v22.5.1 Daemon Server] - 2026-02-18T23:49:21.069Z - Handled json message HASH_TASKS. Handling time: 58. Response time: 2.
[NX v22.5.1 Daemon Client] - 2026-02-18T23:49:21.070Z - [Messenger] Received message, length: 154877
[NX v22.5.1 Daemon Server] - 2026-02-18T23:49:21.070Z - Time taken for 'write cache' 18.366712999995798ms
[NX v22.5.1 Daemon Client] - 2026-02-18T23:49:21.101Z - [Messenger] Sending message type: GET_ESTIMATED_TASK_TIMINGS
[NX v22.5.1 Daemon Server] - 2026-02-18T23:49:21.102Z - Received raw message of length 149
[NX v22.5.1 Daemon Server] - 2026-02-18T23:49:21.102Z - Received json message of type GET_ESTIMATED_TASK_TIMINGS
[NX v22.5.1 Daemon Server] - 2026-02-18T23:49:21.103Z - Serializing response for GET_ESTIMATED_TASK_TIMINGS message in json mode
[NX v22.5.1 Daemon Server] - 2026-02-18T23:49:21.103Z - Responding to GET_ESTIMATED_TASK_TIMINGS message
[NX v22.5.1 Daemon Server] - 2026-02-18T23:49:21.103Z - [REQUEST]: Responding to the client. handleGetEstimatedTaskTimings
[NX v22.5.1 Daemon Server] - 2026-02-18T23:49:21.103Z - Done responding to the client handleGetEstimatedTaskTimings
[NX v22.5.1 Daemon Server] - 2026-02-18T23:49:21.103Z - Handled json message GET_ESTIMATED_TASK_TIMINGS. Handling time: 1. Response time: 0.
[NX v22.5.1 Daemon Client] - 2026-02-18T23:49:21.103Z - [Messenger] Message sent
[NX v22.5.1 Daemon Client] - 2026-02-18T23:49:21.105Z - [Messenger] Received message, length: 19
[NX v22.5.1 Daemon Client] - 2026-02-18T23:49:21.117Z - [Messenger] Sending message type: OUTPUTS_HASHES_MATCH
[NX v22.5.1 Daemon Client] - 2026-02-18T23:49:21.118Z - [Messenger] Message sent
[NX v22.5.1 Daemon Server] - 2026-02-18T23:49:21.120Z - Received raw message of length 97
[NX v22.5.1 Daemon Server] - 2026-02-18T23:49:21.121Z - Received json message of type OUTPUTS_HASHES_MATCH
[NX v22.5.1 Daemon Server] - 2026-02-18T23:49:21.126Z - Serializing response for OUTPUTS_HASHES_MATCH message in json mode
[NX v22.5.1 Daemon Server] - 2026-02-18T23:49:21.126Z - Responding to OUTPUTS_HASHES_MATCH message
[NX v22.5.1 Daemon Server] - 2026-02-18T23:49:21.126Z - [REQUEST]: Responding to the client. outputsHashesMatch
[NX v22.5.1 Daemon Server] - 2026-02-18T23:49:21.127Z - Done responding to the client outputsHashesMatch
[NX v22.5.1 Daemon Server] - 2026-02-18T23:49:21.127Z - Handled json message OUTPUTS_HASHES_MATCH. Handling time: 5. Response time: 1.
[NX v22.5.1 Daemon Client] - 2026-02-18T23:49:21.129Z - [Messenger] Received message, length: 5
[NX v22.5.1 Daemon Client] - 2026-02-18T23:49:21.133Z - [Messenger] Sending message type: RECORD_OUTPUTS_HASH
[NX v22.5.1 Daemon Client] - 2026-02-18T23:49:21.134Z - [Messenger] Message sent
[NX v22.5.1 Daemon Server] - 2026-02-18T23:49:21.134Z - Received raw message of length 96
[NX v22.5.1 Daemon Server] - 2026-02-18T23:49:21.134Z - Received json message of type RECORD_OUTPUTS_HASH
[NX v22.5.1 Daemon Server] - 2026-02-18T23:49:21.139Z - Serializing response for RECORD_OUTPUTS_HASH message in json mode
[NX v22.5.1 Daemon Server] - 2026-02-18T23:49:21.139Z - Responding to RECORD_OUTPUTS_HASH message
[NX v22.5.1 Daemon Server] - 2026-02-18T23:49:21.139Z - [REQUEST]: Responding to the client. recordOutputsHash
[NX v22.5.1 Daemon Client] - 2026-02-18T23:49:21.140Z - [Messenger] Received message, length: 2
[NX v22.5.1 Daemon Server] - 2026-02-18T23:49:21.143Z - Done responding to the client recordOutputsHash
[NX v22.5.1 Daemon Server] - 2026-02-18T23:49:21.143Z - Handled json message RECORD_OUTPUTS_HASH. Handling time: 5. Response time: 4.
[NX v22.5.1 Daemon Server] - 2026-02-18T23:49:22.304Z - Established a connection. Number of open connections: 4
[NX v22.5.1 Daemon Server] - 2026-02-18T23:49:22.305Z - Closed a connection. Number of open connections: 3
[NX v22.5.1 Daemon Server] - 2026-02-18T23:49:22.308Z - Established a connection. Number of open connections: 4
[NX v22.5.1 Daemon Client] - 2026-02-18T23:49:22.308Z - [Messenger] Setting up socket listeners
[NX v22.5.1 Daemon Client] - 2026-02-18T23:49:22.309Z - [Messenger] listen() complete
[NX v22.5.1 Daemon Client] - 2026-02-18T23:49:22.310Z - [Messenger] Sending message type: REQUEST_PROJECT_GRAPH
[NX v22.5.1 Daemon Client] - 2026-02-18T23:49:22.311Z - [Messenger] Message sent
[NX v22.5.1 Daemon Server] - 2026-02-18T23:49:22.399Z - Received raw message of length 32
[NX v22.5.1 Daemon Server] - 2026-02-18T23:49:22.399Z - Received json message of type REQUEST_PROJECT_GRAPH
[NX v22.5.1 Daemon Server] - 2026-02-18T23:49:22.399Z - [REQUEST]: Client Request for Project Graph Received
[NX v22.5.1 Daemon Server] - 2026-02-18T23:49:22.400Z - Reusing in-memory cached project graph because no files changed.
[NX v22.5.1 Daemon Server] - 2026-02-18T23:49:22.416Z - Wrote project graph cache to /home/poukam-tech/project/marizona/.nx/workspace-data/project-graph.json
[NX v22.5.1 Daemon Server] - 2026-02-18T23:49:22.417Z - Serializing response for REQUEST_PROJECT_GRAPH message in json mode
[NX v22.5.1 Daemon Server] - 2026-02-18T23:49:22.417Z - Responding to REQUEST_PROJECT_GRAPH message
[NX v22.5.1 Daemon Server] - 2026-02-18T23:49:22.417Z - [REQUEST]: Responding to the client. project-graph
[NX v22.5.1 Daemon Server] - 2026-02-18T23:49:22.420Z - Time taken for 'total for creating and serializing project graph' 17.346500999992713ms
[NX v22.5.1 Daemon Server] - 2026-02-18T23:49:22.427Z - Done responding to the client project-graph
[NX v22.5.1 Daemon Server] - 2026-02-18T23:49:22.427Z - Handled json message REQUEST_PROJECT_GRAPH. Handling time: 18. Response time: 10.
[NX v22.5.1 Daemon Client] - 2026-02-18T23:49:22.435Z - [Messenger] Received message, length: 1341409
[NX v22.5.1 Daemon Server] - 2026-02-18T23:49:22.453Z - Established a connection. Number of open connections: 5
[NX v22.5.1 Daemon Client] - 2026-02-18T23:49:22.453Z - [Messenger] Setting up socket listeners
[NX v22.5.1 Daemon Client] - 2026-02-18T23:49:22.454Z - [Messenger] listen() complete
[NX v22.5.1 Daemon Client] - 2026-02-18T23:49:22.454Z - [Messenger] Sending message type: REGISTER_FILE_WATCHER
[NX v22.5.1 Daemon Client] - 2026-02-18T23:49:22.454Z - [Messenger] Message sent
[NX v22.5.1 Daemon Server] - 2026-02-18T23:49:22.468Z - Received raw message of length 99
[NX v22.5.1 Daemon Server] - 2026-02-18T23:49:22.468Z - Received json message of type REGISTER_FILE_WATCHER
[NX v22.5.1 Daemon Server] - 2026-02-18T23:49:22.818Z - Established a connection. Number of open connections: 6
[NX v22.5.1 Daemon Server] - 2026-02-18T23:49:22.825Z - Established a connection. Number of open connections: 7
[NX v22.5.1 Daemon Server] - 2026-02-18T23:49:22.825Z - Closed a connection. Number of open connections: 6
[NX v22.5.1 Daemon Server] - 2026-02-18T23:49:22.826Z - Closed a connection. Number of open connections: 5
[NX v22.5.1 Daemon Server] - 2026-02-18T23:49:22.827Z - Established a connection. Number of open connections: 6
[NX v22.5.1 Daemon Client] - 2026-02-18T23:49:22.827Z - [Messenger] Setting up socket listeners
[NX v22.5.1 Daemon Client] - 2026-02-18T23:49:22.828Z - [Messenger] listen() complete
[NX v22.5.1 Daemon Client] - 2026-02-18T23:49:22.830Z - [Messenger] Sending message type: GET_NX_CONSOLE_STATUS
[NX v22.5.1 Daemon Client] - 2026-02-18T23:49:22.831Z - [Messenger] Message sent
[NX v22.5.1 Daemon Server] - 2026-02-18T23:49:22.911Z - Received raw message of length 32
[NX v22.5.1 Daemon Server] - 2026-02-18T23:49:22.911Z - Received json message of type GET_NX_CONSOLE_STATUS
[NX v22.5.1 Daemon Server] - 2026-02-18T23:49:22.912Z - Serializing response for GET_NX_CONSOLE_STATUS message in json mode
[NX v22.5.1 Daemon Server] - 2026-02-18T23:49:22.912Z - Responding to GET_NX_CONSOLE_STATUS message
[NX v22.5.1 Daemon Server] - 2026-02-18T23:49:22.912Z - [REQUEST]: Responding to the client. handleGetNxConsoleStatus
[NX v22.5.1 Daemon Server] - 2026-02-18T23:49:22.912Z - Done responding to the client handleGetNxConsoleStatus
[NX v22.5.1 Daemon Server] - 2026-02-18T23:49:22.912Z - Handled json message GET_NX_CONSOLE_STATUS. Handling time: 0. Response time: 0.
[NX v22.5.1 Daemon Client] - 2026-02-18T23:49:22.913Z - [Messenger] Received message, length: 22
[NX v22.5.1 Daemon Client] - 2026-02-18T23:49:23.065Z - [Messenger] Sending message type: REQUEST_PROJECT_GRAPH
[NX v22.5.1 Daemon Client] - 2026-02-18T23:49:23.065Z - [Messenger] Message sent
[NX v22.5.1 Daemon Server] - 2026-02-18T23:49:23.065Z - Received raw message of length 32
[NX v22.5.1 Daemon Server] - 2026-02-18T23:49:23.065Z - Received json message of type REQUEST_PROJECT_GRAPH
[NX v22.5.1 Daemon Server] - 2026-02-18T23:49:23.065Z - [REQUEST]: Client Request for Project Graph Received
[NX v22.5.1 Daemon Server] - 2026-02-18T23:49:23.066Z - Reusing in-memory cached project graph because no files changed.
[NX v22.5.1 Daemon Server] - 2026-02-18T23:49:23.110Z - Wrote project graph cache to /home/poukam-tech/project/marizona/.nx/workspace-data/project-graph.json
[NX v22.5.1 Daemon Server] - 2026-02-18T23:49:23.111Z - Serializing response for REQUEST_PROJECT_GRAPH message in json mode
[NX v22.5.1 Daemon Server] - 2026-02-18T23:49:23.111Z - Responding to REQUEST_PROJECT_GRAPH message
[NX v22.5.1 Daemon Server] - 2026-02-18T23:49:23.111Z - [REQUEST]: Responding to the client. project-graph
[NX v22.5.1 Daemon Server] - 2026-02-18T23:49:23.113Z - Time taken for 'total for creating and serializing project graph' 45.14151799993124ms
[NX v22.5.1 Daemon Server] - 2026-02-18T23:49:23.117Z - Done responding to the client project-graph
[NX v22.5.1 Daemon Server] - 2026-02-18T23:49:23.117Z - Handled json message REQUEST_PROJECT_GRAPH. Handling time: 46. Response time: 6.
[NX v22.5.1 Daemon Client] - 2026-02-18T23:49:23.118Z - [Messenger] Received message, length: 1341409
[NX v22.5.1 Daemon Client] - 2026-02-18T23:49:23.136Z - [Messenger] Sending message type: PRE_TASKS_EXECUTION
[NX v22.5.1 Daemon Client] - 2026-02-18T23:49:23.137Z - [Messenger] Message sent
[NX v22.5.1 Daemon Server] - 2026-02-18T23:49:23.137Z - Received raw message of length 1631
[NX v22.5.1 Daemon Server] - 2026-02-18T23:49:23.137Z - Received json message of type PRE_TASKS_EXECUTION
[NX v22.5.1 Daemon Server] - 2026-02-18T23:49:23.137Z - Serializing response for PRE_TASKS_EXECUTION message in json mode
[NX v22.5.1 Daemon Server] - 2026-02-18T23:49:23.138Z - Responding to PRE_TASKS_EXECUTION message
[NX v22.5.1 Daemon Server] - 2026-02-18T23:49:23.138Z - [REQUEST]: Responding to the client. handleRunPreTasksExecution
[NX v22.5.1 Daemon Client] - 2026-02-18T23:49:23.138Z - [Messenger] Received message, length: 2
[NX v22.5.1 Daemon Server] - 2026-02-18T23:49:23.140Z - Done responding to the client handleRunPreTasksExecution
[NX v22.5.1 Daemon Server] - 2026-02-18T23:49:23.140Z - Handled json message PRE_TASKS_EXECUTION. Handling time: 0. Response time: 3.
[NX v22.5.1 Daemon Server] - 2026-02-18T23:49:23.140Z - Time taken for 'preTasksExecution' 0.2728979999665171ms
[NX v22.5.1 Daemon Client] - 2026-02-18T23:49:23.179Z - [Messenger] Sending message type: HASH_TASKS
[NX v22.5.1 Daemon Client] - 2026-02-18T23:49:23.180Z - [Messenger] Message sent
[NX v22.5.1 Daemon Server] - 2026-02-18T23:49:23.180Z - Received raw message of length 8737
[NX v22.5.1 Daemon Server] - 2026-02-18T23:49:23.180Z - Received json message of type HASH_TASKS
[NX v22.5.1 Daemon Server] - 2026-02-18T23:49:23.181Z - Reusing in-memory cached project graph because no files changed.
[NX v22.5.1 Daemon Server] - 2026-02-18T23:49:23.198Z - Wrote project graph cache to /home/poukam-tech/project/marizona/.nx/workspace-data/project-graph.json
DEBUG nx::native::tasks::hash_planner: get_plans_internal COMPLETED in 10.583629ms - processed 1 tasks (setup: 10.026239ms, parallel_planning: 543.63µs)
DEBUG nx::native::tasks::hashers::hash_workspace_files: Hashing workspace fileset with inputs: Adding "12475982618692230973" (".gitignore") to hash
DEBUG nx::native::tasks::hashers::hash_workspace_files: Hashing workspace fileset with inputs: Adding "8516195800549599522" (".nxignore") to hash
DEBUG nx::native::tasks::hashers::hash_workspace_files: Hashing workspace fileset with inputs: Adding "614954295243266697" ("nx.json") to hash
DEBUG nx::native::tasks::hashers::hash_workspace_files: Hashing workspace fileset with inputs: Hash Value: "16382247164987548109"
DEBUG nx::native::tasks::task_hasher: hash_plans COMPLETED in 11.726841ms - processed 1 plans (setup: 2.003792ms, hashing: 9.711594ms, assembly: 2.540171ms)
[NX v22.5.1 Daemon Server] - 2026-02-18T23:49:23.223Z - Serializing response for HASH_TASKS message in json mode
[NX v22.5.1 Daemon Server] - 2026-02-18T23:49:23.224Z - Responding to HASH_TASKS message
[NX v22.5.1 Daemon Server] - 2026-02-18T23:49:23.224Z - [REQUEST]: Responding to the client. handleHashTasks
[NX v22.5.1 Daemon Server] - 2026-02-18T23:49:23.224Z - Done responding to the client handleHashTasks
[NX v22.5.1 Daemon Server] - 2026-02-18T23:49:23.225Z - Handled json message HASH_TASKS. Handling time: 43. Response time: 2.
[NX v22.5.1 Daemon Server] - 2026-02-18T23:49:23.225Z - Time taken for 'write cache' 17.288372999988496ms
[NX v22.5.1 Daemon Client] - 2026-02-18T23:49:23.226Z - [Messenger] Received message, length: 77571
[NX v22.5.1 Daemon Client] - 2026-02-18T23:49:23.247Z - [Messenger] Sending message type: GET_ESTIMATED_TASK_TIMINGS
[NX v22.5.1 Daemon Server] - 2026-02-18T23:49:23.248Z - Received raw message of length 114
[NX v22.5.1 Daemon Server] - 2026-02-18T23:49:23.248Z - Received json message of type GET_ESTIMATED_TASK_TIMINGS
[NX v22.5.1 Daemon Client] - 2026-02-18T23:49:23.248Z - [Messenger] Message sent
[NX v22.5.1 Daemon Server] - 2026-02-18T23:49:23.248Z - Serializing response for GET_ESTIMATED_TASK_TIMINGS message in json mode
[NX v22.5.1 Daemon Server] - 2026-02-18T23:49:23.248Z - Responding to GET_ESTIMATED_TASK_TIMINGS message
[NX v22.5.1 Daemon Server] - 2026-02-18T23:49:23.248Z - [REQUEST]: Responding to the client. handleGetEstimatedTaskTimings
[NX v22.5.1 Daemon Server] - 2026-02-18T23:49:23.249Z - Done responding to the client handleGetEstimatedTaskTimings
[NX v22.5.1 Daemon Server] - 2026-02-18T23:49:23.249Z - Handled json message GET_ESTIMATED_TASK_TIMINGS. Handling time: 0. Response time: 1.
[NX v22.5.1 Daemon Client] - 2026-02-18T23:49:23.250Z - [Messenger] Received message, length: 31
[NX v22.5.1 Daemon Client] - 2026-02-18T23:49:23.261Z - [Messenger] Sending message type: OUTPUTS_HASHES_MATCH
[NX v22.5.1 Daemon Client] - 2026-02-18T23:49:23.261Z - [Messenger] Message sent
[NX v22.5.1 Daemon Server] - 2026-02-18T23:49:23.261Z - Received raw message of length 98
[NX v22.5.1 Daemon Server] - 2026-02-18T23:49:23.261Z - Received json message of type OUTPUTS_HASHES_MATCH
[NX v22.5.1 Daemon Server] - 2026-02-18T23:49:23.266Z - Serializing response for OUTPUTS_HASHES_MATCH message in json mode
[NX v22.5.1 Daemon Server] - 2026-02-18T23:49:23.266Z - Responding to OUTPUTS_HASHES_MATCH message
[NX v22.5.1 Daemon Server] - 2026-02-18T23:49:23.266Z - [REQUEST]: Responding to the client. outputsHashesMatch
[NX v22.5.1 Daemon Server] - 2026-02-18T23:49:23.266Z - Done responding to the client outputsHashesMatch
[NX v22.5.1 Daemon Server] - 2026-02-18T23:49:23.266Z - Handled json message OUTPUTS_HASHES_MATCH. Handling time: 5. Response time: 0.
[NX v22.5.1 Daemon Client] - 2026-02-18T23:49:23.267Z - [Messenger] Received message, length: 5
[NX v22.5.1 Daemon Client] - 2026-02-18T23:49:23.273Z - [Messenger] Sending message type: RECORD_OUTPUTS_HASH
[NX v22.5.1 Daemon Client] - 2026-02-18T23:49:23.273Z - [Messenger] Message sent
[NX v22.5.1 Daemon Server] - 2026-02-18T23:49:23.273Z - Received raw message of length 97
[NX v22.5.1 Daemon Server] - 2026-02-18T23:49:23.273Z - Received json message of type RECORD_OUTPUTS_HASH
[NX v22.5.1 Daemon Server] - 2026-02-18T23:49:23.278Z - Serializing response for RECORD_OUTPUTS_HASH message in json mode
[NX v22.5.1 Daemon Server] - 2026-02-18T23:49:23.278Z - Responding to RECORD_OUTPUTS_HASH message
[NX v22.5.1 Daemon Server] - 2026-02-18T23:49:23.278Z - [REQUEST]: Responding to the client. recordOutputsHash
[NX v22.5.1 Daemon Server] - 2026-02-18T23:49:23.278Z - Done responding to the client recordOutputsHash
[NX v22.5.1 Daemon Server] - 2026-02-18T23:49:23.278Z - Handled json message RECORD_OUTPUTS_HASH. Handling time: 4. Response time: 0.
[NX v22.5.1 Daemon Client] - 2026-02-18T23:49:23.278Z - [Messenger] Received message, length: 2
[NX v22.5.1 Daemon Client] - 2026-02-18T23:49:23.284Z - [Messenger] Sending message type: RECORD_TASK_RUNS
[NX v22.5.1 Daemon Client] - 2026-02-18T23:49:23.284Z - [Messenger] Message sent
[NX v22.5.1 Daemon Server] - 2026-02-18T23:49:23.285Z - Received raw message of length 237
[NX v22.5.1 Daemon Server] - 2026-02-18T23:49:23.285Z - Received json message of type RECORD_TASK_RUNS
[NX v22.5.1 Daemon Server] - 2026-02-18T23:49:23.295Z - Serializing response for RECORD_TASK_RUNS message in json mode
[NX v22.5.1 Daemon Server] - 2026-02-18T23:49:23.295Z - Responding to RECORD_TASK_RUNS message
[NX v22.5.1 Daemon Server] - 2026-02-18T23:49:23.296Z - [REQUEST]: Responding to the client. handleRecordTaskRuns
[NX v22.5.1 Daemon Server] - 2026-02-18T23:49:23.296Z - Done responding to the client handleRecordTaskRuns
[NX v22.5.1 Daemon Server] - 2026-02-18T23:49:23.296Z - Handled json message RECORD_TASK_RUNS. Handling time: 10. Response time: 1.
[NX v22.5.1 Daemon Client] - 2026-02-18T23:49:23.303Z - [Messenger] Received message, length: 4
[NX v22.5.1 Daemon Client] - 2026-02-18T23:49:23.304Z - [Messenger] Sending message type: GET_FLAKY_TASKS
[NX v22.5.1 Daemon Client] - 2026-02-18T23:49:23.304Z - [Messenger] Message sent
[NX v22.5.1 Daemon Server] - 2026-02-18T23:49:23.304Z - Received raw message of length 60
[NX v22.5.1 Daemon Server] - 2026-02-18T23:49:23.305Z - Received json message of type GET_FLAKY_TASKS
[NX v22.5.1 Daemon Server] - 2026-02-18T23:49:23.305Z - Serializing response for GET_FLAKY_TASKS message in json mode
[NX v22.5.1 Daemon Server] - 2026-02-18T23:49:23.305Z - Responding to GET_FLAKY_TASKS message
[NX v22.5.1 Daemon Server] - 2026-02-18T23:49:23.305Z - [REQUEST]: Responding to the client. handleGetFlakyTasks
[NX v22.5.1 Daemon Server] - 2026-02-18T23:49:23.305Z - Done responding to the client handleGetFlakyTasks
[NX v22.5.1 Daemon Server] - 2026-02-18T23:49:23.305Z - Handled json message GET_FLAKY_TASKS. Handling time: 0. Response time: 0.
[NX v22.5.1 Daemon Client] - 2026-02-18T23:49:23.308Z - [Messenger] Received message, length: 2
[NX v22.5.1 Daemon Client] - 2026-02-18T23:49:23.314Z - [Messenger] Sending message type: POST_TASKS_EXECUTION
[NX v22.5.1 Daemon Server] - 2026-02-18T23:49:23.318Z - Received raw message of length 49648
[NX v22.5.1 Daemon Server] - 2026-02-18T23:49:23.319Z - Received json message of type POST_TASKS_EXECUTION
[NX v22.5.1 Daemon Server] - 2026-02-18T23:49:23.320Z - Serializing response for POST_TASKS_EXECUTION message in json mode
[NX v22.5.1 Daemon Server] - 2026-02-18T23:49:23.320Z - Responding to POST_TASKS_EXECUTION message
[NX v22.5.1 Daemon Server] - 2026-02-18T23:49:23.320Z - [REQUEST]: Responding to the client. handleRunPostTasksExecution
[NX v22.5.1 Daemon Server] - 2026-02-18T23:49:23.320Z - Done responding to the client handleRunPostTasksExecution
[NX v22.5.1 Daemon Server] - 2026-02-18T23:49:23.320Z - Handled json message POST_TASKS_EXECUTION. Handling time: 1. Response time: 0.
[NX v22.5.1 Daemon Server] - 2026-02-18T23:49:23.320Z - Time taken for 'postTasksExecution' 0.28363800002261996ms
[NX v22.5.1 Daemon Client] - 2026-02-18T23:49:23.318Z - [Messenger] Message sent
[NX v22.5.1 Daemon Client] - 2026-02-18T23:49:23.320Z - [Messenger] Received message, length: 4
[NX v22.5.1 Daemon Server] - 2026-02-18T23:49:23.335Z - Closed a connection. Number of open connections: 5
[NX v22.5.1 Daemon Server] - 2026-02-18T23:50:19.582Z - [WATCHER]: Processing file changes in outputs
[NX v22.5.1 Daemon Server] - 2026-02-18T23:50:24.189Z - Closed a connection. Number of open connections: 4
[NX v22.5.1 Daemon Client] - 2026-02-18T23:50:24.199Z - [Messenger] Sending message type: RECORD_TASK_RUNS
[NX v22.5.1 Daemon Client] - 2026-02-18T23:50:24.200Z - [Messenger] Message sent
[NX v22.5.1 Daemon Server] - 2026-02-18T23:50:24.201Z - Received raw message of length 206
[NX v22.5.1 Daemon Server] - 2026-02-18T23:50:24.201Z - Received json message of type RECORD_TASK_RUNS
[NX v22.5.1 Daemon Server] - 2026-02-18T23:50:24.204Z - Serializing response for RECORD_TASK_RUNS message in json mode
[NX v22.5.1 Daemon Server] - 2026-02-18T23:50:24.204Z - Responding to RECORD_TASK_RUNS message
[NX v22.5.1 Daemon Server] - 2026-02-18T23:50:24.204Z - [REQUEST]: Responding to the client. handleRecordTaskRuns
[NX v22.5.1 Daemon Server] - 2026-02-18T23:50:24.204Z - Done responding to the client handleRecordTaskRuns
[NX v22.5.1 Daemon Server] - 2026-02-18T23:50:24.204Z - Handled json message RECORD_TASK_RUNS. Handling time: 3. Response time: 0.
[NX v22.5.1 Daemon Client] - 2026-02-18T23:50:24.206Z - [Messenger] Received message, length: 4
[NX v22.5.1 Daemon Client] - 2026-02-18T23:50:24.207Z - [Messenger] Sending message type: GET_FLAKY_TASKS
[NX v22.5.1 Daemon Client] - 2026-02-18T23:50:24.207Z - [Messenger] Message sent
[NX v22.5.1 Daemon Client] - 2026-02-18T23:50:24.209Z - [FileWatcher] Socket closed, triggering reconnection
[NX v22.5.1 Daemon Server] - 2026-02-18T23:50:24.211Z - Received raw message of length 59
[NX v22.5.1 Daemon Server] - 2026-02-18T23:50:24.211Z - Received json message of type GET_FLAKY_TASKS
[NX v22.5.1 Daemon Server] - 2026-02-18T23:50:24.211Z - Serializing response for GET_FLAKY_TASKS message in json mode
[NX v22.5.1 Daemon Server] - 2026-02-18T23:50:24.211Z - Responding to GET_FLAKY_TASKS message
[NX v22.5.1 Daemon Server] - 2026-02-18T23:50:24.212Z - [REQUEST]: Responding to the client. handleGetFlakyTasks
[NX v22.5.1 Daemon Server] - 2026-02-18T23:50:24.213Z - Done responding to the client handleGetFlakyTasks
[NX v22.5.1 Daemon Server] - 2026-02-18T23:50:24.213Z - Handled json message GET_FLAKY_TASKS. Handling time: 0. Response time: 2.
[NX v22.5.1 Daemon Client] - 2026-02-18T23:50:24.213Z - [Messenger] Received message, length: 2
[NX v22.5.1 Daemon Client] - 2026-02-18T23:50:24.238Z - [Messenger] Sending message type: POST_TASKS_EXECUTION
[NX v22.5.1 Daemon Client] - 2026-02-18T23:50:24.239Z - [Messenger] Message sent
[NX v22.5.1 Daemon Server] - 2026-02-18T23:50:24.240Z - Received raw message of length 49572
[NX v22.5.1 Daemon Server] - 2026-02-18T23:50:24.241Z - Received json message of type POST_TASKS_EXECUTION
[NX v22.5.1 Daemon Server] - 2026-02-18T23:50:24.243Z - Serializing response for POST_TASKS_EXECUTION message in json mode
[NX v22.5.1 Daemon Server] - 2026-02-18T23:50:24.244Z - Responding to POST_TASKS_EXECUTION message
[NX v22.5.1 Daemon Server] - 2026-02-18T23:50:24.244Z - [REQUEST]: Responding to the client. handleRunPostTasksExecution
[NX v22.5.1 Daemon Server] - 2026-02-18T23:50:24.244Z - Done responding to the client handleRunPostTasksExecution
[NX v22.5.1 Daemon Server] - 2026-02-18T23:50:24.244Z - Handled json message POST_TASKS_EXECUTION. Handling time: 2. Response time: 1.
[NX v22.5.1 Daemon Server] - 2026-02-18T23:50:24.244Z - Time taken for 'postTasksExecution' 2.273336000042036ms
[NX v22.5.1 Daemon Client] - 2026-02-18T23:50:24.244Z - [Messenger] Received message, length: 4
[NX v22.5.1 Daemon Server] - 2026-02-18T23:50:24.263Z - Closed a connection. Number of open connections: 3
[NX v22.5.1 Daemon Server] - 2026-02-18T23:50:24.272Z - Closed a connection. Number of open connections: 2
[NX v22.5.1 Daemon Server] - 2026-02-18T23:50:26.890Z - Established a connection. Number of open connections: 3
[NX v22.5.1 Daemon Server] - 2026-02-18T23:50:26.892Z - Closed a connection. Number of open connections: 2
[NX v22.5.1 Daemon Server] - 2026-02-18T23:50:26.894Z - Established a connection. Number of open connections: 3
[NX v22.5.1 Daemon Server] - 2026-02-18T23:50:26.895Z - Established a connection. Number of open connections: 4
[NX v22.5.1 Daemon Server] - 2026-02-18T23:50:26.895Z - Closed a connection. Number of open connections: 3
[NX v22.5.1 Daemon Client] - 2026-02-18T23:50:26.895Z - [Messenger] Setting up socket listeners
[NX v22.5.1 Daemon Client] - 2026-02-18T23:50:26.896Z - [Messenger] listen() complete
[NX v22.5.1 Daemon Client] - 2026-02-18T23:50:26.897Z - [Messenger] Sending message type: GET_NX_CONSOLE_STATUS
[NX v22.5.1 Daemon Client] - 2026-02-18T23:50:26.898Z - [Messenger] Message sent
[NX v22.5.1 Daemon Server] - 2026-02-18T23:50:26.974Z - Received raw message of length 32
[NX v22.5.1 Daemon Server] - 2026-02-18T23:50:26.974Z - Received json message of type GET_NX_CONSOLE_STATUS
[NX v22.5.1 Daemon Server] - 2026-02-18T23:50:26.974Z - Serializing response for GET_NX_CONSOLE_STATUS message in json mode
[NX v22.5.1 Daemon Server] - 2026-02-18T23:50:26.974Z - Responding to GET_NX_CONSOLE_STATUS message
[NX v22.5.1 Daemon Server] - 2026-02-18T23:50:26.974Z - [REQUEST]: Responding to the client. handleGetNxConsoleStatus
[NX v22.5.1 Daemon Server] - 2026-02-18T23:50:26.974Z - Done responding to the client handleGetNxConsoleStatus
[NX v22.5.1 Daemon Server] - 2026-02-18T23:50:26.974Z - Handled json message GET_NX_CONSOLE_STATUS. Handling time: 0. Response time: 0.
[NX v22.5.1 Daemon Client] - 2026-02-18T23:50:26.974Z - [Messenger] Received message, length: 22
[NX v22.5.1 Daemon Client] - 2026-02-18T23:50:27.034Z - [Messenger] Sending message type: REQUEST_PROJECT_GRAPH
[NX v22.5.1 Daemon Client] - 2026-02-18T23:50:27.034Z - [Messenger] Message sent
[NX v22.5.1 Daemon Server] - 2026-02-18T23:50:27.034Z - Received raw message of length 32
[NX v22.5.1 Daemon Server] - 2026-02-18T23:50:27.034Z - Received json message of type REQUEST_PROJECT_GRAPH
[NX v22.5.1 Daemon Server] - 2026-02-18T23:50:27.034Z - [REQUEST]: Client Request for Project Graph Received
[NX v22.5.1 Daemon Server] - 2026-02-18T23:50:27.035Z - Reusing in-memory cached project graph because no files changed.
[NX v22.5.1 Daemon Server] - 2026-02-18T23:50:27.051Z - Wrote project graph cache to /home/poukam-tech/project/marizona/.nx/workspace-data/project-graph.json
[NX v22.5.1 Daemon Server] - 2026-02-18T23:50:27.051Z - Serializing response for REQUEST_PROJECT_GRAPH message in json mode
[NX v22.5.1 Daemon Server] - 2026-02-18T23:50:27.051Z - Responding to REQUEST_PROJECT_GRAPH message
[NX v22.5.1 Daemon Server] - 2026-02-18T23:50:27.051Z - [REQUEST]: Responding to the client. project-graph
[NX v22.5.1 Daemon Server] - 2026-02-18T23:50:27.053Z - Time taken for 'total for creating and serializing project graph' 16.466623999993317ms
[NX v22.5.1 Daemon Server] - 2026-02-18T23:50:27.057Z - Done responding to the client project-graph
[NX v22.5.1 Daemon Server] - 2026-02-18T23:50:27.057Z - Handled json message REQUEST_PROJECT_GRAPH. Handling time: 17. Response time: 6.
[NX v22.5.1 Daemon Client] - 2026-02-18T23:50:27.058Z - [Messenger] Received message, length: 1341409
[NX v22.5.1 Daemon Client] - 2026-02-18T23:50:27.069Z - [Messenger] Sending message type: PRE_TASKS_EXECUTION
[NX v22.5.1 Daemon Client] - 2026-02-18T23:50:27.069Z - [Messenger] Message sent
[NX v22.5.1 Daemon Server] - 2026-02-18T23:50:27.070Z - Received raw message of length 1610
[NX v22.5.1 Daemon Server] - 2026-02-18T23:50:27.070Z - Received json message of type PRE_TASKS_EXECUTION
[NX v22.5.1 Daemon Server] - 2026-02-18T23:50:27.070Z - Serializing response for PRE_TASKS_EXECUTION message in json mode
[NX v22.5.1 Daemon Server] - 2026-02-18T23:50:27.070Z - Responding to PRE_TASKS_EXECUTION message
[NX v22.5.1 Daemon Server] - 2026-02-18T23:50:27.070Z - [REQUEST]: Responding to the client. handleRunPreTasksExecution
[NX v22.5.1 Daemon Server] - 2026-02-18T23:50:27.070Z - Done responding to the client handleRunPreTasksExecution
[NX v22.5.1 Daemon Server] - 2026-02-18T23:50:27.070Z - Handled json message PRE_TASKS_EXECUTION. Handling time: 0. Response time: 0.
[NX v22.5.1 Daemon Client] - 2026-02-18T23:50:27.070Z - [Messenger] Received message, length: 2
[NX v22.5.1 Daemon Server] - 2026-02-18T23:50:27.070Z - Time taken for 'preTasksExecution' 0.2569150000344962ms
[NX v22.5.1 Daemon Client] - 2026-02-18T23:50:27.157Z - [Messenger] Sending message type: HASH_TASKS
[NX v22.5.1 Daemon Client] - 2026-02-18T23:50:27.157Z - [Messenger] Message sent
[NX v22.5.1 Daemon Server] - 2026-02-18T23:50:27.157Z - Received raw message of length 8758
[NX v22.5.1 Daemon Server] - 2026-02-18T23:50:27.158Z - Received json message of type HASH_TASKS
[NX v22.5.1 Daemon Server] - 2026-02-18T23:50:27.158Z - Reusing in-memory cached project graph because no files changed.
[NX v22.5.1 Daemon Server] - 2026-02-18T23:50:27.171Z - Wrote project graph cache to /home/poukam-tech/project/marizona/.nx/workspace-data/project-graph.json
DEBUG nx::native::tasks::hash_planner: get_plans_internal COMPLETED in 12.193147ms - processed 2 tasks (setup: 10.150393ms, parallel_planning: 2.029315ms)
DEBUG nx::native::tasks::hashers::hash_workspace_files: Hashing workspace fileset with inputs: Adding "12475982618692230973" (".gitignore") to hash
DEBUG nx::native::tasks::hashers::hash_workspace_files: Hashing workspace fileset with inputs: Adding "8516195800549599522" (".nxignore") to hash
DEBUG nx::native::tasks::hashers::hash_workspace_files: Hashing workspace fileset with inputs: Adding "614954295243266697" ("nx.json") to hash
DEBUG nx::native::tasks::hashers::hash_workspace_files: Hashing workspace fileset with inputs: Hash Value: "16382247164987548109"
DEBUG nx::native::tasks::hashers::hash_workspace_files: Hashing workspace fileset with inputs: Adding "12475982618692230973" (".gitignore") to hash
DEBUG nx::native::tasks::hashers::hash_workspace_files: Hashing workspace fileset with inputs: Adding "8516195800549599522" (".nxignore") to hash
DEBUG nx::native::tasks::hashers::hash_workspace_files: Hashing workspace fileset with inputs: Adding "614954295243266697" ("nx.json") to hash
DEBUG nx::native::tasks::hashers::hash_workspace_files: Hashing workspace fileset with inputs: Hash Value: "16382247164987548109"
DEBUG nx::native::tasks::task_hasher: hash_plans COMPLETED in 24.871283ms - processed 2 plans (setup: 1.617121ms, hashing: 23.246862ms, assembly: 10.738926ms)
[NX v22.5.1 Daemon Server] - 2026-02-18T23:50:27.213Z - Serializing response for HASH_TASKS message in json mode
[NX v22.5.1 Daemon Server] - 2026-02-18T23:50:27.215Z - Responding to HASH_TASKS message
[NX v22.5.1 Daemon Server] - 2026-02-18T23:50:27.215Z - [REQUEST]: Responding to the client. handleHashTasks
[NX v22.5.1 Daemon Server] - 2026-02-18T23:50:27.216Z - Done responding to the client handleHashTasks
[NX v22.5.1 Daemon Server] - 2026-02-18T23:50:27.216Z - Handled json message HASH_TASKS. Handling time: 55. Response time: 3.
[NX v22.5.1 Daemon Client] - 2026-02-18T23:50:27.217Z - [Messenger] Received message, length: 154877
[NX v22.5.1 Daemon Server] - 2026-02-18T23:50:27.218Z - Time taken for 'write cache' 13.23778699990362ms
[NX v22.5.1 Daemon Client] - 2026-02-18T23:50:27.241Z - [Messenger] Sending message type: GET_ESTIMATED_TASK_TIMINGS
[NX v22.5.1 Daemon Client] - 2026-02-18T23:50:27.242Z - [Messenger] Message sent
[NX v22.5.1 Daemon Server] - 2026-02-18T23:50:27.243Z - Received raw message of length 149
[NX v22.5.1 Daemon Server] - 2026-02-18T23:50:27.243Z - Received json message of type GET_ESTIMATED_TASK_TIMINGS
[NX v22.5.1 Daemon Server] - 2026-02-18T23:50:27.244Z - Serializing response for GET_ESTIMATED_TASK_TIMINGS message in json mode
[NX v22.5.1 Daemon Server] - 2026-02-18T23:50:27.244Z - Responding to GET_ESTIMATED_TASK_TIMINGS message
[NX v22.5.1 Daemon Server] - 2026-02-18T23:50:27.244Z - [REQUEST]: Responding to the client. handleGetEstimatedTaskTimings
[NX v22.5.1 Daemon Server] - 2026-02-18T23:50:27.244Z - Done responding to the client handleGetEstimatedTaskTimings
[NX v22.5.1 Daemon Server] - 2026-02-18T23:50:27.244Z - Handled json message GET_ESTIMATED_TASK_TIMINGS. Handling time: 1. Response time: 0.
[NX v22.5.1 Daemon Client] - 2026-02-18T23:50:27.245Z - [Messenger] Received message, length: 19
[NX v22.5.1 Daemon Client] - 2026-02-18T23:50:27.254Z - [Messenger] Sending message type: OUTPUTS_HASHES_MATCH
[NX v22.5.1 Daemon Server] - 2026-02-18T23:50:27.255Z - Received raw message of length 97
[NX v22.5.1 Daemon Server] - 2026-02-18T23:50:27.255Z - Received json message of type OUTPUTS_HASHES_MATCH
[NX v22.5.1 Daemon Client] - 2026-02-18T23:50:27.256Z - [Messenger] Message sent
[NX v22.5.1 Daemon Server] - 2026-02-18T23:50:27.259Z - Serializing response for OUTPUTS_HASHES_MATCH message in json mode
[NX v22.5.1 Daemon Server] - 2026-02-18T23:50:27.259Z - Responding to OUTPUTS_HASHES_MATCH message
[NX v22.5.1 Daemon Server] - 2026-02-18T23:50:27.259Z - [REQUEST]: Responding to the client. outputsHashesMatch
[NX v22.5.1 Daemon Server] - 2026-02-18T23:50:27.260Z - Done responding to the client outputsHashesMatch
[NX v22.5.1 Daemon Server] - 2026-02-18T23:50:27.260Z - Handled json message OUTPUTS_HASHES_MATCH. Handling time: 4. Response time: 1.
[NX v22.5.1 Daemon Client] - 2026-02-18T23:50:27.260Z - [Messenger] Received message, length: 5
[NX v22.5.1 Daemon Client] - 2026-02-18T23:50:27.264Z - [Messenger] Sending message type: RECORD_OUTPUTS_HASH
[NX v22.5.1 Daemon Client] - 2026-02-18T23:50:27.264Z - [Messenger] Message sent
[NX v22.5.1 Daemon Server] - 2026-02-18T23:50:27.265Z - Received raw message of length 96
[NX v22.5.1 Daemon Server] - 2026-02-18T23:50:27.265Z - Received json message of type RECORD_OUTPUTS_HASH
[NX v22.5.1 Daemon Server] - 2026-02-18T23:50:27.267Z - Serializing response for RECORD_OUTPUTS_HASH message in json mode
[NX v22.5.1 Daemon Server] - 2026-02-18T23:50:27.267Z - Responding to RECORD_OUTPUTS_HASH message
[NX v22.5.1 Daemon Server] - 2026-02-18T23:50:27.267Z - [REQUEST]: Responding to the client. recordOutputsHash
[NX v22.5.1 Daemon Server] - 2026-02-18T23:50:27.268Z - Done responding to the client recordOutputsHash
[NX v22.5.1 Daemon Server] - 2026-02-18T23:50:27.268Z - Handled json message RECORD_OUTPUTS_HASH. Handling time: 2. Response time: 1.
[NX v22.5.1 Daemon Client] - 2026-02-18T23:50:27.270Z - [Messenger] Received message, length: 2
[NX v22.5.1 Daemon Server] - 2026-02-18T23:50:28.350Z - Established a connection. Number of open connections: 4
[NX v22.5.1 Daemon Server] - 2026-02-18T23:50:28.351Z - Closed a connection. Number of open connections: 3
[NX v22.5.1 Daemon Server] - 2026-02-18T23:50:28.354Z - Established a connection. Number of open connections: 4
[NX v22.5.1 Daemon Client] - 2026-02-18T23:50:28.353Z - [Messenger] Setting up socket listeners
[NX v22.5.1 Daemon Client] - 2026-02-18T23:50:28.354Z - [Messenger] listen() complete
[NX v22.5.1 Daemon Client] - 2026-02-18T23:50:28.355Z - [Messenger] Sending message type: REQUEST_PROJECT_GRAPH
[NX v22.5.1 Daemon Client] - 2026-02-18T23:50:28.356Z - [Messenger] Message sent
[NX v22.5.1 Daemon Server] - 2026-02-18T23:50:28.462Z - Received raw message of length 32
[NX v22.5.1 Daemon Server] - 2026-02-18T23:50:28.462Z - Received json message of type REQUEST_PROJECT_GRAPH
[NX v22.5.1 Daemon Server] - 2026-02-18T23:50:28.462Z - [REQUEST]: Client Request for Project Graph Received
[NX v22.5.1 Daemon Server] - 2026-02-18T23:50:28.463Z - Reusing in-memory cached project graph because no files changed.
[NX v22.5.1 Daemon Server] - 2026-02-18T23:50:28.479Z - Wrote project graph cache to /home/poukam-tech/project/marizona/.nx/workspace-data/project-graph.json
[NX v22.5.1 Daemon Server] - 2026-02-18T23:50:28.479Z - Serializing response for REQUEST_PROJECT_GRAPH message in json mode
[NX v22.5.1 Daemon Server] - 2026-02-18T23:50:28.479Z - Responding to REQUEST_PROJECT_GRAPH message
[NX v22.5.1 Daemon Server] - 2026-02-18T23:50:28.479Z - [REQUEST]: Responding to the client. project-graph
[NX v22.5.1 Daemon Server] - 2026-02-18T23:50:28.485Z - Time taken for 'total for creating and serializing project graph' 16.352094000088982ms
[NX v22.5.1 Daemon Server] - 2026-02-18T23:50:28.489Z - Done responding to the client project-graph
[NX v22.5.1 Daemon Server] - 2026-02-18T23:50:28.489Z - Handled json message REQUEST_PROJECT_GRAPH. Handling time: 17. Response time: 10.
[NX v22.5.1 Daemon Client] - 2026-02-18T23:50:28.491Z - [Messenger] Received message, length: 1341409
[NX v22.5.1 Daemon Client] - 2026-02-18T23:50:28.517Z - [Messenger] Setting up socket listeners
[NX v22.5.1 Daemon Client] - 2026-02-18T23:50:28.517Z - [Messenger] listen() complete
[NX v22.5.1 Daemon Client] - 2026-02-18T23:50:28.517Z - [Messenger] Sending message type: REGISTER_FILE_WATCHER
[NX v22.5.1 Daemon Client] - 2026-02-18T23:50:28.518Z - [Messenger] Message sent
[NX v22.5.1 Daemon Server] - 2026-02-18T23:50:28.519Z - Established a connection. Number of open connections: 5
[NX v22.5.1 Daemon Server] - 2026-02-18T23:50:28.532Z - Received raw message of length 99
[NX v22.5.1 Daemon Server] - 2026-02-18T23:50:28.533Z - Received json message of type REGISTER_FILE_WATCHER
[NX v22.5.1 Daemon Server] - 2026-02-18T23:50:28.924Z - Established a connection. Number of open connections: 6
[NX v22.5.1 Daemon Server] - 2026-02-18T23:50:28.930Z - Established a connection. Number of open connections: 7
[NX v22.5.1 Daemon Server] - 2026-02-18T23:50:28.931Z - Closed a connection. Number of open connections: 6
[NX v22.5.1 Daemon Server] - 2026-02-18T23:50:28.932Z - Closed a connection. Number of open connections: 5
[NX v22.5.1 Daemon Server] - 2026-02-18T23:50:28.933Z - Established a connection. Number of open connections: 6
[NX v22.5.1 Daemon Client] - 2026-02-18T23:50:28.933Z - [Messenger] Setting up socket listeners
[NX v22.5.1 Daemon Client] - 2026-02-18T23:50:28.934Z - [Messenger] listen() complete
[NX v22.5.1 Daemon Client] - 2026-02-18T23:50:28.940Z - [Messenger] Sending message type: GET_NX_CONSOLE_STATUS
[NX v22.5.1 Daemon Client] - 2026-02-18T23:50:28.940Z - [Messenger] Message sent
[NX v22.5.1 Daemon Server] - 2026-02-18T23:50:29.025Z - Received raw message of length 32
[NX v22.5.1 Daemon Server] - 2026-02-18T23:50:29.025Z - Received json message of type GET_NX_CONSOLE_STATUS
[NX v22.5.1 Daemon Server] - 2026-02-18T23:50:29.026Z - Serializing response for GET_NX_CONSOLE_STATUS message in json mode
[NX v22.5.1 Daemon Server] - 2026-02-18T23:50:29.026Z - Responding to GET_NX_CONSOLE_STATUS message
[NX v22.5.1 Daemon Server] - 2026-02-18T23:50:29.026Z - [REQUEST]: Responding to the client. handleGetNxConsoleStatus
[NX v22.5.1 Daemon Client] - 2026-02-18T23:50:29.027Z - [Messenger] Received message, length: 22
[NX v22.5.1 Daemon Server] - 2026-02-18T23:50:29.028Z - Done responding to the client handleGetNxConsoleStatus
[NX v22.5.1 Daemon Server] - 2026-02-18T23:50:29.028Z - Handled json message GET_NX_CONSOLE_STATUS. Handling time: 0. Response time: 2.
[NX v22.5.1 Daemon Client] - 2026-02-18T23:50:29.155Z - [Messenger] Sending message type: REQUEST_PROJECT_GRAPH
[NX v22.5.1 Daemon Client] - 2026-02-18T23:50:29.155Z - [Messenger] Message sent
[NX v22.5.1 Daemon Server] - 2026-02-18T23:50:29.156Z - Received raw message of length 32
[NX v22.5.1 Daemon Server] - 2026-02-18T23:50:29.156Z - Received json message of type REQUEST_PROJECT_GRAPH
[NX v22.5.1 Daemon Server] - 2026-02-18T23:50:29.156Z - [REQUEST]: Client Request for Project Graph Received
[NX v22.5.1 Daemon Server] - 2026-02-18T23:50:29.157Z - Reusing in-memory cached project graph because no files changed.
[NX v22.5.1 Daemon Server] - 2026-02-18T23:50:29.183Z - Wrote project graph cache to /home/poukam-tech/project/marizona/.nx/workspace-data/project-graph.json
[NX v22.5.1 Daemon Server] - 2026-02-18T23:50:29.183Z - Serializing response for REQUEST_PROJECT_GRAPH message in json mode
[NX v22.5.1 Daemon Server] - 2026-02-18T23:50:29.183Z - Responding to REQUEST_PROJECT_GRAPH message
[NX v22.5.1 Daemon Server] - 2026-02-18T23:50:29.183Z - [REQUEST]: Responding to the client. project-graph
[NX v22.5.1 Daemon Server] - 2026-02-18T23:50:29.187Z - Time taken for 'total for creating and serializing project graph' 26.515566000016406ms
[NX v22.5.1 Daemon Server] - 2026-02-18T23:50:29.191Z - Done responding to the client project-graph
[NX v22.5.1 Daemon Server] - 2026-02-18T23:50:29.191Z - Handled json message REQUEST_PROJECT_GRAPH. Handling time: 27. Response time: 8.
[NX v22.5.1 Daemon Client] - 2026-02-18T23:50:29.193Z - [Messenger] Received message, length: 1341409
[NX v22.5.1 Daemon Client] - 2026-02-18T23:50:29.215Z - [Messenger] Sending message type: PRE_TASKS_EXECUTION
[NX v22.5.1 Daemon Client] - 2026-02-18T23:50:29.215Z - [Messenger] Message sent
[NX v22.5.1 Daemon Server] - 2026-02-18T23:50:29.215Z - Received raw message of length 1632
[NX v22.5.1 Daemon Server] - 2026-02-18T23:50:29.215Z - Received json message of type PRE_TASKS_EXECUTION
[NX v22.5.1 Daemon Server] - 2026-02-18T23:50:29.216Z - Serializing response for PRE_TASKS_EXECUTION message in json mode
[NX v22.5.1 Daemon Server] - 2026-02-18T23:50:29.216Z - Responding to PRE_TASKS_EXECUTION message
[NX v22.5.1 Daemon Server] - 2026-02-18T23:50:29.216Z - [REQUEST]: Responding to the client. handleRunPreTasksExecution
[NX v22.5.1 Daemon Server] - 2026-02-18T23:50:29.216Z - Done responding to the client handleRunPreTasksExecution
[NX v22.5.1 Daemon Server] - 2026-02-18T23:50:29.216Z - Handled json message PRE_TASKS_EXECUTION. Handling time: 1. Response time: 0.
[NX v22.5.1 Daemon Server] - 2026-02-18T23:50:29.216Z - Time taken for 'preTasksExecution' 0.24928399990312755ms
[NX v22.5.1 Daemon Client] - 2026-02-18T23:50:29.216Z - [Messenger] Received message, length: 2
[NX v22.5.1 Daemon Client] - 2026-02-18T23:50:29.258Z - [Messenger] Sending message type: HASH_TASKS
[NX v22.5.1 Daemon Server] - 2026-02-18T23:50:29.259Z - Received raw message of length 8690
[NX v22.5.1 Daemon Server] - 2026-02-18T23:50:29.259Z - Received json message of type HASH_TASKS
[NX v22.5.1 Daemon Client] - 2026-02-18T23:50:29.260Z - [Messenger] Message sent
[NX v22.5.1 Daemon Server] - 2026-02-18T23:50:29.260Z - Reusing in-memory cached project graph because no files changed.
[NX v22.5.1 Daemon Server] - 2026-02-18T23:50:29.276Z - Wrote project graph cache to /home/poukam-tech/project/marizona/.nx/workspace-data/project-graph.json
DEBUG nx::native::tasks::hash_planner: get_plans_internal COMPLETED in 11.53532ms - processed 1 tasks (setup: 10.809259ms, parallel_planning: 676.043µs)
DEBUG nx::native::tasks::hashers::hash_workspace_files: Hashing workspace fileset with inputs: Adding "12475982618692230973" (".gitignore") to hash
DEBUG nx::native::tasks::hashers::hash_workspace_files: Hashing workspace fileset with inputs: Adding "8516195800549599522" (".nxignore") to hash
DEBUG nx::native::tasks::hashers::hash_workspace_files: Hashing workspace fileset with inputs: Adding "614954295243266697" ("nx.json") to hash
DEBUG nx::native::tasks::hashers::hash_workspace_files: Hashing workspace fileset with inputs: Hash Value: "16382247164987548109"
DEBUG nx::native::tasks::task_hasher: hash_plans COMPLETED in 13.497731ms - processed 1 plans (setup: 3.280605ms, hashing: 10.201184ms, assembly: 4.367429ms)
[NX v22.5.1 Daemon Server] - 2026-02-18T23:50:29.305Z - Serializing response for HASH_TASKS message in json mode
[NX v22.5.1 Daemon Server] - 2026-02-18T23:50:29.306Z - Responding to HASH_TASKS message
[NX v22.5.1 Daemon Server] - 2026-02-18T23:50:29.306Z - [REQUEST]: Responding to the client. handleHashTasks
[NX v22.5.1 Daemon Server] - 2026-02-18T23:50:29.306Z - Done responding to the client handleHashTasks
[NX v22.5.1 Daemon Server] - 2026-02-18T23:50:29.306Z - Handled json message HASH_TASKS. Handling time: 46. Response time: 1.
[NX v22.5.1 Daemon Server] - 2026-02-18T23:50:29.306Z - Time taken for 'write cache' 16.41170900000725ms
[NX v22.5.1 Daemon Client] - 2026-02-18T23:50:29.307Z - [Messenger] Received message, length: 77571
[NX v22.5.1 Daemon Client] - 2026-02-18T23:50:29.335Z - [Messenger] Sending message type: GET_ESTIMATED_TASK_TIMINGS
[NX v22.5.1 Daemon Client] - 2026-02-18T23:50:29.335Z - [Messenger] Message sent
[NX v22.5.1 Daemon Server] - 2026-02-18T23:50:29.335Z - Received raw message of length 114
[NX v22.5.1 Daemon Server] - 2026-02-18T23:50:29.335Z - Received json message of type GET_ESTIMATED_TASK_TIMINGS
[NX v22.5.1 Daemon Server] - 2026-02-18T23:50:29.336Z - Serializing response for GET_ESTIMATED_TASK_TIMINGS message in json mode
[NX v22.5.1 Daemon Server] - 2026-02-18T23:50:29.336Z - Responding to GET_ESTIMATED_TASK_TIMINGS message
[NX v22.5.1 Daemon Server] - 2026-02-18T23:50:29.336Z - [REQUEST]: Responding to the client. handleGetEstimatedTaskTimings
[NX v22.5.1 Daemon Server] - 2026-02-18T23:50:29.336Z - Done responding to the client handleGetEstimatedTaskTimings
[NX v22.5.1 Daemon Server] - 2026-02-18T23:50:29.336Z - Handled json message GET_ESTIMATED_TASK_TIMINGS. Handling time: 1. Response time: 0.
[NX v22.5.1 Daemon Client] - 2026-02-18T23:50:29.339Z - [Messenger] Received message, length: 31
[NX v22.5.1 Daemon Client] - 2026-02-18T23:50:29.355Z - [Messenger] Sending message type: OUTPUTS_HASHES_MATCH
[NX v22.5.1 Daemon Client] - 2026-02-18T23:50:29.355Z - [Messenger] Message sent
[NX v22.5.1 Daemon Server] - 2026-02-18T23:50:29.355Z - Received raw message of length 98
[NX v22.5.1 Daemon Server] - 2026-02-18T23:50:29.355Z - Received json message of type OUTPUTS_HASHES_MATCH
[NX v22.5.1 Daemon Server] - 2026-02-18T23:50:29.358Z - Serializing response for OUTPUTS_HASHES_MATCH message in json mode
[NX v22.5.1 Daemon Server] - 2026-02-18T23:50:29.358Z - Responding to OUTPUTS_HASHES_MATCH message
[NX v22.5.1 Daemon Server] - 2026-02-18T23:50:29.358Z - [REQUEST]: Responding to the client. outputsHashesMatch
[NX v22.5.1 Daemon Server] - 2026-02-18T23:50:29.358Z - Done responding to the client outputsHashesMatch
[NX v22.5.1 Daemon Server] - 2026-02-18T23:50:29.359Z - Handled json message OUTPUTS_HASHES_MATCH. Handling time: 3. Response time: 1.
[NX v22.5.1 Daemon Client] - 2026-02-18T23:50:29.359Z - [Messenger] Received message, length: 5
[NX v22.5.1 Daemon Client] - 2026-02-18T23:50:29.364Z - [Messenger] Sending message type: RECORD_OUTPUTS_HASH
[NX v22.5.1 Daemon Client] - 2026-02-18T23:50:29.364Z - [Messenger] Message sent
[NX v22.5.1 Daemon Server] - 2026-02-18T23:50:29.365Z - Received raw message of length 97
[NX v22.5.1 Daemon Server] - 2026-02-18T23:50:29.365Z - Received json message of type RECORD_OUTPUTS_HASH
[NX v22.5.1 Daemon Server] - 2026-02-18T23:50:29.367Z - Serializing response for RECORD_OUTPUTS_HASH message in json mode
[NX v22.5.1 Daemon Server] - 2026-02-18T23:50:29.367Z - Responding to RECORD_OUTPUTS_HASH message
[NX v22.5.1 Daemon Server] - 2026-02-18T23:50:29.367Z - [REQUEST]: Responding to the client. recordOutputsHash
[NX v22.5.1 Daemon Server] - 2026-02-18T23:50:29.367Z - Done responding to the client recordOutputsHash
[NX v22.5.1 Daemon Server] - 2026-02-18T23:50:29.367Z - Handled json message RECORD_OUTPUTS_HASH. Handling time: 2. Response time: 0.
[NX v22.5.1 Daemon Client] - 2026-02-18T23:50:29.367Z - [Messenger] Received message, length: 2
[NX v22.5.1 Daemon Client] - 2026-02-18T23:50:29.372Z - [Messenger] Sending message type: RECORD_TASK_RUNS
[NX v22.5.1 Daemon Client] - 2026-02-18T23:50:29.373Z - [Messenger] Message sent
[NX v22.5.1 Daemon Server] - 2026-02-18T23:50:29.373Z - Received raw message of length 237
[NX v22.5.1 Daemon Server] - 2026-02-18T23:50:29.373Z - Received json message of type RECORD_TASK_RUNS
[NX v22.5.1 Daemon Server] - 2026-02-18T23:50:29.379Z - Serializing response for RECORD_TASK_RUNS message in json mode
[NX v22.5.1 Daemon Server] - 2026-02-18T23:50:29.379Z - Responding to RECORD_TASK_RUNS message
[NX v22.5.1 Daemon Server] - 2026-02-18T23:50:29.379Z - [REQUEST]: Responding to the client. handleRecordTaskRuns
[NX v22.5.1 Daemon Server] - 2026-02-18T23:50:29.379Z - Done responding to the client handleRecordTaskRuns
[NX v22.5.1 Daemon Server] - 2026-02-18T23:50:29.379Z - Handled json message RECORD_TASK_RUNS. Handling time: 6. Response time: 0.
[NX v22.5.1 Daemon Client] - 2026-02-18T23:50:29.386Z - [Messenger] Received message, length: 4
[NX v22.5.1 Daemon Client] - 2026-02-18T23:50:29.386Z - [Messenger] Sending message type: GET_FLAKY_TASKS
[NX v22.5.1 Daemon Client] - 2026-02-18T23:50:29.387Z - [Messenger] Message sent
[NX v22.5.1 Daemon Server] - 2026-02-18T23:50:29.388Z - Received raw message of length 60
[NX v22.5.1 Daemon Server] - 2026-02-18T23:50:29.388Z - Received json message of type GET_FLAKY_TASKS
[NX v22.5.1 Daemon Server] - 2026-02-18T23:50:29.389Z - Serializing response for GET_FLAKY_TASKS message in json mode
[NX v22.5.1 Daemon Server] - 2026-02-18T23:50:29.389Z - Responding to GET_FLAKY_TASKS message
[NX v22.5.1 Daemon Server] - 2026-02-18T23:50:29.389Z - [REQUEST]: Responding to the client. handleGetFlakyTasks
[NX v22.5.1 Daemon Server] - 2026-02-18T23:50:29.389Z - Done responding to the client handleGetFlakyTasks
[NX v22.5.1 Daemon Server] - 2026-02-18T23:50:29.389Z - Handled json message GET_FLAKY_TASKS. Handling time: 1. Response time: 0.
[NX v22.5.1 Daemon Client] - 2026-02-18T23:50:29.391Z - [Messenger] Received message, length: 2
[NX v22.5.1 Daemon Client] - 2026-02-18T23:50:29.394Z - [Messenger] Sending message type: POST_TASKS_EXECUTION
[NX v22.5.1 Daemon Client] - 2026-02-18T23:50:29.395Z - [Messenger] Message sent
[NX v22.5.1 Daemon Server] - 2026-02-18T23:50:29.395Z - Received raw message of length 49649
[NX v22.5.1 Daemon Server] - 2026-02-18T23:50:29.396Z - Received json message of type POST_TASKS_EXECUTION
[NX v22.5.1 Daemon Server] - 2026-02-18T23:50:29.396Z - Serializing response for POST_TASKS_EXECUTION message in json mode
[NX v22.5.1 Daemon Server] - 2026-02-18T23:50:29.397Z - Responding to POST_TASKS_EXECUTION message
[NX v22.5.1 Daemon Server] - 2026-02-18T23:50:29.397Z - [REQUEST]: Responding to the client. handleRunPostTasksExecution
[NX v22.5.1 Daemon Server] - 2026-02-18T23:50:29.397Z - Done responding to the client handleRunPostTasksExecution
[NX v22.5.1 Daemon Server] - 2026-02-18T23:50:29.397Z - Handled json message POST_TASKS_EXECUTION. Handling time: 0. Response time: 1.
[NX v22.5.1 Daemon Server] - 2026-02-18T23:50:29.397Z - Time taken for 'postTasksExecution' 0.27337599999736995ms
[NX v22.5.1 Daemon Client] - 2026-02-18T23:50:29.397Z - [Messenger] Received message, length: 4
[NX v22.5.1 Daemon Server] - 2026-02-18T23:50:29.414Z - Closed a connection. Number of open connections: 5
[NX v22.5.1 Daemon Server] - 2026-02-18T23:51:59.154Z - [WATCHER]: Processing file changes in outputs
[NX v22.5.1 Daemon Server] - 2026-02-18T23:52:00.971Z - Closed a connection. Number of open connections: 4
[NX v22.5.1 Daemon Client] - 2026-02-18T23:52:00.980Z - [Messenger] Sending message type: RECORD_TASK_RUNS
[NX v22.5.1 Daemon Client] - 2026-02-18T23:52:00.982Z - [Messenger] Message sent
[NX v22.5.1 Daemon Server] - 2026-02-18T23:52:00.982Z - Received raw message of length 206
[NX v22.5.1 Daemon Server] - 2026-02-18T23:52:00.982Z - Received json message of type RECORD_TASK_RUNS
[NX v22.5.1 Daemon Server] - 2026-02-18T23:52:00.985Z - Serializing response for RECORD_TASK_RUNS message in json mode
[NX v22.5.1 Daemon Server] - 2026-02-18T23:52:00.985Z - Responding to RECORD_TASK_RUNS message
[NX v22.5.1 Daemon Server] - 2026-02-18T23:52:00.985Z - [REQUEST]: Responding to the client. handleRecordTaskRuns
[NX v22.5.1 Daemon Server] - 2026-02-18T23:52:00.985Z - Done responding to the client handleRecordTaskRuns
[NX v22.5.1 Daemon Server] - 2026-02-18T23:52:00.986Z - Handled json message RECORD_TASK_RUNS. Handling time: 3. Response time: 1.
[NX v22.5.1 Daemon Client] - 2026-02-18T23:52:00.986Z - [Messenger] Received message, length: 4
[NX v22.5.1 Daemon Client] - 2026-02-18T23:52:00.986Z - [Messenger] Sending message type: GET_FLAKY_TASKS
[NX v22.5.1 Daemon Client] - 2026-02-18T23:52:00.986Z - [Messenger] Message sent
[NX v22.5.1 Daemon Server] - 2026-02-18T23:52:00.986Z - Received raw message of length 59
[NX v22.5.1 Daemon Server] - 2026-02-18T23:52:00.986Z - Received json message of type GET_FLAKY_TASKS
[NX v22.5.1 Daemon Server] - 2026-02-18T23:52:00.987Z - Serializing response for GET_FLAKY_TASKS message in json mode
[NX v22.5.1 Daemon Server] - 2026-02-18T23:52:00.987Z - Responding to GET_FLAKY_TASKS message
[NX v22.5.1 Daemon Server] - 2026-02-18T23:52:00.987Z - [REQUEST]: Responding to the client. handleGetFlakyTasks
[NX v22.5.1 Daemon Server] - 2026-02-18T23:52:00.987Z - Done responding to the client handleGetFlakyTasks
[NX v22.5.1 Daemon Server] - 2026-02-18T23:52:00.987Z - Handled json message GET_FLAKY_TASKS. Handling time: 1. Response time: 0.
[NX v22.5.1 Daemon Client] - 2026-02-18T23:52:00.987Z - [Messenger] Received message, length: 2
[NX v22.5.1 Daemon Client] - 2026-02-18T23:52:00.988Z - [FileWatcher] Socket closed, triggering reconnection
[NX v22.5.1 Daemon Client] - 2026-02-18T23:52:01.003Z - [Messenger] Sending message type: POST_TASKS_EXECUTION
[NX v22.5.1 Daemon Client] - 2026-02-18T23:52:01.004Z - [Messenger] Message sent
[NX v22.5.1 Daemon Server] - 2026-02-18T23:52:01.005Z - Received raw message of length 49572
[NX v22.5.1 Daemon Server] - 2026-02-18T23:52:01.005Z - Received json message of type POST_TASKS_EXECUTION
[NX v22.5.1 Daemon Server] - 2026-02-18T23:52:01.006Z - Serializing response for POST_TASKS_EXECUTION message in json mode
[NX v22.5.1 Daemon Server] - 2026-02-18T23:52:01.006Z - Responding to POST_TASKS_EXECUTION message
[NX v22.5.1 Daemon Server] - 2026-02-18T23:52:01.006Z - [REQUEST]: Responding to the client. handleRunPostTasksExecution
[NX v22.5.1 Daemon Server] - 2026-02-18T23:52:01.006Z - Done responding to the client handleRunPostTasksExecution
[NX v22.5.1 Daemon Server] - 2026-02-18T23:52:01.006Z - Handled json message POST_TASKS_EXECUTION. Handling time: 0. Response time: 0.
[NX v22.5.1 Daemon Server] - 2026-02-18T23:52:01.006Z - Time taken for 'postTasksExecution' 0.25360299996100366ms
[NX v22.5.1 Daemon Client] - 2026-02-18T23:52:01.007Z - [Messenger] Received message, length: 4
[NX v22.5.1 Daemon Server] - 2026-02-18T23:52:01.031Z - Closed a connection. Number of open connections: 3
[NX v22.5.1 Daemon Server] - 2026-02-18T23:52:01.047Z - Closed a connection. Number of open connections: 2
[NX v22.5.1 Daemon Server] - 2026-02-18T23:52:02.752Z - Established a connection. Number of open connections: 3
[NX v22.5.1 Daemon Server] - 2026-02-18T23:52:02.755Z - Closed a connection. Number of open connections: 2
[NX v22.5.1 Daemon Server] - 2026-02-18T23:52:02.756Z - Established a connection. Number of open connections: 3
[NX v22.5.1 Daemon Server] - 2026-02-18T23:52:02.756Z - Closed a connection. Number of open connections: 2
[NX v22.5.1 Daemon Server] - 2026-02-18T23:52:02.756Z - Established a connection. Number of open connections: 3
[NX v22.5.1 Daemon Client] - 2026-02-18T23:52:02.756Z - [Messenger] Setting up socket listeners
[NX v22.5.1 Daemon Client] - 2026-02-18T23:52:02.757Z - [Messenger] listen() complete
[NX v22.5.1 Daemon Client] - 2026-02-18T23:52:02.758Z - [Messenger] Sending message type: GET_NX_CONSOLE_STATUS
[NX v22.5.1 Daemon Client] - 2026-02-18T23:52:02.758Z - [Messenger] Message sent
[NX v22.5.1 Daemon Server] - 2026-02-18T23:52:02.832Z - Received raw message of length 32
[NX v22.5.1 Daemon Server] - 2026-02-18T23:52:02.832Z - Received json message of type GET_NX_CONSOLE_STATUS
[NX v22.5.1 Daemon Server] - 2026-02-18T23:52:02.832Z - Serializing response for GET_NX_CONSOLE_STATUS message in json mode
[NX v22.5.1 Daemon Server] - 2026-02-18T23:52:02.832Z - Responding to GET_NX_CONSOLE_STATUS message
[NX v22.5.1 Daemon Server] - 2026-02-18T23:52:02.832Z - [REQUEST]: Responding to the client. handleGetNxConsoleStatus
[NX v22.5.1 Daemon Server] - 2026-02-18T23:52:02.832Z - Done responding to the client handleGetNxConsoleStatus
[NX v22.5.1 Daemon Server] - 2026-02-18T23:52:02.832Z - Handled json message GET_NX_CONSOLE_STATUS. Handling time: 0. Response time: 0.
[NX v22.5.1 Daemon Client] - 2026-02-18T23:52:02.833Z - [Messenger] Received message, length: 22
[NX v22.5.1 Daemon Client] - 2026-02-18T23:52:02.884Z - [Messenger] Sending message type: REQUEST_PROJECT_GRAPH
[NX v22.5.1 Daemon Client] - 2026-02-18T23:52:02.885Z - [Messenger] Message sent
[NX v22.5.1 Daemon Server] - 2026-02-18T23:52:02.885Z - Received raw message of length 32
[NX v22.5.1 Daemon Server] - 2026-02-18T23:52:02.885Z - Received json message of type REQUEST_PROJECT_GRAPH
[NX v22.5.1 Daemon Server] - 2026-02-18T23:52:02.885Z - [REQUEST]: Client Request for Project Graph Received
[NX v22.5.1 Daemon Server] - 2026-02-18T23:52:02.885Z - Reusing in-memory cached project graph because no files changed.
[NX v22.5.1 Daemon Server] - 2026-02-18T23:52:02.899Z - Wrote project graph cache to /home/poukam-tech/project/marizona/.nx/workspace-data/project-graph.json
[NX v22.5.1 Daemon Server] - 2026-02-18T23:52:02.899Z - Serializing response for REQUEST_PROJECT_GRAPH message in json mode
[NX v22.5.1 Daemon Server] - 2026-02-18T23:52:02.899Z - Responding to REQUEST_PROJECT_GRAPH message
[NX v22.5.1 Daemon Server] - 2026-02-18T23:52:02.899Z - [REQUEST]: Responding to the client. project-graph
[NX v22.5.1 Daemon Server] - 2026-02-18T23:52:02.901Z - Time taken for 'total for creating and serializing project graph' 13.997250000014901ms
[NX v22.5.1 Daemon Server] - 2026-02-18T23:52:02.904Z - Done responding to the client project-graph
[NX v22.5.1 Daemon Server] - 2026-02-18T23:52:02.904Z - Handled json message REQUEST_PROJECT_GRAPH. Handling time: 14. Response time: 5.
[NX v22.5.1 Daemon Client] - 2026-02-18T23:52:02.905Z - [Messenger] Received message, length: 1341409
[NX v22.5.1 Daemon Client] - 2026-02-18T23:52:02.916Z - [Messenger] Sending message type: PRE_TASKS_EXECUTION
[NX v22.5.1 Daemon Client] - 2026-02-18T23:52:02.916Z - [Messenger] Message sent
[NX v22.5.1 Daemon Server] - 2026-02-18T23:52:02.916Z - Received raw message of length 1610
[NX v22.5.1 Daemon Server] - 2026-02-18T23:52:02.917Z - Received json message of type PRE_TASKS_EXECUTION
[NX v22.5.1 Daemon Server] - 2026-02-18T23:52:02.917Z - Serializing response for PRE_TASKS_EXECUTION message in json mode
[NX v22.5.1 Daemon Server] - 2026-02-18T23:52:02.917Z - Responding to PRE_TASKS_EXECUTION message
[NX v22.5.1 Daemon Server] - 2026-02-18T23:52:02.917Z - [REQUEST]: Responding to the client. handleRunPreTasksExecution
[NX v22.5.1 Daemon Server] - 2026-02-18T23:52:02.917Z - Done responding to the client handleRunPreTasksExecution
[NX v22.5.1 Daemon Server] - 2026-02-18T23:52:02.917Z - Handled json message PRE_TASKS_EXECUTION. Handling time: 0. Response time: 0.
[NX v22.5.1 Daemon Client] - 2026-02-18T23:52:02.917Z - [Messenger] Received message, length: 2
[NX v22.5.1 Daemon Server] - 2026-02-18T23:52:02.917Z - Time taken for 'preTasksExecution' 0.27470599999651313ms
[NX v22.5.1 Daemon Client] - 2026-02-18T23:52:03.001Z - [Messenger] Sending message type: HASH_TASKS
[NX v22.5.1 Daemon Client] - 2026-02-18T23:52:03.002Z - [Messenger] Message sent
[NX v22.5.1 Daemon Server] - 2026-02-18T23:52:03.003Z - Received raw message of length 8754
[NX v22.5.1 Daemon Server] - 2026-02-18T23:52:03.003Z - Received json message of type HASH_TASKS
[NX v22.5.1 Daemon Server] - 2026-02-18T23:52:03.003Z - Reusing in-memory cached project graph because no files changed.
[NX v22.5.1 Daemon Server] - 2026-02-18T23:52:03.020Z - Wrote project graph cache to /home/poukam-tech/project/marizona/.nx/workspace-data/project-graph.json
DEBUG nx::native::tasks::hash_planner: get_plans_internal COMPLETED in 13.138436ms - processed 2 tasks (setup: 11.460075ms, parallel_planning: 1.662659ms)
DEBUG nx::native::tasks::hashers::hash_workspace_files: Hashing workspace fileset with inputs: Adding "12475982618692230973" (".gitignore") to hash
DEBUG nx::native::tasks::hashers::hash_workspace_files: Hashing workspace fileset with inputs: Adding "8516195800549599522" (".nxignore") to hash
DEBUG nx::native::tasks::hashers::hash_workspace_files: Hashing workspace fileset with inputs: Adding "614954295243266697" ("nx.json") to hash
DEBUG nx::native::tasks::hashers::hash_workspace_files: Hashing workspace fileset with inputs: Hash Value: "16382247164987548109"
DEBUG nx::native::tasks::hashers::hash_workspace_files: Hashing workspace fileset with inputs: Adding "12475982618692230973" (".gitignore") to hash
DEBUG nx::native::tasks::hashers::hash_workspace_files: Hashing workspace fileset with inputs: Adding "8516195800549599522" (".nxignore") to hash
DEBUG nx::native::tasks::hashers::hash_workspace_files: Hashing workspace fileset with inputs: Adding "614954295243266697" ("nx.json") to hash
DEBUG nx::native::tasks::hashers::hash_workspace_files: Hashing workspace fileset with inputs: Hash Value: "16382247164987548109"
DEBUG nx::native::tasks::task_hasher: hash_plans COMPLETED in 20.260614ms - processed 2 plans (setup: 1.661359ms, hashing: 18.587931ms, assembly: 7.933535ms)
[NX v22.5.1 Daemon Server] - 2026-02-18T23:52:03.059Z - Serializing response for HASH_TASKS message in json mode
[NX v22.5.1 Daemon Server] - 2026-02-18T23:52:03.062Z - Responding to HASH_TASKS message
[NX v22.5.1 Daemon Server] - 2026-02-18T23:52:03.062Z - [REQUEST]: Responding to the client. handleHashTasks
[NX v22.5.1 Daemon Server] - 2026-02-18T23:52:03.063Z - Done responding to the client handleHashTasks
[NX v22.5.1 Daemon Server] - 2026-02-18T23:52:03.063Z - Handled json message HASH_TASKS. Handling time: 56. Response time: 4.
[NX v22.5.1 Daemon Server] - 2026-02-18T23:52:03.064Z - Time taken for 'write cache' 16.449903000029735ms
[NX v22.5.1 Daemon Client] - 2026-02-18T23:52:03.065Z - [Messenger] Received message, length: 154877
[NX v22.5.1 Daemon Client] - 2026-02-18T23:52:03.091Z - [Messenger] Sending message type: GET_ESTIMATED_TASK_TIMINGS
[NX v22.5.1 Daemon Client] - 2026-02-18T23:52:03.092Z - [Messenger] Message sent
[NX v22.5.1 Daemon Server] - 2026-02-18T23:52:03.092Z - Received raw message of length 149
[NX v22.5.1 Daemon Server] - 2026-02-18T23:52:03.092Z - Received json message of type GET_ESTIMATED_TASK_TIMINGS
[NX v22.5.1 Daemon Server] - 2026-02-18T23:52:03.093Z - Serializing response for GET_ESTIMATED_TASK_TIMINGS message in json mode
[NX v22.5.1 Daemon Server] - 2026-02-18T23:52:03.093Z - Responding to GET_ESTIMATED_TASK_TIMINGS message
[NX v22.5.1 Daemon Server] - 2026-02-18T23:52:03.093Z - [REQUEST]: Responding to the client. handleGetEstimatedTaskTimings
[NX v22.5.1 Daemon Server] - 2026-02-18T23:52:03.093Z - Done responding to the client handleGetEstimatedTaskTimings
[NX v22.5.1 Daemon Server] - 2026-02-18T23:52:03.093Z - Handled json message GET_ESTIMATED_TASK_TIMINGS. Handling time: 1. Response time: 0.
[NX v22.5.1 Daemon Client] - 2026-02-18T23:52:03.095Z - [Messenger] Received message, length: 19
[NX v22.5.1 Daemon Client] - 2026-02-18T23:52:03.104Z - [Messenger] Sending message type: OUTPUTS_HASHES_MATCH
[NX v22.5.1 Daemon Client] - 2026-02-18T23:52:03.104Z - [Messenger] Message sent
[NX v22.5.1 Daemon Server] - 2026-02-18T23:52:03.106Z - Received raw message of length 97
[NX v22.5.1 Daemon Server] - 2026-02-18T23:52:03.106Z - Received json message of type OUTPUTS_HASHES_MATCH
[NX v22.5.1 Daemon Server] - 2026-02-18T23:52:03.110Z - Serializing response for OUTPUTS_HASHES_MATCH message in json mode
[NX v22.5.1 Daemon Server] - 2026-02-18T23:52:03.111Z - Responding to OUTPUTS_HASHES_MATCH message
[NX v22.5.1 Daemon Server] - 2026-02-18T23:52:03.111Z - [REQUEST]: Responding to the client. outputsHashesMatch
[NX v22.5.1 Daemon Client] - 2026-02-18T23:52:03.111Z - [Messenger] Received message, length: 5
[NX v22.5.1 Daemon Server] - 2026-02-18T23:52:03.111Z - Done responding to the client outputsHashesMatch
[NX v22.5.1 Daemon Server] - 2026-02-18T23:52:03.111Z - Handled json message OUTPUTS_HASHES_MATCH. Handling time: 4. Response time: 1.
[NX v22.5.1 Daemon Client] - 2026-02-18T23:52:03.118Z - [Messenger] Sending message type: RECORD_OUTPUTS_HASH
[NX v22.5.1 Daemon Client] - 2026-02-18T23:52:03.118Z - [Messenger] Message sent
[NX v22.5.1 Daemon Server] - 2026-02-18T23:52:03.118Z - Received raw message of length 96
[NX v22.5.1 Daemon Server] - 2026-02-18T23:52:03.118Z - Received json message of type RECORD_OUTPUTS_HASH
[NX v22.5.1 Daemon Server] - 2026-02-18T23:52:03.121Z - Serializing response for RECORD_OUTPUTS_HASH message in json mode
[NX v22.5.1 Daemon Server] - 2026-02-18T23:52:03.121Z - Responding to RECORD_OUTPUTS_HASH message
[NX v22.5.1 Daemon Server] - 2026-02-18T23:52:03.121Z - [REQUEST]: Responding to the client. recordOutputsHash
[NX v22.5.1 Daemon Server] - 2026-02-18T23:52:03.121Z - Done responding to the client recordOutputsHash
[NX v22.5.1 Daemon Server] - 2026-02-18T23:52:03.121Z - Handled json message RECORD_OUTPUTS_HASH. Handling time: 3. Response time: 0.
[NX v22.5.1 Daemon Client] - 2026-02-18T23:52:03.121Z - [Messenger] Received message, length: 2
[NX v22.5.1 Daemon Server] - 2026-02-18T23:52:04.293Z - Established a connection. Number of open connections: 4
[NX v22.5.1 Daemon Server] - 2026-02-18T23:52:04.294Z - Closed a connection. Number of open connections: 3
[NX v22.5.1 Daemon Server] - 2026-02-18T23:52:04.295Z - Established a connection. Number of open connections: 4
[NX v22.5.1 Daemon Client] - 2026-02-18T23:52:04.296Z - [Messenger] Setting up socket listeners
[NX v22.5.1 Daemon Client] - 2026-02-18T23:52:04.296Z - [Messenger] listen() complete
[NX v22.5.1 Daemon Client] - 2026-02-18T23:52:04.297Z - [Messenger] Sending message type: REQUEST_PROJECT_GRAPH
[NX v22.5.1 Daemon Client] - 2026-02-18T23:52:04.298Z - [Messenger] Message sent
[NX v22.5.1 Daemon Server] - 2026-02-18T23:52:04.389Z - Received raw message of length 32
[NX v22.5.1 Daemon Server] - 2026-02-18T23:52:04.389Z - Received json message of type REQUEST_PROJECT_GRAPH
[NX v22.5.1 Daemon Server] - 2026-02-18T23:52:04.389Z - [REQUEST]: Client Request for Project Graph Received
[NX v22.5.1 Daemon Server] - 2026-02-18T23:52:04.390Z - Reusing in-memory cached project graph because no files changed.
[NX v22.5.1 Daemon Server] - 2026-02-18T23:52:04.405Z - Wrote project graph cache to /home/poukam-tech/project/marizona/.nx/workspace-data/project-graph.json
[NX v22.5.1 Daemon Server] - 2026-02-18T23:52:04.405Z - Serializing response for REQUEST_PROJECT_GRAPH message in json mode
[NX v22.5.1 Daemon Server] - 2026-02-18T23:52:04.405Z - Responding to REQUEST_PROJECT_GRAPH message
[NX v22.5.1 Daemon Server] - 2026-02-18T23:52:04.405Z - [REQUEST]: Responding to the client. project-graph
[NX v22.5.1 Daemon Server] - 2026-02-18T23:52:04.409Z - Time taken for 'total for creating and serializing project graph' 16.56577800004743ms
[NX v22.5.1 Daemon Server] - 2026-02-18T23:52:04.414Z - Done responding to the client project-graph
[NX v22.5.1 Daemon Server] - 2026-02-18T23:52:04.414Z - Handled json message REQUEST_PROJECT_GRAPH. Handling time: 16. Response time: 9.
[NX v22.5.1 Daemon Client] - 2026-02-18T23:52:04.423Z - [Messenger] Received message, length: 1341409
[NX v22.5.1 Daemon Client] - 2026-02-18T23:52:04.440Z - [Messenger] Setting up socket listeners
[NX v22.5.1 Daemon Client] - 2026-02-18T23:52:04.441Z - [Messenger] listen() complete
[NX v22.5.1 Daemon Client] - 2026-02-18T23:52:04.441Z - [Messenger] Sending message type: REGISTER_FILE_WATCHER
[NX v22.5.1 Daemon Server] - 2026-02-18T23:52:04.441Z - Established a connection. Number of open connections: 5
[NX v22.5.1 Daemon Client] - 2026-02-18T23:52:04.441Z - [Messenger] Message sent
[NX v22.5.1 Daemon Server] - 2026-02-18T23:52:04.453Z - Received raw message of length 99
[NX v22.5.1 Daemon Server] - 2026-02-18T23:52:04.453Z - Received json message of type REGISTER_FILE_WATCHER
[NX v22.5.1 Daemon Server] - 2026-02-18T23:52:04.845Z - Established a connection. Number of open connections: 6
[NX v22.5.1 Daemon Server] - 2026-02-18T23:52:04.850Z - Closed a connection. Number of open connections: 5
[NX v22.5.1 Daemon Server] - 2026-02-18T23:52:04.852Z - Established a connection. Number of open connections: 6
[NX v22.5.1 Daemon Client] - 2026-02-18T23:52:04.853Z - [Messenger] Setting up socket listeners
[NX v22.5.1 Daemon Server] - 2026-02-18T23:52:04.854Z - Established a connection. Number of open connections: 7
[NX v22.5.1 Daemon Server] - 2026-02-18T23:52:04.855Z - Closed a connection. Number of open connections: 6
[NX v22.5.1 Daemon Client] - 2026-02-18T23:52:04.855Z - [Messenger] listen() complete
[NX v22.5.1 Daemon Client] - 2026-02-18T23:52:04.858Z - [Messenger] Sending message type: GET_NX_CONSOLE_STATUS
[NX v22.5.1 Daemon Client] - 2026-02-18T23:52:04.861Z - [Messenger] Message sent
[NX v22.5.1 Daemon Server] - 2026-02-18T23:52:04.945Z - Received raw message of length 32
[NX v22.5.1 Daemon Server] - 2026-02-18T23:52:04.945Z - Received json message of type GET_NX_CONSOLE_STATUS
[NX v22.5.1 Daemon Server] - 2026-02-18T23:52:04.945Z - Serializing response for GET_NX_CONSOLE_STATUS message in json mode
[NX v22.5.1 Daemon Server] - 2026-02-18T23:52:04.945Z - Responding to GET_NX_CONSOLE_STATUS message
[NX v22.5.1 Daemon Server] - 2026-02-18T23:52:04.945Z - [REQUEST]: Responding to the client. handleGetNxConsoleStatus
[NX v22.5.1 Daemon Server] - 2026-02-18T23:52:04.945Z - Done responding to the client handleGetNxConsoleStatus
[NX v22.5.1 Daemon Server] - 2026-02-18T23:52:04.945Z - Handled json message GET_NX_CONSOLE_STATUS. Handling time: 0. Response time: 0.
[NX v22.5.1 Daemon Client] - 2026-02-18T23:52:04.946Z - [Messenger] Received message, length: 22
[NX v22.5.1 Daemon Client] - 2026-02-18T23:52:05.082Z - [Messenger] Sending message type: REQUEST_PROJECT_GRAPH
[NX v22.5.1 Daemon Client] - 2026-02-18T23:52:05.082Z - [Messenger] Message sent
[NX v22.5.1 Daemon Server] - 2026-02-18T23:52:05.084Z - Received raw message of length 32
[NX v22.5.1 Daemon Server] - 2026-02-18T23:52:05.084Z - Received json message of type REQUEST_PROJECT_GRAPH
[NX v22.5.1 Daemon Server] - 2026-02-18T23:52:05.085Z - [REQUEST]: Client Request for Project Graph Received
[NX v22.5.1 Daemon Server] - 2026-02-18T23:52:05.085Z - Reusing in-memory cached project graph because no files changed.
[NX v22.5.1 Daemon Server] - 2026-02-18T23:52:05.158Z - Wrote project graph cache to /home/poukam-tech/project/marizona/.nx/workspace-data/project-graph.json
[NX v22.5.1 Daemon Server] - 2026-02-18T23:52:05.159Z - Serializing response for REQUEST_PROJECT_GRAPH message in json mode
[NX v22.5.1 Daemon Server] - 2026-02-18T23:52:05.159Z - Responding to REQUEST_PROJECT_GRAPH message
[NX v22.5.1 Daemon Server] - 2026-02-18T23:52:05.159Z - [REQUEST]: Responding to the client. project-graph
[NX v22.5.1 Daemon Server] - 2026-02-18T23:52:05.167Z - Time taken for 'total for creating and serializing project graph' 74.34393900004216ms
[NX v22.5.1 Daemon Server] - 2026-02-18T23:52:05.184Z - Done responding to the client project-graph
[NX v22.5.1 Daemon Server] - 2026-02-18T23:52:05.184Z - Handled json message REQUEST_PROJECT_GRAPH. Handling time: 74. Response time: 25.
[NX v22.5.1 Daemon Client] - 2026-02-18T23:52:05.187Z - [Messenger] Received message, length: 1341409
[NX v22.5.1 Daemon Client] - 2026-02-18T23:52:05.253Z - [Messenger] Sending message type: PRE_TASKS_EXECUTION
[NX v22.5.1 Daemon Client] - 2026-02-18T23:52:05.253Z - [Messenger] Message sent
[NX v22.5.1 Daemon Server] - 2026-02-18T23:52:05.255Z - Received raw message of length 1631
[NX v22.5.1 Daemon Server] - 2026-02-18T23:52:05.255Z - Received json message of type PRE_TASKS_EXECUTION
[NX v22.5.1 Daemon Server] - 2026-02-18T23:52:05.256Z - Serializing response for PRE_TASKS_EXECUTION message in json mode
[NX v22.5.1 Daemon Server] - 2026-02-18T23:52:05.256Z - Responding to PRE_TASKS_EXECUTION message
[NX v22.5.1 Daemon Server] - 2026-02-18T23:52:05.256Z - [REQUEST]: Responding to the client. handleRunPreTasksExecution
[NX v22.5.1 Daemon Server] - 2026-02-18T23:52:05.256Z - Done responding to the client handleRunPreTasksExecution
[NX v22.5.1 Daemon Server] - 2026-02-18T23:52:05.256Z - Handled json message PRE_TASKS_EXECUTION. Handling time: 1. Response time: 0.
[NX v22.5.1 Daemon Server] - 2026-02-18T23:52:05.256Z - Time taken for 'preTasksExecution' 0.2768429999705404ms
[NX v22.5.1 Daemon Client] - 2026-02-18T23:52:05.258Z - [Messenger] Received message, length: 2
[NX v22.5.1 Daemon Client] - 2026-02-18T23:52:05.360Z - [Messenger] Sending message type: HASH_TASKS
[NX v22.5.1 Daemon Client] - 2026-02-18T23:52:05.361Z - [Messenger] Message sent
[NX v22.5.1 Daemon Server] - 2026-02-18T23:52:05.361Z - Received raw message of length 8686
[NX v22.5.1 Daemon Server] - 2026-02-18T23:52:05.361Z - Received json message of type HASH_TASKS
[NX v22.5.1 Daemon Server] - 2026-02-18T23:52:05.363Z - Reusing in-memory cached project graph because no files changed.
[NX v22.5.1 Daemon Server] - 2026-02-18T23:52:05.379Z - Wrote project graph cache to /home/poukam-tech/project/marizona/.nx/workspace-data/project-graph.json
DEBUG nx::native::tasks::hash_planner: get_plans_internal COMPLETED in 11.156638ms - processed 1 tasks (setup: 10.415176ms, parallel_planning: 727.767µs)
DEBUG nx::native::tasks::hashers::hash_workspace_files: Hashing workspace fileset with inputs: Adding "12475982618692230973" (".gitignore") to hash
DEBUG nx::native::tasks::hashers::hash_workspace_files: Hashing workspace fileset with inputs: Adding "8516195800549599522" (".nxignore") to hash
DEBUG nx::native::tasks::hashers::hash_workspace_files: Hashing workspace fileset with inputs: Adding "614954295243266697" ("nx.json") to hash
DEBUG nx::native::tasks::hashers::hash_workspace_files: Hashing workspace fileset with inputs: Hash Value: "16382247164987548109"
DEBUG nx::native::tasks::task_hasher: hash_plans COMPLETED in 16.154241ms - processed 1 plans (setup: 4.349519ms, hashing: 11.791262ms, assembly: 5.431837ms)
[NX v22.5.1 Daemon Server] - 2026-02-18T23:52:05.411Z - Serializing response for HASH_TASKS message in json mode
[NX v22.5.1 Daemon Server] - 2026-02-18T23:52:05.412Z - Responding to HASH_TASKS message
[NX v22.5.1 Daemon Server] - 2026-02-18T23:52:05.412Z - [REQUEST]: Responding to the client. handleHashTasks
[NX v22.5.1 Daemon Server] - 2026-02-18T23:52:05.412Z - Done responding to the client handleHashTasks
[NX v22.5.1 Daemon Client] - 2026-02-18T23:52:05.413Z - [Messenger] Received message, length: 77571
[NX v22.5.1 Daemon Server] - 2026-02-18T23:52:05.412Z - Handled json message HASH_TASKS. Handling time: 50. Response time: 1.
[NX v22.5.1 Daemon Server] - 2026-02-18T23:52:05.413Z - Time taken for 'write cache' 16.650211000000127ms
[NX v22.5.1 Daemon Client] - 2026-02-18T23:52:05.440Z - [Messenger] Sending message type: GET_ESTIMATED_TASK_TIMINGS
[NX v22.5.1 Daemon Server] - 2026-02-18T23:52:05.441Z - Received raw message of length 114
[NX v22.5.1 Daemon Server] - 2026-02-18T23:52:05.441Z - Received json message of type GET_ESTIMATED_TASK_TIMINGS
[NX v22.5.1 Daemon Client] - 2026-02-18T23:52:05.441Z - [Messenger] Message sent
[NX v22.5.1 Daemon Server] - 2026-02-18T23:52:05.441Z - Serializing response for GET_ESTIMATED_TASK_TIMINGS message in json mode
[NX v22.5.1 Daemon Server] - 2026-02-18T23:52:05.441Z - Responding to GET_ESTIMATED_TASK_TIMINGS message
[NX v22.5.1 Daemon Server] - 2026-02-18T23:52:05.441Z - [REQUEST]: Responding to the client. handleGetEstimatedTaskTimings
[NX v22.5.1 Daemon Server] - 2026-02-18T23:52:05.441Z - Done responding to the client handleGetEstimatedTaskTimings
[NX v22.5.1 Daemon Server] - 2026-02-18T23:52:05.441Z - Handled json message GET_ESTIMATED_TASK_TIMINGS. Handling time: 0. Response time: 0.
[NX v22.5.1 Daemon Client] - 2026-02-18T23:52:05.446Z - [Messenger] Received message, length: 31
[NX v22.5.1 Daemon Client] - 2026-02-18T23:52:05.456Z - [Messenger] Sending message type: OUTPUTS_HASHES_MATCH
[NX v22.5.1 Daemon Client] - 2026-02-18T23:52:05.457Z - [Messenger] Message sent
[NX v22.5.1 Daemon Server] - 2026-02-18T23:52:05.457Z - Received raw message of length 98
[NX v22.5.1 Daemon Server] - 2026-02-18T23:52:05.457Z - Received json message of type OUTPUTS_HASHES_MATCH
[NX v22.5.1 Daemon Server] - 2026-02-18T23:52:05.459Z - Serializing response for OUTPUTS_HASHES_MATCH message in json mode
[NX v22.5.1 Daemon Server] - 2026-02-18T23:52:05.459Z - Responding to OUTPUTS_HASHES_MATCH message
[NX v22.5.1 Daemon Server] - 2026-02-18T23:52:05.459Z - [REQUEST]: Responding to the client. outputsHashesMatch
[NX v22.5.1 Daemon Client] - 2026-02-18T23:52:05.459Z - [Messenger] Received message, length: 5
[NX v22.5.1 Daemon Server] - 2026-02-18T23:52:05.463Z - Done responding to the client outputsHashesMatch
[NX v22.5.1 Daemon Server] - 2026-02-18T23:52:05.463Z - Handled json message OUTPUTS_HASHES_MATCH. Handling time: 2. Response time: 4.
[NX v22.5.1 Daemon Client] - 2026-02-18T23:52:05.465Z - [Messenger] Sending message type: RECORD_OUTPUTS_HASH
[NX v22.5.1 Daemon Server] - 2026-02-18T23:52:05.468Z - Received raw message of length 97
[NX v22.5.1 Daemon Client] - 2026-02-18T23:52:05.468Z - [Messenger] Message sent
[NX v22.5.1 Daemon Server] - 2026-02-18T23:52:05.468Z - Received json message of type RECORD_OUTPUTS_HASH
[NX v22.5.1 Daemon Server] - 2026-02-18T23:52:05.472Z - Serializing response for RECORD_OUTPUTS_HASH message in json mode
[NX v22.5.1 Daemon Server] - 2026-02-18T23:52:05.472Z - Responding to RECORD_OUTPUTS_HASH message
[NX v22.5.1 Daemon Server] - 2026-02-18T23:52:05.472Z - [REQUEST]: Responding to the client. recordOutputsHash
[NX v22.5.1 Daemon Server] - 2026-02-18T23:52:05.472Z - Done responding to the client recordOutputsHash
[NX v22.5.1 Daemon Server] - 2026-02-18T23:52:05.472Z - Handled json message RECORD_OUTPUTS_HASH. Handling time: 4. Response time: 0.
[NX v22.5.1 Daemon Client] - 2026-02-18T23:52:05.477Z - [Messenger] Received message, length: 2
[NX v22.5.1 Daemon Client] - 2026-02-18T23:52:05.482Z - [Messenger] Sending message type: RECORD_TASK_RUNS
[NX v22.5.1 Daemon Client] - 2026-02-18T23:52:05.482Z - [Messenger] Message sent
[NX v22.5.1 Daemon Server] - 2026-02-18T23:52:05.482Z - Received raw message of length 237
[NX v22.5.1 Daemon Server] - 2026-02-18T23:52:05.483Z - Received json message of type RECORD_TASK_RUNS
[NX v22.5.1 Daemon Server] - 2026-02-18T23:52:05.490Z - Serializing response for RECORD_TASK_RUNS message in json mode
[NX v22.5.1 Daemon Server] - 2026-02-18T23:52:05.490Z - Responding to RECORD_TASK_RUNS message
[NX v22.5.1 Daemon Server] - 2026-02-18T23:52:05.490Z - [REQUEST]: Responding to the client. handleRecordTaskRuns
[NX v22.5.1 Daemon Server] - 2026-02-18T23:52:05.490Z - Done responding to the client handleRecordTaskRuns
[NX v22.5.1 Daemon Server] - 2026-02-18T23:52:05.490Z - Handled json message RECORD_TASK_RUNS. Handling time: 7. Response time: 0.
[NX v22.5.1 Daemon Client] - 2026-02-18T23:52:05.490Z - [Messenger] Received message, length: 4
[NX v22.5.1 Daemon Client] - 2026-02-18T23:52:05.491Z - [Messenger] Sending message type: GET_FLAKY_TASKS
[NX v22.5.1 Daemon Client] - 2026-02-18T23:52:05.491Z - [Messenger] Message sent
[NX v22.5.1 Daemon Server] - 2026-02-18T23:52:05.491Z - Received raw message of length 60
[NX v22.5.1 Daemon Server] - 2026-02-18T23:52:05.491Z - Received json message of type GET_FLAKY_TASKS
[NX v22.5.1 Daemon Server] - 2026-02-18T23:52:05.492Z - Serializing response for GET_FLAKY_TASKS message in json mode
[NX v22.5.1 Daemon Server] - 2026-02-18T23:52:05.492Z - Responding to GET_FLAKY_TASKS message
[NX v22.5.1 Daemon Server] - 2026-02-18T23:52:05.492Z - [REQUEST]: Responding to the client. handleGetFlakyTasks
[NX v22.5.1 Daemon Server] - 2026-02-18T23:52:05.492Z - Done responding to the client handleGetFlakyTasks
[NX v22.5.1 Daemon Server] - 2026-02-18T23:52:05.492Z - Handled json message GET_FLAKY_TASKS. Handling time: 1. Response time: 0.
[NX v22.5.1 Daemon Client] - 2026-02-18T23:52:05.492Z - [Messenger] Received message, length: 2
[NX v22.5.1 Daemon Client] - 2026-02-18T23:52:05.496Z - [Messenger] Sending message type: POST_TASKS_EXECUTION
[NX v22.5.1 Daemon Client] - 2026-02-18T23:52:05.497Z - [Messenger] Message sent
[NX v22.5.1 Daemon Server] - 2026-02-18T23:52:05.497Z - Received raw message of length 49648
[NX v22.5.1 Daemon Server] - 2026-02-18T23:52:05.498Z - Received json message of type POST_TASKS_EXECUTION
[NX v22.5.1 Daemon Server] - 2026-02-18T23:52:05.498Z - Serializing response for POST_TASKS_EXECUTION message in json mode
[NX v22.5.1 Daemon Server] - 2026-02-18T23:52:05.498Z - Responding to POST_TASKS_EXECUTION message
[NX v22.5.1 Daemon Server] - 2026-02-18T23:52:05.498Z - [REQUEST]: Responding to the client. handleRunPostTasksExecution
[NX v22.5.1 Daemon Server] - 2026-02-18T23:52:05.499Z - Done responding to the client handleRunPostTasksExecution
[NX v22.5.1 Daemon Server] - 2026-02-18T23:52:05.499Z - Handled json message POST_TASKS_EXECUTION. Handling time: 0. Response time: 1.
[NX v22.5.1 Daemon Server] - 2026-02-18T23:52:05.499Z - Time taken for 'postTasksExecution' 0.29484700004104525ms
[NX v22.5.1 Daemon Client] - 2026-02-18T23:52:05.499Z - [Messenger] Received message, length: 4
[NX v22.5.1 Daemon Server] - 2026-02-18T23:52:05.519Z - Closed a connection. Number of open connections: 5
[NX v22.5.1 Daemon Server] - 2026-02-18T23:57:18.080Z - [WATCHER]: Processing file changes in outputs
[NX v22.5.1 Daemon Server] - 2026-02-18T23:58:20.977Z - Closed a connection. Number of open connections: 4
[NX v22.5.1 Daemon Client] - 2026-02-18T23:58:20.982Z - [Messenger] Sending message type: RECORD_TASK_RUNS
[NX v22.5.1 Daemon Client] - 2026-02-18T23:58:20.982Z - [Messenger] Message sent
[NX v22.5.1 Daemon Server] - 2026-02-18T23:58:20.986Z - Received raw message of length 206
[NX v22.5.1 Daemon Server] - 2026-02-18T23:58:20.987Z - Received json message of type RECORD_TASK_RUNS
[NX v22.5.1 Daemon Server] - 2026-02-18T23:58:20.989Z - Serializing response for RECORD_TASK_RUNS message in json mode
[NX v22.5.1 Daemon Server] - 2026-02-18T23:58:20.990Z - Responding to RECORD_TASK_RUNS message
[NX v22.5.1 Daemon Server] - 2026-02-18T23:58:20.990Z - [REQUEST]: Responding to the client. handleRecordTaskRuns
[NX v22.5.1 Daemon Server] - 2026-02-18T23:58:20.990Z - Done responding to the client handleRecordTaskRuns
[NX v22.5.1 Daemon Server] - 2026-02-18T23:58:20.990Z - Handled json message RECORD_TASK_RUNS. Handling time: 2. Response time: 1.
[NX v22.5.1 Daemon Client] - 2026-02-18T23:58:20.990Z - [Messenger] Received message, length: 4
[NX v22.5.1 Daemon Client] - 2026-02-18T23:58:20.991Z - [Messenger] Sending message type: GET_FLAKY_TASKS
[NX v22.5.1 Daemon Client] - 2026-02-18T23:58:20.991Z - [Messenger] Message sent
[NX v22.5.1 Daemon Client] - 2026-02-18T23:58:20.994Z - [FileWatcher] Socket closed, triggering reconnection
[NX v22.5.1 Daemon Server] - 2026-02-18T23:58:20.994Z - Received raw message of length 59
[NX v22.5.1 Daemon Server] - 2026-02-18T23:58:20.994Z - Received json message of type GET_FLAKY_TASKS
[NX v22.5.1 Daemon Server] - 2026-02-18T23:58:20.995Z - Serializing response for GET_FLAKY_TASKS message in json mode
[NX v22.5.1 Daemon Server] - 2026-02-18T23:58:20.995Z - Responding to GET_FLAKY_TASKS message
[NX v22.5.1 Daemon Server] - 2026-02-18T23:58:20.995Z - [REQUEST]: Responding to the client. handleGetFlakyTasks
[NX v22.5.1 Daemon Server] - 2026-02-18T23:58:20.995Z - Done responding to the client handleGetFlakyTasks
[NX v22.5.1 Daemon Server] - 2026-02-18T23:58:20.995Z - Handled json message GET_FLAKY_TASKS. Handling time: 0. Response time: 0.
[NX v22.5.1 Daemon Client] - 2026-02-18T23:58:20.995Z - [Messenger] Received message, length: 2
[NX v22.5.1 Daemon Client] - 2026-02-18T23:58:21.014Z - [Messenger] Sending message type: POST_TASKS_EXECUTION
[NX v22.5.1 Daemon Client] - 2026-02-18T23:58:21.015Z - [Messenger] Message sent
[NX v22.5.1 Daemon Server] - 2026-02-18T23:58:21.017Z - Received raw message of length 49572
[NX v22.5.1 Daemon Server] - 2026-02-18T23:58:21.019Z - Received json message of type POST_TASKS_EXECUTION
[NX v22.5.1 Daemon Server] - 2026-02-18T23:58:21.021Z - Serializing response for POST_TASKS_EXECUTION message in json mode
[NX v22.5.1 Daemon Server] - 2026-02-18T23:58:21.022Z - Responding to POST_TASKS_EXECUTION message
[NX v22.5.1 Daemon Server] - 2026-02-18T23:58:21.022Z - [REQUEST]: Responding to the client. handleRunPostTasksExecution
[NX v22.5.1 Daemon Server] - 2026-02-18T23:58:21.022Z - Done responding to the client handleRunPostTasksExecution
[NX v22.5.1 Daemon Server] - 2026-02-18T23:58:21.022Z - Handled json message POST_TASKS_EXECUTION. Handling time: 2. Response time: 1.
[NX v22.5.1 Daemon Client] - 2026-02-18T23:58:21.022Z - [Messenger] Received message, length: 4
[NX v22.5.1 Daemon Server] - 2026-02-18T23:58:21.022Z - Time taken for 'postTasksExecution' 2.1753779998980463ms
[NX v22.5.1 Daemon Server] - 2026-02-18T23:58:21.073Z - Closed a connection. Number of open connections: 3
[NX v22.5.1 Daemon Server] - 2026-02-18T23:58:21.088Z - Closed a connection. Number of open connections: 2
[NX v22.5.1 Daemon Server] - 2026-02-18T23:58:25.441Z - Established a connection. Number of open connections: 3
[NX v22.5.1 Daemon Server] - 2026-02-18T23:58:25.443Z - Closed a connection. Number of open connections: 2
[NX v22.5.1 Daemon Server] - 2026-02-18T23:58:25.444Z - Established a connection. Number of open connections: 3
[NX v22.5.1 Daemon Server] - 2026-02-18T23:58:25.444Z - Closed a connection. Number of open connections: 2
[NX v22.5.1 Daemon Server] - 2026-02-18T23:58:25.445Z - Established a connection. Number of open connections: 3
[NX v22.5.1 Daemon Client] - 2026-02-18T23:58:25.445Z - [Messenger] Setting up socket listeners
[NX v22.5.1 Daemon Client] - 2026-02-18T23:58:25.446Z - [Messenger] listen() complete
[NX v22.5.1 Daemon Client] - 2026-02-18T23:58:25.447Z - [Messenger] Sending message type: GET_NX_CONSOLE_STATUS
[NX v22.5.1 Daemon Client] - 2026-02-18T23:58:25.447Z - [Messenger] Message sent
[NX v22.5.1 Daemon Server] - 2026-02-18T23:58:25.521Z - Received raw message of length 32
[NX v22.5.1 Daemon Server] - 2026-02-18T23:58:25.521Z - Received json message of type GET_NX_CONSOLE_STATUS
[NX v22.5.1 Daemon Server] - 2026-02-18T23:58:25.521Z - Serializing response for GET_NX_CONSOLE_STATUS message in json mode
[NX v22.5.1 Daemon Server] - 2026-02-18T23:58:25.521Z - Responding to GET_NX_CONSOLE_STATUS message
[NX v22.5.1 Daemon Server] - 2026-02-18T23:58:25.521Z - [REQUEST]: Responding to the client. handleGetNxConsoleStatus
[NX v22.5.1 Daemon Server] - 2026-02-18T23:58:25.522Z - Done responding to the client handleGetNxConsoleStatus
[NX v22.5.1 Daemon Server] - 2026-02-18T23:58:25.522Z - Handled json message GET_NX_CONSOLE_STATUS. Handling time: 0. Response time: 1.
[NX v22.5.1 Daemon Client] - 2026-02-18T23:58:25.522Z - [Messenger] Received message, length: 22
[NX v22.5.1 Daemon Client] - 2026-02-18T23:58:25.576Z - [Messenger] Sending message type: REQUEST_PROJECT_GRAPH
[NX v22.5.1 Daemon Client] - 2026-02-18T23:58:25.577Z - [Messenger] Message sent
[NX v22.5.1 Daemon Server] - 2026-02-18T23:58:25.577Z - Received raw message of length 32
[NX v22.5.1 Daemon Server] - 2026-02-18T23:58:25.577Z - Received json message of type REQUEST_PROJECT_GRAPH
[NX v22.5.1 Daemon Server] - 2026-02-18T23:58:25.577Z - [REQUEST]: Client Request for Project Graph Received
[NX v22.5.1 Daemon Server] - 2026-02-18T23:58:25.577Z - Reusing in-memory cached project graph because no files changed.
[NX v22.5.1 Daemon Server] - 2026-02-18T23:58:25.587Z - Wrote project graph cache to /home/poukam-tech/project/marizona/.nx/workspace-data/project-graph.json
[NX v22.5.1 Daemon Server] - 2026-02-18T23:58:25.587Z - Serializing response for REQUEST_PROJECT_GRAPH message in json mode
[NX v22.5.1 Daemon Server] - 2026-02-18T23:58:25.587Z - Responding to REQUEST_PROJECT_GRAPH message
[NX v22.5.1 Daemon Server] - 2026-02-18T23:58:25.587Z - [REQUEST]: Responding to the client. project-graph
[NX v22.5.1 Daemon Server] - 2026-02-18T23:58:25.589Z - Time taken for 'total for creating and serializing project graph' 9.95863000000827ms
[NX v22.5.1 Daemon Server] - 2026-02-18T23:58:25.592Z - Done responding to the client project-graph
[NX v22.5.1 Daemon Server] - 2026-02-18T23:58:25.592Z - Handled json message REQUEST_PROJECT_GRAPH. Handling time: 10. Response time: 5.
[NX v22.5.1 Daemon Client] - 2026-02-18T23:58:25.594Z - [Messenger] Received message, length: 1341409
[NX v22.5.1 Daemon Client] - 2026-02-18T23:58:25.608Z - [Messenger] Sending message type: PRE_TASKS_EXECUTION
[NX v22.5.1 Daemon Client] - 2026-02-18T23:58:25.608Z - [Messenger] Message sent
[NX v22.5.1 Daemon Server] - 2026-02-18T23:58:25.608Z - Received raw message of length 1611
[NX v22.5.1 Daemon Server] - 2026-02-18T23:58:25.608Z - Received json message of type PRE_TASKS_EXECUTION
[NX v22.5.1 Daemon Server] - 2026-02-18T23:58:25.609Z - Serializing response for PRE_TASKS_EXECUTION message in json mode
[NX v22.5.1 Daemon Server] - 2026-02-18T23:58:25.609Z - Responding to PRE_TASKS_EXECUTION message
[NX v22.5.1 Daemon Server] - 2026-02-18T23:58:25.609Z - [REQUEST]: Responding to the client. handleRunPreTasksExecution
[NX v22.5.1 Daemon Server] - 2026-02-18T23:58:25.609Z - Done responding to the client handleRunPreTasksExecution
[NX v22.5.1 Daemon Server] - 2026-02-18T23:58:25.609Z - Handled json message PRE_TASKS_EXECUTION. Handling time: 1. Response time: 0.
[NX v22.5.1 Daemon Server] - 2026-02-18T23:58:25.609Z - Time taken for 'preTasksExecution' 0.4262980001512915ms
[NX v22.5.1 Daemon Client] - 2026-02-18T23:58:25.609Z - [Messenger] Received message, length: 2
[NX v22.5.1 Daemon Client] - 2026-02-18T23:58:25.682Z - [Messenger] Sending message type: HASH_TASKS
[NX v22.5.1 Daemon Client] - 2026-02-18T23:58:25.683Z - [Messenger] Message sent
[NX v22.5.1 Daemon Server] - 2026-02-18T23:58:25.683Z - Received raw message of length 8713
[NX v22.5.1 Daemon Server] - 2026-02-18T23:58:25.683Z - Received json message of type HASH_TASKS
[NX v22.5.1 Daemon Server] - 2026-02-18T23:58:25.683Z - Reusing in-memory cached project graph because no files changed.
[NX v22.5.1 Daemon Server] - 2026-02-18T23:58:25.700Z - Wrote project graph cache to /home/poukam-tech/project/marizona/.nx/workspace-data/project-graph.json
DEBUG nx::native::tasks::hash_planner: get_plans_internal COMPLETED in 9.650013ms - processed 2 tasks (setup: 8.667805ms, parallel_planning: 956.48µs)
DEBUG nx::native::tasks::hashers::hash_workspace_files: Hashing workspace fileset with inputs: Adding "12475982618692230973" (".gitignore") to hash
DEBUG nx::native::tasks::hashers::hash_workspace_files: Hashing workspace fileset with inputs: Adding "8516195800549599522" (".nxignore") to hash
DEBUG nx::native::tasks::hashers::hash_workspace_files: Hashing workspace fileset with inputs: Adding "614954295243266697" ("nx.json") to hash
DEBUG nx::native::tasks::hashers::hash_workspace_files: Hashing workspace fileset with inputs: Hash Value: "16382247164987548109"
DEBUG nx::native::tasks::hashers::hash_workspace_files: Hashing workspace fileset with inputs: Adding "12475982618692230973" (".gitignore") to hash
DEBUG nx::native::tasks::hashers::hash_workspace_files: Hashing workspace fileset with inputs: Adding "8516195800549599522" (".nxignore") to hash
DEBUG nx::native::tasks::hashers::hash_workspace_files: Hashing workspace fileset with inputs: Adding "614954295243266697" ("nx.json") to hash
DEBUG nx::native::tasks::hashers::hash_workspace_files: Hashing workspace fileset with inputs: Hash Value: "16382247164987548109"
DEBUG nx::native::tasks::task_hasher: hash_plans COMPLETED in 11.699813ms - processed 2 plans (setup: 1.169743ms, hashing: 10.524563ms, assembly: 4.163354ms)
[NX v22.5.1 Daemon Server] - 2026-02-18T23:58:25.724Z - Serializing response for HASH_TASKS message in json mode
[NX v22.5.1 Daemon Server] - 2026-02-18T23:58:25.725Z - Responding to HASH_TASKS message
[NX v22.5.1 Daemon Server] - 2026-02-18T23:58:25.725Z - [REQUEST]: Responding to the client. handleHashTasks
[NX v22.5.1 Daemon Server] - 2026-02-18T23:58:25.726Z - Done responding to the client handleHashTasks
[NX v22.5.1 Daemon Server] - 2026-02-18T23:58:25.726Z - Handled json message HASH_TASKS. Handling time: 41. Response time: 2.
[NX v22.5.1 Daemon Server] - 2026-02-18T23:58:25.726Z - Time taken for 'write cache' 16.504710000008345ms
[NX v22.5.1 Daemon Client] - 2026-02-18T23:58:25.726Z - [Messenger] Received message, length: 154877
[NX v22.5.1 Daemon Client] - 2026-02-18T23:58:25.748Z - [Messenger] Sending message type: GET_ESTIMATED_TASK_TIMINGS
[NX v22.5.1 Daemon Client] - 2026-02-18T23:58:25.749Z - [Messenger] Message sent
[NX v22.5.1 Daemon Server] - 2026-02-18T23:58:25.749Z - Received raw message of length 149
[NX v22.5.1 Daemon Server] - 2026-02-18T23:58:25.749Z - Received json message of type GET_ESTIMATED_TASK_TIMINGS
[NX v22.5.1 Daemon Server] - 2026-02-18T23:58:25.749Z - Serializing response for GET_ESTIMATED_TASK_TIMINGS message in json mode
[NX v22.5.1 Daemon Server] - 2026-02-18T23:58:25.749Z - Responding to GET_ESTIMATED_TASK_TIMINGS message
[NX v22.5.1 Daemon Server] - 2026-02-18T23:58:25.749Z - [REQUEST]: Responding to the client. handleGetEstimatedTaskTimings
[NX v22.5.1 Daemon Server] - 2026-02-18T23:58:25.749Z - Done responding to the client handleGetEstimatedTaskTimings
[NX v22.5.1 Daemon Server] - 2026-02-18T23:58:25.749Z - Handled json message GET_ESTIMATED_TASK_TIMINGS. Handling time: 0. Response time: 0.
[NX v22.5.1 Daemon Client] - 2026-02-18T23:58:25.750Z - [Messenger] Received message, length: 19
[NX v22.5.1 Daemon Client] - 2026-02-18T23:58:25.759Z - [Messenger] Sending message type: OUTPUTS_HASHES_MATCH
[NX v22.5.1 Daemon Client] - 2026-02-18T23:58:25.760Z - [Messenger] Message sent
[NX v22.5.1 Daemon Server] - 2026-02-18T23:58:25.760Z - Received raw message of length 97
[NX v22.5.1 Daemon Server] - 2026-02-18T23:58:25.760Z - Received json message of type OUTPUTS_HASHES_MATCH
[NX v22.5.1 Daemon Server] - 2026-02-18T23:58:25.762Z - Serializing response for OUTPUTS_HASHES_MATCH message in json mode
[NX v22.5.1 Daemon Server] - 2026-02-18T23:58:25.762Z - Responding to OUTPUTS_HASHES_MATCH message
[NX v22.5.1 Daemon Server] - 2026-02-18T23:58:25.762Z - [REQUEST]: Responding to the client. outputsHashesMatch
[NX v22.5.1 Daemon Server] - 2026-02-18T23:58:25.763Z - Done responding to the client outputsHashesMatch
[NX v22.5.1 Daemon Server] - 2026-02-18T23:58:25.763Z - Handled json message OUTPUTS_HASHES_MATCH. Handling time: 2. Response time: 1.
[NX v22.5.1 Daemon Client] - 2026-02-18T23:58:25.764Z - [Messenger] Received message, length: 5
[NX v22.5.1 Daemon Client] - 2026-02-18T23:58:25.767Z - [Messenger] Sending message type: RECORD_OUTPUTS_HASH
[NX v22.5.1 Daemon Client] - 2026-02-18T23:58:25.767Z - [Messenger] Message sent
[NX v22.5.1 Daemon Server] - 2026-02-18T23:58:25.768Z - Received raw message of length 96
[NX v22.5.1 Daemon Server] - 2026-02-18T23:58:25.768Z - Received json message of type RECORD_OUTPUTS_HASH
[NX v22.5.1 Daemon Server] - 2026-02-18T23:58:25.771Z - Serializing response for RECORD_OUTPUTS_HASH message in json mode
[NX v22.5.1 Daemon Server] - 2026-02-18T23:58:25.771Z - Responding to RECORD_OUTPUTS_HASH message
[NX v22.5.1 Daemon Server] - 2026-02-18T23:58:25.771Z - [REQUEST]: Responding to the client. recordOutputsHash
[NX v22.5.1 Daemon Server] - 2026-02-18T23:58:25.772Z - Done responding to the client recordOutputsHash
[NX v22.5.1 Daemon Server] - 2026-02-18T23:58:25.772Z - Handled json message RECORD_OUTPUTS_HASH. Handling time: 3. Response time: 1.
[NX v22.5.1 Daemon Client] - 2026-02-18T23:58:25.772Z - [Messenger] Received message, length: 2
[NX v22.5.1 Daemon Server] - 2026-02-18T23:58:26.865Z - Established a connection. Number of open connections: 4
[NX v22.5.1 Daemon Server] - 2026-02-18T23:58:26.866Z - Closed a connection. Number of open connections: 3
[NX v22.5.1 Daemon Server] - 2026-02-18T23:58:26.868Z - Established a connection. Number of open connections: 4
[NX v22.5.1 Daemon Client] - 2026-02-18T23:58:26.868Z - [Messenger] Setting up socket listeners
[NX v22.5.1 Daemon Client] - 2026-02-18T23:58:26.869Z - [Messenger] listen() complete
[NX v22.5.1 Daemon Client] - 2026-02-18T23:58:26.870Z - [Messenger] Sending message type: REQUEST_PROJECT_GRAPH
[NX v22.5.1 Daemon Client] - 2026-02-18T23:58:26.871Z - [Messenger] Message sent
[NX v22.5.1 Daemon Server] - 2026-02-18T23:58:26.967Z - Received raw message of length 32
[NX v22.5.1 Daemon Server] - 2026-02-18T23:58:26.967Z - Received json message of type REQUEST_PROJECT_GRAPH
[NX v22.5.1 Daemon Server] - 2026-02-18T23:58:26.967Z - [REQUEST]: Client Request for Project Graph Received
[NX v22.5.1 Daemon Server] - 2026-02-18T23:58:26.968Z - Reusing in-memory cached project graph because no files changed.
[NX v22.5.1 Daemon Server] - 2026-02-18T23:58:26.987Z - Wrote project graph cache to /home/poukam-tech/project/marizona/.nx/workspace-data/project-graph.json
[NX v22.5.1 Daemon Server] - 2026-02-18T23:58:26.988Z - Serializing response for REQUEST_PROJECT_GRAPH message in json mode
[NX v22.5.1 Daemon Server] - 2026-02-18T23:58:26.988Z - Responding to REQUEST_PROJECT_GRAPH message
[NX v22.5.1 Daemon Server] - 2026-02-18T23:58:26.988Z - [REQUEST]: Responding to the client. project-graph
[NX v22.5.1 Daemon Server] - 2026-02-18T23:58:26.992Z - Time taken for 'total for creating and serializing project graph' 20.206779999891296ms
[NX v22.5.1 Daemon Server] - 2026-02-18T23:58:26.998Z - Done responding to the client project-graph
[NX v22.5.1 Daemon Server] - 2026-02-18T23:58:26.998Z - Handled json message REQUEST_PROJECT_GRAPH. Handling time: 21. Response time: 10.
[NX v22.5.1 Daemon Client] - 2026-02-18T23:58:27.001Z - [Messenger] Received message, length: 1341409
[NX v22.5.1 Daemon Client] - 2026-02-18T23:58:27.031Z - [Messenger] Setting up socket listeners
[NX v22.5.1 Daemon Client] - 2026-02-18T23:58:27.032Z - [Messenger] listen() complete
[NX v22.5.1 Daemon Client] - 2026-02-18T23:58:27.032Z - [Messenger] Sending message type: REGISTER_FILE_WATCHER
[NX v22.5.1 Daemon Client] - 2026-02-18T23:58:27.032Z - [Messenger] Message sent
[NX v22.5.1 Daemon Server] - 2026-02-18T23:58:27.033Z - Established a connection. Number of open connections: 5
[NX v22.5.1 Daemon Server] - 2026-02-18T23:58:27.044Z - Received raw message of length 99
[NX v22.5.1 Daemon Server] - 2026-02-18T23:58:27.044Z - Received json message of type REGISTER_FILE_WATCHER
[NX v22.5.1 Daemon Server] - 2026-02-18T23:58:27.424Z - Established a connection. Number of open connections: 6
[NX v22.5.1 Daemon Server] - 2026-02-18T23:58:27.428Z - Closed a connection. Number of open connections: 5
[NX v22.5.1 Daemon Server] - 2026-02-18T23:58:27.430Z - Established a connection. Number of open connections: 6
[NX v22.5.1 Daemon Server] - 2026-02-18T23:58:27.430Z - Closed a connection. Number of open connections: 5
[NX v22.5.1 Daemon Server] - 2026-02-18T23:58:27.432Z - Established a connection. Number of open connections: 6
[NX v22.5.1 Daemon Client] - 2026-02-18T23:58:27.432Z - [Messenger] Setting up socket listeners
[NX v22.5.1 Daemon Client] - 2026-02-18T23:58:27.433Z - [Messenger] listen() complete
[NX v22.5.1 Daemon Client] - 2026-02-18T23:58:27.434Z - [Messenger] Sending message type: GET_NX_CONSOLE_STATUS
[NX v22.5.1 Daemon Client] - 2026-02-18T23:58:27.436Z - [Messenger] Message sent
[NX v22.5.1 Daemon Server] - 2026-02-18T23:58:27.512Z - Received raw message of length 32
[NX v22.5.1 Daemon Server] - 2026-02-18T23:58:27.513Z - Received json message of type GET_NX_CONSOLE_STATUS
[NX v22.5.1 Daemon Server] - 2026-02-18T23:58:27.513Z - Serializing response for GET_NX_CONSOLE_STATUS message in json mode
[NX v22.5.1 Daemon Server] - 2026-02-18T23:58:27.513Z - Responding to GET_NX_CONSOLE_STATUS message
[NX v22.5.1 Daemon Server] - 2026-02-18T23:58:27.513Z - [REQUEST]: Responding to the client. handleGetNxConsoleStatus
[NX v22.5.1 Daemon Server] - 2026-02-18T23:58:27.513Z - Done responding to the client handleGetNxConsoleStatus
[NX v22.5.1 Daemon Server] - 2026-02-18T23:58:27.513Z - Handled json message GET_NX_CONSOLE_STATUS. Handling time: 0. Response time: 0.
[NX v22.5.1 Daemon Client] - 2026-02-18T23:58:27.514Z - [Messenger] Received message, length: 22
[NX v22.5.1 Daemon Client] - 2026-02-18T23:58:27.646Z - [Messenger] Sending message type: REQUEST_PROJECT_GRAPH
[NX v22.5.1 Daemon Client] - 2026-02-18T23:58:27.646Z - [Messenger] Message sent
[NX v22.5.1 Daemon Server] - 2026-02-18T23:58:27.646Z - Received raw message of length 32
[NX v22.5.1 Daemon Server] - 2026-02-18T23:58:27.646Z - Received json message of type REQUEST_PROJECT_GRAPH
[NX v22.5.1 Daemon Server] - 2026-02-18T23:58:27.647Z - [REQUEST]: Client Request for Project Graph Received
[NX v22.5.1 Daemon Server] - 2026-02-18T23:58:27.648Z - Reusing in-memory cached project graph because no files changed.
[NX v22.5.1 Daemon Server] - 2026-02-18T23:58:27.684Z - Wrote project graph cache to /home/poukam-tech/project/marizona/.nx/workspace-data/project-graph.json
[NX v22.5.1 Daemon Server] - 2026-02-18T23:58:27.684Z - Serializing response for REQUEST_PROJECT_GRAPH message in json mode
[NX v22.5.1 Daemon Server] - 2026-02-18T23:58:27.684Z - Responding to REQUEST_PROJECT_GRAPH message
[NX v22.5.1 Daemon Server] - 2026-02-18T23:58:27.684Z - [REQUEST]: Responding to the client. project-graph
[NX v22.5.1 Daemon Server] - 2026-02-18T23:58:27.689Z - Time taken for 'total for creating and serializing project graph' 37.628069000085816ms
[NX v22.5.1 Daemon Server] - 2026-02-18T23:58:27.693Z - Done responding to the client project-graph
[NX v22.5.1 Daemon Server] - 2026-02-18T23:58:27.693Z - Handled json message REQUEST_PROJECT_GRAPH. Handling time: 37. Response time: 9.
[NX v22.5.1 Daemon Client] - 2026-02-18T23:58:27.695Z - [Messenger] Received message, length: 1341409
[NX v22.5.1 Daemon Client] - 2026-02-18T23:58:27.716Z - [Messenger] Sending message type: PRE_TASKS_EXECUTION
[NX v22.5.1 Daemon Server] - 2026-02-18T23:58:27.716Z - Received raw message of length 1632
[NX v22.5.1 Daemon Server] - 2026-02-18T23:58:27.716Z - Received json message of type PRE_TASKS_EXECUTION
[NX v22.5.1 Daemon Client] - 2026-02-18T23:58:27.717Z - [Messenger] Message sent
[NX v22.5.1 Daemon Server] - 2026-02-18T23:58:27.717Z - Serializing response for PRE_TASKS_EXECUTION message in json mode
[NX v22.5.1 Daemon Server] - 2026-02-18T23:58:27.717Z - Responding to PRE_TASKS_EXECUTION message
[NX v22.5.1 Daemon Server] - 2026-02-18T23:58:27.717Z - [REQUEST]: Responding to the client. handleRunPreTasksExecution
[NX v22.5.1 Daemon Client] - 2026-02-18T23:58:27.717Z - [Messenger] Received message, length: 2
[NX v22.5.1 Daemon Server] - 2026-02-18T23:58:27.719Z - Done responding to the client handleRunPreTasksExecution
[NX v22.5.1 Daemon Server] - 2026-02-18T23:58:27.719Z - Handled json message PRE_TASKS_EXECUTION. Handling time: 0. Response time: 2.
[NX v22.5.1 Daemon Server] - 2026-02-18T23:58:27.719Z - Time taken for 'preTasksExecution' 0.49835400003939867ms
[NX v22.5.1 Daemon Client] - 2026-02-18T23:58:27.763Z - [Messenger] Sending message type: HASH_TASKS
[NX v22.5.1 Daemon Server] - 2026-02-18T23:58:27.763Z - Received raw message of length 8645
[NX v22.5.1 Daemon Server] - 2026-02-18T23:58:27.763Z - Received json message of type HASH_TASKS
[NX v22.5.1 Daemon Client] - 2026-02-18T23:58:27.764Z - [Messenger] Message sent
[NX v22.5.1 Daemon Server] - 2026-02-18T23:58:27.764Z - Reusing in-memory cached project graph because no files changed.
[NX v22.5.1 Daemon Server] - 2026-02-18T23:58:27.784Z - Wrote project graph cache to /home/poukam-tech/project/marizona/.nx/workspace-data/project-graph.json
DEBUG nx::native::tasks::hash_planner: get_plans_internal COMPLETED in 12.926115ms - processed 1 tasks (setup: 12.078317ms, parallel_planning: 826.909µs)
DEBUG nx::native::tasks::hashers::hash_workspace_files: Hashing workspace fileset with inputs: Adding "12475982618692230973" (".gitignore") to hash
DEBUG nx::native::tasks::hashers::hash_workspace_files: Hashing workspace fileset with inputs: Adding "8516195800549599522" (".nxignore") to hash
DEBUG nx::native::tasks::hashers::hash_workspace_files: Hashing workspace fileset with inputs: Adding "614954295243266697" ("nx.json") to hash
DEBUG nx::native::tasks::hashers::hash_workspace_files: Hashing workspace fileset with inputs: Hash Value: "16382247164987548109"
DEBUG nx::native::tasks::task_hasher: hash_plans COMPLETED in 11.533697ms - processed 1 plans (setup: 3.395487ms, hashing: 8.120832ms, assembly: 2.860287ms)
[NX v22.5.1 Daemon Server] - 2026-02-18T23:58:27.813Z - Serializing response for HASH_TASKS message in json mode
[NX v22.5.1 Daemon Server] - 2026-02-18T23:58:27.813Z - Responding to HASH_TASKS message
[NX v22.5.1 Daemon Server] - 2026-02-18T23:58:27.813Z - [REQUEST]: Responding to the client. handleHashTasks
[NX v22.5.1 Daemon Server] - 2026-02-18T23:58:27.814Z - Done responding to the client handleHashTasks
[NX v22.5.1 Daemon Server] - 2026-02-18T23:58:27.814Z - Handled json message HASH_TASKS. Handling time: 49. Response time: 1.
[NX v22.5.1 Daemon Server] - 2026-02-18T23:58:27.814Z - Time taken for 'write cache' 19.59724700008519ms
[NX v22.5.1 Daemon Client] - 2026-02-18T23:58:27.815Z - [Messenger] Received message, length: 77571
[NX v22.5.1 Daemon Client] - 2026-02-18T23:58:27.850Z - [Messenger] Sending message type: GET_ESTIMATED_TASK_TIMINGS
[NX v22.5.1 Daemon Client] - 2026-02-18T23:58:27.851Z - [Messenger] Message sent
[NX v22.5.1 Daemon Server] - 2026-02-18T23:58:27.853Z - Received raw message of length 114
[NX v22.5.1 Daemon Server] - 2026-02-18T23:58:27.853Z - Received json message of type GET_ESTIMATED_TASK_TIMINGS
[NX v22.5.1 Daemon Server] - 2026-02-18T23:58:27.855Z - Serializing response for GET_ESTIMATED_TASK_TIMINGS message in json mode
[NX v22.5.1 Daemon Server] - 2026-02-18T23:58:27.855Z - Responding to GET_ESTIMATED_TASK_TIMINGS message
[NX v22.5.1 Daemon Server] - 2026-02-18T23:58:27.855Z - [REQUEST]: Responding to the client. handleGetEstimatedTaskTimings
[NX v22.5.1 Daemon Server] - 2026-02-18T23:58:27.855Z - Done responding to the client handleGetEstimatedTaskTimings
[NX v22.5.1 Daemon Server] - 2026-02-18T23:58:27.855Z - Handled json message GET_ESTIMATED_TASK_TIMINGS. Handling time: 2. Response time: 0.
[NX v22.5.1 Daemon Client] - 2026-02-18T23:58:27.857Z - [Messenger] Received message, length: 31
[NX v22.5.1 Daemon Client] - 2026-02-18T23:58:27.877Z - [Messenger] Sending message type: OUTPUTS_HASHES_MATCH
[NX v22.5.1 Daemon Client] - 2026-02-18T23:58:27.877Z - [Messenger] Message sent
[NX v22.5.1 Daemon Server] - 2026-02-18T23:58:27.878Z - Received raw message of length 98
[NX v22.5.1 Daemon Server] - 2026-02-18T23:58:27.878Z - Received json message of type OUTPUTS_HASHES_MATCH
[NX v22.5.1 Daemon Server] - 2026-02-18T23:58:27.880Z - Serializing response for OUTPUTS_HASHES_MATCH message in json mode
[NX v22.5.1 Daemon Server] - 2026-02-18T23:58:27.881Z - Responding to OUTPUTS_HASHES_MATCH message
[NX v22.5.1 Daemon Server] - 2026-02-18T23:58:27.881Z - [REQUEST]: Responding to the client. outputsHashesMatch
[NX v22.5.1 Daemon Server] - 2026-02-18T23:58:27.881Z - Done responding to the client outputsHashesMatch
[NX v22.5.1 Daemon Server] - 2026-02-18T23:58:27.881Z - Handled json message OUTPUTS_HASHES_MATCH. Handling time: 2. Response time: 1.
[NX v22.5.1 Daemon Client] - 2026-02-18T23:58:27.881Z - [Messenger] Received message, length: 5
[NX v22.5.1 Daemon Client] - 2026-02-18T23:58:27.888Z - [Messenger] Sending message type: RECORD_OUTPUTS_HASH
[NX v22.5.1 Daemon Client] - 2026-02-18T23:58:27.890Z - [Messenger] Message sent
[NX v22.5.1 Daemon Server] - 2026-02-18T23:58:27.891Z - Received raw message of length 97
[NX v22.5.1 Daemon Server] - 2026-02-18T23:58:27.891Z - Received json message of type RECORD_OUTPUTS_HASH
[NX v22.5.1 Daemon Server] - 2026-02-18T23:58:27.896Z - Serializing response for RECORD_OUTPUTS_HASH message in json mode
[NX v22.5.1 Daemon Server] - 2026-02-18T23:58:27.897Z - Responding to RECORD_OUTPUTS_HASH message
[NX v22.5.1 Daemon Server] - 2026-02-18T23:58:27.897Z - [REQUEST]: Responding to the client. recordOutputsHash
[NX v22.5.1 Daemon Client] - 2026-02-18T23:58:27.897Z - [Messenger] Received message, length: 2
[NX v22.5.1 Daemon Server] - 2026-02-18T23:58:27.900Z - Done responding to the client recordOutputsHash
[NX v22.5.1 Daemon Server] - 2026-02-18T23:58:27.900Z - Handled json message RECORD_OUTPUTS_HASH. Handling time: 5. Response time: 4.
[NX v22.5.1 Daemon Client] - 2026-02-18T23:58:27.905Z - [Messenger] Sending message type: RECORD_TASK_RUNS
[NX v22.5.1 Daemon Client] - 2026-02-18T23:58:27.905Z - [Messenger] Message sent
[NX v22.5.1 Daemon Server] - 2026-02-18T23:58:27.905Z - Received raw message of length 237
[NX v22.5.1 Daemon Server] - 2026-02-18T23:58:27.906Z - Received json message of type RECORD_TASK_RUNS
[NX v22.5.1 Daemon Server] - 2026-02-18T23:58:27.911Z - Serializing response for RECORD_TASK_RUNS message in json mode
[NX v22.5.1 Daemon Server] - 2026-02-18T23:58:27.911Z - Responding to RECORD_TASK_RUNS message
[NX v22.5.1 Daemon Server] - 2026-02-18T23:58:27.911Z - [REQUEST]: Responding to the client. handleRecordTaskRuns
[NX v22.5.1 Daemon Server] - 2026-02-18T23:58:27.911Z - Done responding to the client handleRecordTaskRuns
[NX v22.5.1 Daemon Server] - 2026-02-18T23:58:27.912Z - Handled json message RECORD_TASK_RUNS. Handling time: 5. Response time: 1.
[NX v22.5.1 Daemon Client] - 2026-02-18T23:58:27.916Z - [Messenger] Received message, length: 4
[NX v22.5.1 Daemon Client] - 2026-02-18T23:58:27.917Z - [Messenger] Sending message type: GET_FLAKY_TASKS
[NX v22.5.1 Daemon Client] - 2026-02-18T23:58:27.917Z - [Messenger] Message sent
[NX v22.5.1 Daemon Server] - 2026-02-18T23:58:27.918Z - Received raw message of length 60
[NX v22.5.1 Daemon Server] - 2026-02-18T23:58:27.918Z - Received json message of type GET_FLAKY_TASKS
[NX v22.5.1 Daemon Server] - 2026-02-18T23:58:27.918Z - Serializing response for GET_FLAKY_TASKS message in json mode
[NX v22.5.1 Daemon Server] - 2026-02-18T23:58:27.918Z - Responding to GET_FLAKY_TASKS message
[NX v22.5.1 Daemon Server] - 2026-02-18T23:58:27.918Z - [REQUEST]: Responding to the client. handleGetFlakyTasks
[NX v22.5.1 Daemon Server] - 2026-02-18T23:58:27.918Z - Done responding to the client handleGetFlakyTasks
[NX v22.5.1 Daemon Server] - 2026-02-18T23:58:27.918Z - Handled json message GET_FLAKY_TASKS. Handling time: 0. Response time: 0.
[NX v22.5.1 Daemon Client] - 2026-02-18T23:58:27.919Z - [Messenger] Received message, length: 2
[NX v22.5.1 Daemon Client] - 2026-02-18T23:58:27.925Z - [Messenger] Sending message type: POST_TASKS_EXECUTION
[NX v22.5.1 Daemon Client] - 2026-02-18T23:58:27.925Z - [Messenger] Message sent
[NX v22.5.1 Daemon Server] - 2026-02-18T23:58:27.926Z - Received raw message of length 49649
[NX v22.5.1 Daemon Server] - 2026-02-18T23:58:27.927Z - Received json message of type POST_TASKS_EXECUTION
[NX v22.5.1 Daemon Server] - 2026-02-18T23:58:27.927Z - Serializing response for POST_TASKS_EXECUTION message in json mode
[NX v22.5.1 Daemon Server] - 2026-02-18T23:58:27.927Z - Responding to POST_TASKS_EXECUTION message
[NX v22.5.1 Daemon Server] - 2026-02-18T23:58:27.927Z - [REQUEST]: Responding to the client. handleRunPostTasksExecution
[NX v22.5.1 Daemon Server] - 2026-02-18T23:58:27.927Z - Done responding to the client handleRunPostTasksExecution
[NX v22.5.1 Daemon Server] - 2026-02-18T23:58:27.927Z - Handled json message POST_TASKS_EXECUTION. Handling time: 0. Response time: 0.
[NX v22.5.1 Daemon Server] - 2026-02-18T23:58:27.928Z - Time taken for 'postTasksExecution' 0.2895140000618994ms
[NX v22.5.1 Daemon Client] - 2026-02-18T23:58:27.928Z - [Messenger] Received message, length: 4
[NX v22.5.1 Daemon Server] - 2026-02-18T23:58:27.950Z - Closed a connection. Number of open connections: 5
[NX v22.5.1 Daemon Server] - 2026-02-18T23:58:30.024Z - [WATCHER]: prisma/dev.db was created or restored
[NX v22.5.1 Daemon Server] - 2026-02-18T23:58:30.025Z - [SYNC]: clearing sync generators cache due to file changes
[NX v22.5.1 Daemon Server] - 2026-02-18T23:58:30.025Z - [WATCHER]: Processing file changes in outputs
[NX v22.5.1 Daemon Server] - 2026-02-18T23:58:30.127Z - [REQUEST]: Updated workspace context based on watched changes, recomputing project graph...
[NX v22.5.1 Daemon Server] - 2026-02-18T23:58:30.127Z - [REQUEST]: prisma/dev.db
[NX v22.5.1 Daemon Server] - 2026-02-18T23:58:30.127Z - [REQUEST]: 
Time for 'plugin worker 73712 code loading' 16.371616000000003
Time for 'plugin worker 73736 code loading' 15.079653999999998
[NX v22.5.1 Daemon Server] - 2026-02-18T23:58:30.330Z - Time taken for 'hash changed files from watcher' 0.3774570000823587ms
Time for 'plugin worker 73719 code loading' 31.690348
Time for 'plugin worker 73713 code loading' 48.54256000000001
[NX v22.5.1 Daemon Server] - 2026-02-18T23:58:30.353Z - Time taken for 'start-plugin-worker:@nx/next/plugin' 208.1584280000534ms
[NX v22.5.1 Daemon Server] - 2026-02-18T23:58:30.415Z - Time taken for 'start-plugin-worker:nx/js/dependencies-and-lockfile' 160.04368999996223ms
Time for 'plugin worker 73750 code loading' 41.249168
[NX v22.5.1 Daemon Server] - 2026-02-18T23:58:30.426Z - Time taken for 'start-plugin-worker:@nx/jest/plugin' 192.41814800002612ms
Time for 'plugin worker 73741 code loading' 63.090812
[NX v22.5.1 Daemon Server] - 2026-02-18T23:58:30.535Z - Time taken for 'start-plugin-worker:nx/core/package-json' 249.2189379998017ms
Time for 'plugin worker 73758 code loading' 46.69449599999999
[NX v22.5.1 Daemon Server] - 2026-02-18T23:58:30.557Z - Time taken for 'start-plugin-worker:nx/core/project-json' 251.45495499996468ms
Time for 'plugin worker 73764 code loading' 47.45907299999999
Time for 'nx/js/dependencies-and-lockfile:createNodes' 58.62816000000009
[NX v22.5.1 Daemon Server] - 2026-02-18T23:58:31.656Z - Established a connection. Number of open connections: 6
[NX v22.5.1 Daemon Client] - 2026-02-18T23:58:31.655Z - [Messenger] Setting up socket listeners
[NX v22.5.1 Daemon Server] - 2026-02-18T23:58:31.656Z - Established a connection. Number of open connections: 7
[NX v22.5.1 Daemon Client] - 2026-02-18T23:58:31.657Z - [Messenger] listen() complete
[NX v22.5.1 Daemon Client] - 2026-02-18T23:58:31.658Z - [Messenger] Sending message type: GLOB
[NX v22.5.1 Daemon Client] - 2026-02-18T23:58:31.658Z - [Messenger] Message sent
[NX v22.5.1 Daemon Server] - 2026-02-18T23:58:31.662Z - Closed a connection. Number of open connections: 6
Time for 'daemon-message-serialization-GLOB' 0.31978399999979956
[NX v22.5.1 Daemon Server] - 2026-02-18T23:58:31.948Z - Received raw message of length 73
[NX v22.5.1 Daemon Server] - 2026-02-18T23:58:31.948Z - Received json message of type GLOB
[NX v22.5.1 Daemon Server] - 2026-02-18T23:58:31.950Z - Serializing response for GLOB message in json mode
[NX v22.5.1 Daemon Server] - 2026-02-18T23:58:31.951Z - Responding to GLOB message
[NX v22.5.1 Daemon Server] - 2026-02-18T23:58:31.951Z - [REQUEST]: Responding to the client. handleGlob
[NX v22.5.1 Daemon Server] - 2026-02-18T23:58:31.951Z - Done responding to the client handleGlob
[NX v22.5.1 Daemon Server] - 2026-02-18T23:58:31.951Z - Handled json message GLOB. Handling time: 2. Response time: 1.
[NX v22.5.1 Daemon Client] - 2026-02-18T23:58:31.960Z - [Messenger] Received message, length: 6441
[NX v22.5.1 Daemon Client] - 2026-02-18T23:58:31.967Z - [Messenger] Sending message type: HASH_MULTI_GLOB
[NX v22.5.1 Daemon Client] - 2026-02-18T23:58:31.967Z - [Messenger] Message sent
[NX v22.5.1 Daemon Server] - 2026-02-18T23:58:31.968Z - Received raw message of length 867
[NX v22.5.1 Daemon Server] - 2026-02-18T23:58:31.968Z - Received json message of type HASH_MULTI_GLOB
[NX v22.5.1 Daemon Server] - 2026-02-18T23:58:31.981Z - Serializing response for HASH_GLOB message in json mode
[NX v22.5.1 Daemon Server] - 2026-02-18T23:58:31.981Z - Responding to HASH_GLOB message
[NX v22.5.1 Daemon Server] - 2026-02-18T23:58:31.981Z - [REQUEST]: Responding to the client. handleHashMultiGlob
[NX v22.5.1 Daemon Client] - 2026-02-18T23:58:31.981Z - [Messenger] Received message, length: 265
[NX v22.5.1 Daemon Server] - 2026-02-18T23:58:31.983Z - Done responding to the client handleHashMultiGlob
[NX v22.5.1 Daemon Server] - 2026-02-18T23:58:31.983Z - Handled json message HASH_GLOB. Handling time: 13. Response time: 2.
Time for 'GLOB round trip' 306.0621920000001
Time for 'deserialize daemon response - GLOB' 0.18701400000009016
Time for 'daemon-message-serialization-HASH_MULTI_GLOB' 0.06671299999993607
[NX v22.5.1 Daemon Server] - 2026-02-18T23:58:32.033Z - Established a connection. Number of open connections: 7
[NX v22.5.1 Daemon Server] - 2026-02-18T23:58:32.040Z - Established a connection. Number of open connections: 8
[NX v22.5.1 Daemon Server] - 2026-02-18T23:58:32.040Z - Closed a connection. Number of open connections: 7
[NX v22.5.1 Daemon Server] - 2026-02-18T23:58:32.041Z - Established a connection. Number of open connections: 8
[NX v22.5.1 Daemon Client] - 2026-02-18T23:58:32.037Z - [Messenger] Setting up socket listeners
[NX v22.5.1 Daemon Client] - 2026-02-18T23:58:32.043Z - [Messenger] listen() complete
[NX v22.5.1 Daemon Client] - 2026-02-18T23:58:32.057Z - [Messenger] Sending message type: HASH_GLOB
[NX v22.5.1 Daemon Server] - 2026-02-18T23:58:32.061Z - Established a connection. Number of open connections: 9
[NX v22.5.1 Daemon Server] - 2026-02-18T23:58:32.061Z - Closed a connection. Number of open connections: 8
[NX v22.5.1 Daemon Client] - 2026-02-18T23:58:32.062Z - [Messenger] Message sent
[NX v22.5.1 Daemon Client] - 2026-02-18T23:58:32.056Z - [Messenger] Setting up socket listeners
[NX v22.5.1 Daemon Client] - 2026-02-18T23:58:32.064Z - [Messenger] listen() complete
[NX v22.5.1 Daemon Client] - 2026-02-18T23:58:32.064Z - [Messenger] Sending message type: HASH_MULTI_GLOB
[NX v22.5.1 Daemon Client] - 2026-02-18T23:58:32.065Z - [Messenger] Message sent
Time for 'daemon-message-serialization-HASH_MULTI_GLOB' 0.3250239999999849
[NX v22.5.1 Daemon Server] - 2026-02-18T23:58:32.271Z - Received raw message of length 124
[NX v22.5.1 Daemon Server] - 2026-02-18T23:58:32.271Z - Received json message of type HASH_MULTI_GLOB
[NX v22.5.1 Daemon Server] - 2026-02-18T23:58:32.306Z - Serializing response for HASH_GLOB message in json mode
[NX v22.5.1 Daemon Server] - 2026-02-18T23:58:32.306Z - Responding to HASH_GLOB message
[NX v22.5.1 Daemon Server] - 2026-02-18T23:58:32.306Z - [REQUEST]: Responding to the client. handleHashMultiGlob
[NX v22.5.1 Daemon Server] - 2026-02-18T23:58:32.307Z - Done responding to the client handleHashMultiGlob
[NX v22.5.1 Daemon Server] - 2026-02-18T23:58:32.307Z - Handled json message HASH_GLOB. Handling time: 35. Response time: 1.
[NX v22.5.1 Daemon Client] - 2026-02-18T23:58:32.309Z - [Messenger] Received message, length: 92
[NX v22.5.1 Daemon Server] - 2026-02-18T23:58:32.312Z - Established a connection. Number of open connections: 9
[NX v22.5.1 Daemon Server] - 2026-02-18T23:58:32.316Z - Established a connection. Number of open connections: 10
[NX v22.5.1 Daemon Server] - 2026-02-18T23:58:32.316Z - Closed a connection. Number of open connections: 9
[NX v22.5.1 Daemon Client] - 2026-02-18T23:58:32.314Z - [Messenger] Setting up socket listeners
[NX v22.5.1 Daemon Client] - 2026-02-18T23:58:32.317Z - [Messenger] listen() complete
[NX v22.5.1 Daemon Client] - 2026-02-18T23:58:32.319Z - [Messenger] Sending message type: HASH_GLOB
[NX v22.5.1 Daemon Client] - 2026-02-18T23:58:32.320Z - [Messenger] Message sent
Time for 'daemon-message-serialization-HASH_GLOB' 3.3808940000001257
[NX v22.5.1 Daemon Server] - 2026-02-18T23:58:32.337Z - Established a connection. Number of open connections: 10
[NX v22.5.1 Daemon Server] - 2026-02-18T23:58:32.339Z - Received raw message of length 63
[NX v22.5.1 Daemon Server] - 2026-02-18T23:58:32.339Z - Received json message of type HASH_GLOB
[NX v22.5.1 Daemon Server] - 2026-02-18T23:58:32.340Z - Serializing response for HASH_GLOB message in json mode
[NX v22.5.1 Daemon Server] - 2026-02-18T23:58:32.340Z - Responding to HASH_GLOB message
[NX v22.5.1 Daemon Server] - 2026-02-18T23:58:32.340Z - [REQUEST]: Responding to the client. handleHashGlob
[NX v22.5.1 Daemon Server] - 2026-02-18T23:58:32.341Z - Done responding to the client handleHashGlob
[NX v22.5.1 Daemon Server] - 2026-02-18T23:58:32.341Z - Handled json message HASH_GLOB. Handling time: 1. Response time: 1.
[NX v22.5.1 Daemon Client] - 2026-02-18T23:58:32.341Z - [Messenger] Received message, length: 21
[NX v22.5.1 Daemon Client] - 2026-02-18T23:58:32.342Z - [Messenger] Sending message type: HASH_GLOB
[NX v22.5.1 Daemon Client] - 2026-02-18T23:58:32.345Z - [Messenger] Message sent
[NX v22.5.1 Daemon Server] - 2026-02-18T23:58:32.346Z - Received raw message of length 68
[NX v22.5.1 Daemon Server] - 2026-02-18T23:58:32.346Z - Received json message of type HASH_GLOB
[NX v22.5.1 Daemon Server] - 2026-02-18T23:58:32.347Z - Serializing response for HASH_GLOB message in json mode
[NX v22.5.1 Daemon Server] - 2026-02-18T23:58:32.347Z - Responding to HASH_GLOB message
[NX v22.5.1 Daemon Server] - 2026-02-18T23:58:32.347Z - [REQUEST]: Responding to the client. handleHashGlob
[NX v22.5.1 Daemon Server] - 2026-02-18T23:58:32.347Z - Done responding to the client handleHashGlob
[NX v22.5.1 Daemon Server] - 2026-02-18T23:58:32.347Z - Handled json message HASH_GLOB. Handling time: 1. Response time: 0.
Time for 'HASH_GLOB round trip' 284.63055499999973
Time for 'deserialize daemon response - HASH_GLOB' 0.12717399999974077
[NX v22.5.1 Daemon Client] - 2026-02-18T23:58:32.348Z - [Messenger] Received message, length: 21
Time for 'daemon-message-serialization-HASH_GLOB' 0.0366119999998773
[NX v22.5.1 Daemon Server] - 2026-02-18T23:58:32.356Z - Established a connection. Number of open connections: 11
[NX v22.5.1 Daemon Server] - 2026-02-18T23:58:32.357Z - Closed a connection. Number of open connections: 10
[NX v22.5.1 Daemon Server] - 2026-02-18T23:58:32.357Z - Closed a connection. Number of open connections: 9
[NX v22.5.1 Daemon Client] - 2026-02-18T23:58:32.356Z - [Messenger] Setting up socket listeners
[NX v22.5.1 Daemon Client] - 2026-02-18T23:58:32.357Z - [Messenger] listen() complete
[NX v22.5.1 Daemon Client] - 2026-02-18T23:58:32.360Z - [Messenger] Sending message type: HASH_GLOB
[NX v22.5.1 Daemon Client] - 2026-02-18T23:58:32.361Z - [Messenger] Message sent
[NX v22.5.1 Daemon Server] - 2026-02-18T23:58:32.383Z - Closed a connection. Number of open connections: 8
Time for 'daemon-message-serialization-HASH_GLOB' 0.335884999999962
[NX v22.5.1 Daemon Server] - 2026-02-18T23:58:32.502Z - Received raw message of length 57
[NX v22.5.1 Daemon Server] - 2026-02-18T23:58:32.502Z - Received json message of type HASH_GLOB
[NX v22.5.1 Daemon Server] - 2026-02-18T23:58:32.503Z - Serializing response for HASH_GLOB message in json mode
[NX v22.5.1 Daemon Server] - 2026-02-18T23:58:32.503Z - Responding to HASH_GLOB message
[NX v22.5.1 Daemon Server] - 2026-02-18T23:58:32.503Z - [REQUEST]: Responding to the client. handleHashGlob
[NX v22.5.1 Daemon Server] - 2026-02-18T23:58:32.503Z - Done responding to the client handleHashGlob
[NX v22.5.1 Daemon Server] - 2026-02-18T23:58:32.503Z - Handled json message HASH_GLOB. Handling time: 1. Response time: 0.
[NX v22.5.1 Daemon Client] - 2026-02-18T23:58:32.505Z - [Messenger] Received message, length: 20
Time for 'daemon-message-serialization-HASH_GLOB' 0.7031259999998838
[NX v22.5.1 Daemon Server] - 2026-02-18T23:58:32.535Z - Received raw message of length 59
[NX v22.5.1 Daemon Server] - 2026-02-18T23:58:32.535Z - Received json message of type HASH_GLOB
[NX v22.5.1 Daemon Server] - 2026-02-18T23:58:32.536Z - Serializing response for HASH_GLOB message in json mode
[NX v22.5.1 Daemon Server] - 2026-02-18T23:58:32.536Z - Responding to HASH_GLOB message
[NX v22.5.1 Daemon Server] - 2026-02-18T23:58:32.536Z - [REQUEST]: Responding to the client. handleHashGlob
[NX v22.5.1 Daemon Server] - 2026-02-18T23:58:32.536Z - Done responding to the client handleHashGlob
[NX v22.5.1 Daemon Server] - 2026-02-18T23:58:32.536Z - Handled json message HASH_GLOB. Handling time: 1. Response time: 0.
[NX v22.5.1 Daemon Client] - 2026-02-18T23:58:32.537Z - [Messenger] Received message, length: 21
[NX v22.5.1 Daemon Client] - 2026-02-18T23:58:32.539Z - [Messenger] Sending message type: HASH_GLOB
[NX v22.5.1 Daemon Server] - 2026-02-18T23:58:32.539Z - Received raw message of length 64
[NX v22.5.1 Daemon Server] - 2026-02-18T23:58:32.540Z - Received json message of type HASH_GLOB
[NX v22.5.1 Daemon Client] - 2026-02-18T23:58:32.539Z - [Messenger] Message sent
[NX v22.5.1 Daemon Server] - 2026-02-18T23:58:32.541Z - Serializing response for HASH_GLOB message in json mode
[NX v22.5.1 Daemon Server] - 2026-02-18T23:58:32.541Z - Responding to HASH_GLOB message
[NX v22.5.1 Daemon Server] - 2026-02-18T23:58:32.542Z - [REQUEST]: Responding to the client. handleHashGlob
[NX v22.5.1 Daemon Server] - 2026-02-18T23:58:32.542Z - Done responding to the client handleHashGlob
[NX v22.5.1 Daemon Server] - 2026-02-18T23:58:32.542Z - Handled json message HASH_GLOB. Handling time: 1. Response time: 1.
[NX v22.5.1 Daemon Server] - 2026-02-18T23:58:32.542Z - Closed a connection. Number of open connections: 7
Time for 'HASH_GLOB round trip' 177.39752999999973
[NX v22.5.1 Daemon Client] - 2026-02-18T23:58:32.543Z - [Messenger] Received message, length: 21
Time for 'deserialize daemon response - HASH_GLOB' 0.5921579999999267
Time for 'daemon-message-serialization-HASH_GLOB' 0.04876199999989694
Time for '@nx/next/plugin:createNodes' 233.27162999999973
Time for 'HASH_GLOB round trip' 4.424066000000039
Time for 'deserialize daemon response - HASH_GLOB' 0.03753999999980806
[NX v22.5.1 Daemon Server] - 2026-02-18T23:58:32.561Z - Closed a connection. Number of open connections: 6
Time for 'HASH_MULTI_GLOB round trip' 14.733933999999863
Time for 'deserialize daemon response - HASH_MULTI_GLOB' 0.03897399999982554
[NX v22.5.1 Daemon Server] - 2026-02-18T23:58:34.988Z - Time taken for 'build-project-configs' 4820.065555000212ms
[NX v22.5.1 Daemon Server] - 2026-02-18T23:58:35.042Z - Closed a connection. Number of open connections: 5
Time for 'build typescript dependencies' 0.32675599999947735
[NX v22.5.1 Daemon Server] - 2026-02-18T23:58:35.099Z - [SYNC]: collect registered sync generators
[NX v22.5.1 Daemon Server] - 2026-02-18T23:58:35.100Z - [SYNC]: project graph hash is the same, not collecting task sync generators
[NX v22.5.1 Daemon Server] - 2026-02-18T23:58:35.100Z - [SYNC]: nx.json hash is the same, not collecting global sync generators
[NX v22.5.1 Daemon Server] - 2026-02-18T23:58:35.102Z - Serializing response for PROJECT_GRAPH_UPDATED message in json mode
[NX v22.5.1 Daemon Server] - 2026-02-18T23:58:35.116Z - Responding to PROJECT_GRAPH_UPDATED message
[NX v22.5.1 Daemon Server] - 2026-02-18T23:58:35.116Z - [REQUEST]: Responding to the client. Project graph updated
[NX v22.5.1 Daemon Server] - 2026-02-18T23:58:35.123Z - Time taken for 'total execution time for createProjectGraph()' 125.74088200018741ms
[NX v22.5.1 Daemon Server] - 2026-02-18T23:58:35.141Z - Done responding to the client Project graph updated
[NX v22.5.1 Daemon Server] - 2026-02-18T23:58:35.142Z - Handled json message PROJECT_GRAPH_UPDATED. Handling time: 2. Response time: 40.
[NX v22.5.1 Daemon Client] - 2026-02-18T23:58:35.149Z - [Messenger] Received message, length: 1341402
[NX v22.5.1 Daemon Server] - 2026-02-18T23:58:35.201Z - Established a connection. Number of open connections: 6
[NX v22.5.1 Daemon Server] - 2026-02-18T23:58:35.202Z - Closed a connection. Number of open connections: 5
[NX v22.5.1 Daemon Client] - 2026-02-18T23:58:35.202Z - [Messenger] Sending message type: GET_CONTEXT_FILE_DATA
[NX v22.5.1 Daemon Client] - 2026-02-18T23:58:35.203Z - [Messenger] Message sent
[NX v22.5.1 Daemon Server] - 2026-02-18T23:58:35.203Z - Received raw message of length 32
[NX v22.5.1 Daemon Server] - 2026-02-18T23:58:35.204Z - Received json message of type GET_CONTEXT_FILE_DATA
[NX v22.5.1 Daemon Server] - 2026-02-18T23:58:35.205Z - Serializing response for GET_CONTEXT_FILE_DATA message in json mode
[NX v22.5.1 Daemon Server] - 2026-02-18T23:58:35.205Z - Responding to GET_CONTEXT_FILE_DATA message
[NX v22.5.1 Daemon Server] - 2026-02-18T23:58:35.205Z - [REQUEST]: Responding to the client. handleContextFileData
[NX v22.5.1 Daemon Server] - 2026-02-18T23:58:35.205Z - Done responding to the client handleContextFileData
[NX v22.5.1 Daemon Server] - 2026-02-18T23:58:35.205Z - Handled json message GET_CONTEXT_FILE_DATA. Handling time: 1. Response time: 0.
[NX v22.5.1 Daemon Client] - 2026-02-18T23:58:35.205Z - [Messenger] Received message, length: 19232
[NX v22.5.1 Daemon Server] - 2026-02-18T23:58:35.923Z - Closed a connection. Number of open connections: 4
[NX v22.5.1 Daemon Client] - 2026-02-18T23:58:35.930Z - [ProjectGraphListener] Socket closed, triggering reconnection
[NX v22.5.1 Daemon Server] - 2026-02-18T23:58:35.945Z - Established a connection. Number of open connections: 5
[NX v22.5.1 Daemon Client] - 2026-02-18T23:58:35.946Z - [Messenger] Setting up socket listeners
[NX v22.5.1 Daemon Client] - 2026-02-18T23:58:35.946Z - [Messenger] listen() complete
[NX v22.5.1 Daemon Client] - 2026-02-18T23:58:35.946Z - [Messenger] Sending message type: REGISTER_PROJECT_GRAPH_LISTENER
[NX v22.5.1 Daemon Client] - 2026-02-18T23:58:35.946Z - [Messenger] Message sent
[NX v22.5.1 Daemon Server] - 2026-02-18T23:58:35.948Z - Established a connection. Number of open connections: 6
[NX v22.5.1 Daemon Server] - 2026-02-18T23:58:35.956Z - Closed a connection. Number of open connections: 5
[NX v22.5.1 Daemon Server] - 2026-02-18T23:58:35.956Z - Received raw message of length 42
[NX v22.5.1 Daemon Server] - 2026-02-18T23:58:35.956Z - Received json message of type REGISTER_PROJECT_GRAPH_LISTENER
[NX v22.5.1 Daemon Server] - 2026-02-18T23:59:40.121Z - [WATCHER]: 3 file(s) created or restored, 1 file(s) modified, 0 file(s) deleted
[NX v22.5.1 Daemon Server] - 2026-02-18T23:59:40.121Z - [SYNC]: clearing sync generators cache due to file changes
[NX v22.5.1 Daemon Server] - 2026-02-18T23:59:40.122Z - [WATCHER]: Processing file changes in outputs
[NX v22.5.1 Daemon Server] - 2026-02-18T23:59:40.122Z - Time taken for 'changed-projects' 0.23914600000716746ms
[NX v22.5.1 Daemon Server] - 2026-02-18T23:59:40.178Z - [WATCHER]: Processing file changes in outputs
[NX v22.5.1 Daemon Server] - 2026-02-18T23:59:40.180Z - [WATCHER]: 0 file(s) created or restored, 2 file(s) modified, 0 file(s) deleted
[NX v22.5.1 Daemon Server] - 2026-02-18T23:59:40.180Z - [SYNC]: clearing sync generators cache due to file changes
[NX v22.5.1 Daemon Server] - 2026-02-18T23:59:40.182Z - Time taken for 'changed-projects' 0.11270100018009543ms
[NX v22.5.1 Daemon Server] - 2026-02-18T23:59:40.223Z - [REQUEST]: Updated workspace context based on watched changes, recomputing project graph...
[NX v22.5.1 Daemon Server] - 2026-02-18T23:59:40.223Z - [REQUEST]: prisma/migrations/20260218235940_init/migration.sql,prisma/dev.db-journal,prisma/migrations/migration_lock.toml,prisma/dev.db
[NX v22.5.1 Daemon Server] - 2026-02-18T23:59:40.223Z - [REQUEST]: 
[NX v22.5.1 Daemon Server] - 2026-02-18T23:59:40.566Z - [WATCHER]: 0 file(s) created or restored, 2 file(s) modified, 0 file(s) deleted
[NX v22.5.1 Daemon Server] - 2026-02-18T23:59:40.566Z - [SYNC]: clearing sync generators cache due to file changes
[NX v22.5.1 Daemon Server] - 2026-02-18T23:59:40.567Z - [WATCHER]: 0 file(s) created or restored, 2 file(s) modified, 0 file(s) deleted
[NX v22.5.1 Daemon Server] - 2026-02-18T23:59:40.567Z - [SYNC]: clearing sync generators cache due to file changes
[NX v22.5.1 Daemon Server] - 2026-02-18T23:59:40.572Z - [WATCHER]: 0 file(s) created or restored, 2 file(s) modified, 0 file(s) deleted
[NX v22.5.1 Daemon Server] - 2026-02-18T23:59:40.572Z - [SYNC]: clearing sync generators cache due to file changes
[NX v22.5.1 Daemon Server] - 2026-02-18T23:59:40.576Z - [WATCHER]: 0 file(s) created or restored, 2 file(s) modified, 0 file(s) deleted
[NX v22.5.1 Daemon Server] - 2026-02-18T23:59:40.576Z - [SYNC]: clearing sync generators cache due to file changes
[NX v22.5.1 Daemon Server] - 2026-02-18T23:59:40.577Z - [WATCHER]: 0 file(s) created or restored, 2 file(s) modified, 0 file(s) deleted
[NX v22.5.1 Daemon Server] - 2026-02-18T23:59:40.577Z - [SYNC]: clearing sync generators cache due to file changes
[NX v22.5.1 Daemon Server] - 2026-02-18T23:59:40.580Z - [WATCHER]: 0 file(s) created or restored, 2 file(s) modified, 0 file(s) deleted
[NX v22.5.1 Daemon Server] - 2026-02-18T23:59:40.581Z - [SYNC]: clearing sync generators cache due to file changes
[NX v22.5.1 Daemon Server] - 2026-02-18T23:59:40.581Z - [WATCHER]: Processing file changes in outputs
[NX v22.5.1 Daemon Server] - 2026-02-18T23:59:40.582Z - [WATCHER]: Processing file changes in outputs
[NX v22.5.1 Daemon Server] - 2026-02-18T23:59:40.582Z - [WATCHER]: Processing file changes in outputs
[NX v22.5.1 Daemon Server] - 2026-02-18T23:59:40.586Z - [WATCHER]: Processing file changes in outputs
[NX v22.5.1 Daemon Server] - 2026-02-18T23:59:40.586Z - [WATCHER]: Processing file changes in outputs
[NX v22.5.1 Daemon Server] - 2026-02-18T23:59:40.587Z - [WATCHER]: Processing file changes in outputs
Time for 'plugin worker 75292 code loading' 83.13280300000002
Time for 'plugin worker 75293 code loading' 59.71914399999997
[NX v22.5.1 Daemon Server] - 2026-02-18T23:59:40.600Z - Time taken for 'hash changed files from watcher' 1.3213039999827743ms
Time for 'plugin worker 75299 code loading' 40.30165299999999
Time for 'plugin worker 75311 code loading' 22.437219
[NX v22.5.1 Daemon Server] - 2026-02-18T23:59:40.625Z - Time taken for 'start-plugin-worker:@nx/next/plugin' 393.8377090001013ms
[NX v22.5.1 Daemon Server] - 2026-02-18T23:59:40.666Z - [WATCHER]: 0 file(s) created or restored, 2 file(s) modified, 0 file(s) deleted
[NX v22.5.1 Daemon Server] - 2026-02-18T23:59:40.683Z - [SYNC]: clearing sync generators cache due to file changes
[NX v22.5.1 Daemon Server] - 2026-02-18T23:59:40.683Z - [WATCHER]: Processing file changes in outputs
[NX v22.5.1 Daemon Server] - 2026-02-18T23:59:40.727Z - [WATCHER]: Processing file changes in outputs
Time for 'plugin worker 75312 code loading' 20.288429000000008
Time for 'plugin worker 75331 code loading' 18.14237399999999
[NX v22.5.1 Daemon Server] - 2026-02-18T23:59:40.728Z - Time taken for 'start-plugin-worker:@nx/jest/plugin' 350.4099320000969ms
[NX v22.5.1 Daemon Server] - 2026-02-18T23:59:40.750Z - [WATCHER]: 0 file(s) created or restored, 1 file(s) modified, 1 file(s) deleted
[NX v22.5.1 Daemon Server] - 2026-02-18T23:59:40.751Z - [SYNC]: clearing sync generators cache due to file changes
[NX v22.5.1 Daemon Server] - 2026-02-18T23:59:40.751Z - Time taken for 'changed-projects' 0.18759200000204146ms
[NX v22.5.1 Daemon Server] - 2026-02-18T23:59:40.771Z - [REQUEST]: Updated workspace context based on watched changes, recomputing project graph...
[NX v22.5.1 Daemon Server] - 2026-02-18T23:59:40.771Z - [REQUEST]: prisma/migrations/20260218235940_init/migration.sql,prisma/migrations/migration_lock.toml,prisma/dev.db
[NX v22.5.1 Daemon Server] - 2026-02-18T23:59:40.784Z - [REQUEST]: prisma/dev.db-journal
Time for 'plugin worker 75318 code loading' 75.20870799999997
[NX v22.5.1 Daemon Server] - 2026-02-18T23:59:40.884Z - Time taken for 'hash changed files from watcher' 3.3798859999515116ms
[NX v22.5.1 Daemon Server] - 2026-02-18T23:59:40.897Z - Time taken for 'start-plugin-worker:nx/js/dependencies-and-lockfile' 473.4256300001871ms
[NX v22.5.1 Daemon Server] - 2026-02-18T23:59:40.959Z - Time taken for 'start-plugin-worker:nx/core/project-json' 417.0417580001522ms
Time for 'plugin worker 75333 code loading' 77.64150700000005
[NX v22.5.1 Daemon Server] - 2026-02-18T23:59:42.056Z - Established a connection. Number of open connections: 6
[NX v22.5.1 Daemon Server] - 2026-02-18T23:59:42.059Z - Established a connection. Number of open connections: 7
[NX v22.5.1 Daemon Server] - 2026-02-18T23:59:42.060Z - Closed a connection. Number of open connections: 6
[NX v22.5.1 Daemon Client] - 2026-02-18T23:59:42.059Z - [Messenger] Setting up socket listeners
[NX v22.5.1 Daemon Client] - 2026-02-18T23:59:42.061Z - [Messenger] listen() complete
[NX v22.5.1 Daemon Client] - 2026-02-18T23:59:42.062Z - [Messenger] Sending message type: HASH_GLOB
[NX v22.5.1 Daemon Client] - 2026-02-18T23:59:42.062Z - [Messenger] Message sent
Time for 'daemon-message-serialization-HASH_GLOB' 0.23819000000003143
[NX v22.5.1 Daemon Server] - 2026-02-18T23:59:42.336Z - Received raw message of length 63
[NX v22.5.1 Daemon Server] - 2026-02-18T23:59:42.336Z - Received json message of type HASH_GLOB
[NX v22.5.1 Daemon Server] - 2026-02-18T23:59:42.340Z - Serializing response for HASH_GLOB message in json mode
[NX v22.5.1 Daemon Server] - 2026-02-18T23:59:42.341Z - Responding to HASH_GLOB message
[NX v22.5.1 Daemon Server] - 2026-02-18T23:59:42.341Z - [REQUEST]: Responding to the client. handleHashGlob
[NX v22.5.1 Daemon Server] - 2026-02-18T23:59:42.341Z - Done responding to the client handleHashGlob
[NX v22.5.1 Daemon Server] - 2026-02-18T23:59:42.341Z - Handled json message HASH_GLOB. Handling time: 4. Response time: 1.
[NX v22.5.1 Daemon Client] - 2026-02-18T23:59:42.342Z - [Messenger] Received message, length: 21
[NX v22.5.1 Daemon Client] - 2026-02-18T23:59:42.348Z - [Messenger] Sending message type: HASH_GLOB
[NX v22.5.1 Daemon Client] - 2026-02-18T23:59:42.350Z - [Messenger] Message sent
[NX v22.5.1 Daemon Server] - 2026-02-18T23:59:42.350Z - Received raw message of length 68
[NX v22.5.1 Daemon Server] - 2026-02-18T23:59:42.350Z - Received json message of type HASH_GLOB
[NX v22.5.1 Daemon Server] - 2026-02-18T23:59:42.353Z - Serializing response for HASH_GLOB message in json mode
[NX v22.5.1 Daemon Server] - 2026-02-18T23:59:42.354Z - Responding to HASH_GLOB message
[NX v22.5.1 Daemon Server] - 2026-02-18T23:59:42.354Z - [REQUEST]: Responding to the client. handleHashGlob
[NX v22.5.1 Daemon Server] - 2026-02-18T23:59:42.354Z - Done responding to the client handleHashGlob
[NX v22.5.1 Daemon Server] - 2026-02-18T23:59:42.354Z - Handled json message HASH_GLOB. Handling time: 3. Response time: 1.
Time for 'HASH_GLOB round trip' 284.0890069999998
Time for 'deserialize daemon response - HASH_GLOB' 2.867964000000029
Time for 'daemon-message-serialization-HASH_GLOB' 0.04029899999977715
[NX v22.5.1 Daemon Client] - 2026-02-18T23:59:42.355Z - [Messenger] Received message, length: 21
[NX v22.5.1 Daemon Client] - 2026-02-18T23:59:42.357Z - [Messenger] Sending message type: HASH_GLOB
[NX v22.5.1 Daemon Server] - 2026-02-18T23:59:42.358Z - Received raw message of length 63
[NX v22.5.1 Daemon Server] - 2026-02-18T23:59:42.358Z - Received json message of type HASH_GLOB
[NX v22.5.1 Daemon Client] - 2026-02-18T23:59:42.359Z - [Messenger] Message sent
[NX v22.5.1 Daemon Server] - 2026-02-18T23:59:42.366Z - Serializing response for HASH_GLOB message in json mode
[NX v22.5.1 Daemon Server] - 2026-02-18T23:59:42.366Z - Responding to HASH_GLOB message
[NX v22.5.1 Daemon Server] - 2026-02-18T23:59:42.366Z - [REQUEST]: Responding to the client. handleHashGlob
[NX v22.5.1 Daemon Server] - 2026-02-18T23:59:42.366Z - Done responding to the client handleHashGlob
[NX v22.5.1 Daemon Server] - 2026-02-18T23:59:42.366Z - Handled json message HASH_GLOB. Handling time: 8. Response time: 0.
[NX v22.5.1 Daemon Client] - 2026-02-18T23:59:42.369Z - [Messenger] Received message, length: 21
Time for '@nx/playwright/plugin:createNodes' 311.62488299999995
Time for 'HASH_GLOB round trip' 7.716277999999875
Time for 'deserialize daemon response - HASH_GLOB' 0.05604600000015125
Time for 'daemon-message-serialization-HASH_GLOB' 0.042634999999791034
[NX v22.5.1 Daemon Client] - 2026-02-18T23:59:42.371Z - [Messenger] Sending message type: HASH_GLOB
[NX v22.5.1 Daemon Client] - 2026-02-18T23:59:42.372Z - [Messenger] Message sent
[NX v22.5.1 Daemon Server] - 2026-02-18T23:59:42.373Z - Received raw message of length 68
[NX v22.5.1 Daemon Server] - 2026-02-18T23:59:42.373Z - Received json message of type HASH_GLOB
[NX v22.5.1 Daemon Server] - 2026-02-18T23:59:42.376Z - Serializing response for HASH_GLOB message in json mode
[NX v22.5.1 Daemon Server] - 2026-02-18T23:59:42.378Z - Responding to HASH_GLOB message
[NX v22.5.1 Daemon Server] - 2026-02-18T23:59:42.378Z - [REQUEST]: Responding to the client. handleHashGlob
[NX v22.5.1 Daemon Server] - 2026-02-18T23:59:42.378Z - Done responding to the client handleHashGlob
[NX v22.5.1 Daemon Server] - 2026-02-18T23:59:42.378Z - Handled json message HASH_GLOB. Handling time: 3. Response time: 2.
Time for 'HASH_GLOB round trip' 13.7169829999998
Time for 'deserialize daemon response - HASH_GLOB' 0.04313999999976659
Time for 'daemon-message-serialization-HASH_GLOB' 0.02942799999982526
[NX v22.5.1 Daemon Server] - 2026-02-18T23:59:42.379Z - Established a connection. Number of open connections: 7
[NX v22.5.1 Daemon Client] - 2026-02-18T23:59:42.379Z - [Messenger] Received message, length: 21
[NX v22.5.1 Daemon Server] - 2026-02-18T23:59:42.389Z - Closed a connection. Number of open connections: 6
[NX v22.5.1 Daemon Server] - 2026-02-18T23:59:42.390Z - Established a connection. Number of open connections: 7
[NX v22.5.1 Daemon Client] - 2026-02-18T23:59:42.389Z - [Messenger] Setting up socket listeners
[NX v22.5.1 Daemon Client] - 2026-02-18T23:59:42.391Z - [Messenger] listen() complete
[NX v22.5.1 Daemon Client] - 2026-02-18T23:59:42.392Z - [Messenger] Sending message type: GLOB
[NX v22.5.1 Daemon Client] - 2026-02-18T23:59:42.393Z - [Messenger] Message sent
[NX v22.5.1 Daemon Server] - 2026-02-18T23:59:42.417Z - Closed a connection. Number of open connections: 6
Time for 'nx/js/dependencies-and-lockfile:createNodes' 42.39955000000009
Time for 'nx/js/dependencies-and-lockfile:createNodes' 42.67623300000014
Time for 'daemon-message-serialization-GLOB' 0.18651599999998325
[NX v22.5.1 Daemon Server] - 2026-02-18T23:59:42.603Z - Received raw message of length 73
[NX v22.5.1 Daemon Server] - 2026-02-18T23:59:42.603Z - Received json message of type GLOB
[NX v22.5.1 Daemon Server] - 2026-02-18T23:59:42.609Z - Serializing response for GLOB message in json mode
[NX v22.5.1 Daemon Server] - 2026-02-18T23:59:42.609Z - Responding to GLOB message
[NX v22.5.1 Daemon Server] - 2026-02-18T23:59:42.609Z - [REQUEST]: Responding to the client. handleGlob
[NX v22.5.1 Daemon Server] - 2026-02-18T23:59:42.609Z - Done responding to the client handleGlob
[NX v22.5.1 Daemon Server] - 2026-02-18T23:59:42.609Z - Handled json message GLOB. Handling time: 6. Response time: 0.
[NX v22.5.1 Daemon Client] - 2026-02-18T23:59:42.609Z - [Messenger] Received message, length: 6441
[NX v22.5.1 Daemon Client] - 2026-02-18T23:59:42.618Z - [Messenger] Sending message type: GLOB
[NX v22.5.1 Daemon Client] - 2026-02-18T23:59:42.618Z - [Messenger] Message sent
[NX v22.5.1 Daemon Server] - 2026-02-18T23:59:42.620Z - Received raw message of length 73
[NX v22.5.1 Daemon Server] - 2026-02-18T23:59:42.620Z - Received json message of type GLOB
[NX v22.5.1 Daemon Server] - 2026-02-18T23:59:42.622Z - Serializing response for GLOB message in json mode
[NX v22.5.1 Daemon Server] - 2026-02-18T23:59:42.622Z - Responding to GLOB message
[NX v22.5.1 Daemon Server] - 2026-02-18T23:59:42.622Z - [REQUEST]: Responding to the client. handleGlob
[NX v22.5.1 Daemon Server] - 2026-02-18T23:59:42.622Z - Done responding to the client handleGlob
[NX v22.5.1 Daemon Server] - 2026-02-18T23:59:42.622Z - Handled json message GLOB. Handling time: 2. Response time: 0.
Time for 'GLOB round trip' 217.78919599999972
Time for 'deserialize daemon response - GLOB' 0.15088399999967805
Time for 'daemon-message-serialization-GLOB' 0.03474199999982375
[NX v22.5.1 Daemon Client] - 2026-02-18T23:59:42.626Z - [Messenger] Received message, length: 6441
[NX v22.5.1 Daemon Client] - 2026-02-18T23:59:42.627Z - [Messenger] Sending message type: HASH_MULTI_GLOB
[NX v22.5.1 Daemon Client] - 2026-02-18T23:59:42.628Z - [Messenger] Message sent
[NX v22.5.1 Daemon Server] - 2026-02-18T23:59:42.628Z - Received raw message of length 867
[NX v22.5.1 Daemon Server] - 2026-02-18T23:59:42.628Z - Received json message of type HASH_MULTI_GLOB
[NX v22.5.1 Daemon Server] - 2026-02-18T23:59:42.652Z - Serializing response for HASH_GLOB message in json mode
[NX v22.5.1 Daemon Server] - 2026-02-18T23:59:42.652Z - Responding to HASH_GLOB message
[NX v22.5.1 Daemon Server] - 2026-02-18T23:59:42.652Z - [REQUEST]: Responding to the client. handleHashMultiGlob
[NX v22.5.1 Daemon Client] - 2026-02-18T23:59:42.653Z - [Messenger] Received message, length: 266
[NX v22.5.1 Daemon Client] - 2026-02-18T23:59:42.655Z - [Messenger] Sending message type: HASH_MULTI_GLOB
[NX v22.5.1 Daemon Client] - 2026-02-18T23:59:42.655Z - [Messenger] Message sent
[NX v22.5.1 Daemon Server] - 2026-02-18T23:59:42.655Z - Done responding to the client handleHashMultiGlob
[NX v22.5.1 Daemon Server] - 2026-02-18T23:59:42.655Z - Handled json message HASH_GLOB. Handling time: 24. Response time: 3.
Time for 'GLOB round trip' 7.985719000000245
Time for 'deserialize daemon response - GLOB' 0.06425500000023021
Time for 'daemon-message-serialization-HASH_MULTI_GLOB' 0.050134000000070955
[NX v22.5.1 Daemon Server] - 2026-02-18T23:59:42.657Z - Received raw message of length 867
[NX v22.5.1 Daemon Server] - 2026-02-18T23:59:42.657Z - Received json message of type HASH_MULTI_GLOB
[NX v22.5.1 Daemon Server] - 2026-02-18T23:59:42.685Z - Serializing response for HASH_GLOB message in json mode
[NX v22.5.1 Daemon Server] - 2026-02-18T23:59:42.685Z - Responding to HASH_GLOB message
[NX v22.5.1 Daemon Server] - 2026-02-18T23:59:42.685Z - [REQUEST]: Responding to the client. handleHashMultiGlob
[NX v22.5.1 Daemon Server] - 2026-02-18T23:59:42.685Z - Done responding to the client handleHashMultiGlob
[NX v22.5.1 Daemon Server] - 2026-02-18T23:59:42.685Z - Handled json message HASH_GLOB. Handling time: 28. Response time: 0.
[NX v22.5.1 Daemon Server] - 2026-02-18T23:59:42.736Z - Established a connection. Number of open connections: 7
[NX v22.5.1 Daemon Server] - 2026-02-18T23:59:42.763Z - Established a connection. Number of open connections: 8
[NX v22.5.1 Daemon Server] - 2026-02-18T23:59:42.763Z - Closed a connection. Number of open connections: 7
[NX v22.5.1 Daemon Client] - 2026-02-18T23:59:42.766Z - [Messenger] Setting up socket listeners
[NX v22.5.1 Daemon Client] - 2026-02-18T23:59:42.766Z - [Messenger] listen() complete
[NX v22.5.1 Daemon Client] - 2026-02-18T23:59:42.770Z - [Messenger] Sending message type: HASH_MULTI_GLOB
[NX v22.5.1 Daemon Server] - 2026-02-18T23:59:42.771Z - Established a connection. Number of open connections: 8
[NX v22.5.1 Daemon Server] - 2026-02-18T23:59:42.772Z - Established a connection. Number of open connections: 9
[NX v22.5.1 Daemon Client] - 2026-02-18T23:59:42.772Z - [Messenger] Setting up socket listeners
[NX v22.5.1 Daemon Client] - 2026-02-18T23:59:42.772Z - [Messenger] listen() complete
[NX v22.5.1 Daemon Client] - 2026-02-18T23:59:42.773Z - [Messenger] Sending message type: HASH_GLOB
[NX v22.5.1 Daemon Client] - 2026-02-18T23:59:42.774Z - [Messenger] Message sent
[NX v22.5.1 Daemon Client] - 2026-02-18T23:59:42.774Z - [Messenger] Message sent
[NX v22.5.1 Daemon Server] - 2026-02-18T23:59:42.774Z - Closed a connection. Number of open connections: 8
[NX v22.5.1 Daemon Server] - 2026-02-18T23:59:42.917Z - Established a connection. Number of open connections: 9
[NX v22.5.1 Daemon Server] - 2026-02-18T23:59:42.948Z - Closed a connection. Number of open connections: 8
[NX v22.5.1 Daemon Client] - 2026-02-18T23:59:42.957Z - [Messenger] Setting up socket listeners
[NX v22.5.1 Daemon Client] - 2026-02-18T23:59:42.958Z - [Messenger] listen() complete
[NX v22.5.1 Daemon Client] - 2026-02-18T23:59:42.958Z - [Messenger] Sending message type: HASH_GLOB
[NX v22.5.1 Daemon Client] - 2026-02-18T23:59:42.959Z - [Messenger] Message sent
[NX v22.5.1 Daemon Server] - 2026-02-18T23:59:42.959Z - Established a connection. Number of open connections: 9
Time for 'daemon-message-serialization-HASH_MULTI_GLOB' 3.9426399999997557
[NX v22.5.1 Daemon Server] - 2026-02-18T23:59:43.022Z - Received raw message of length 124
[NX v22.5.1 Daemon Server] - 2026-02-18T23:59:43.022Z - Received json message of type HASH_MULTI_GLOB
[NX v22.5.1 Daemon Server] - 2026-02-18T23:59:43.047Z - Serializing response for HASH_GLOB message in json mode
[NX v22.5.1 Daemon Server] - 2026-02-18T23:59:43.047Z - Responding to HASH_GLOB message
[NX v22.5.1 Daemon Server] - 2026-02-18T23:59:43.047Z - [REQUEST]: Responding to the client. handleHashMultiGlob
[NX v22.5.1 Daemon Server] - 2026-02-18T23:59:43.047Z - Done responding to the client handleHashMultiGlob
[NX v22.5.1 Daemon Server] - 2026-02-18T23:59:43.048Z - Handled json message HASH_GLOB. Handling time: 25. Response time: 1.
[NX v22.5.1 Daemon Client] - 2026-02-18T23:59:43.050Z - [Messenger] Received message, length: 92
[NX v22.5.1 Daemon Client] - 2026-02-18T23:59:43.062Z - [Messenger] Sending message type: HASH_MULTI_GLOB
[NX v22.5.1 Daemon Client] - 2026-02-18T23:59:43.062Z - [Messenger] Message sent
[NX v22.5.1 Daemon Server] - 2026-02-18T23:59:43.067Z - Received raw message of length 124
[NX v22.5.1 Daemon Server] - 2026-02-18T23:59:43.067Z - Received json message of type HASH_MULTI_GLOB
[NX v22.5.1 Daemon Server] - 2026-02-18T23:59:43.084Z - Serializing response for HASH_GLOB message in json mode
[NX v22.5.1 Daemon Server] - 2026-02-18T23:59:43.084Z - Responding to HASH_GLOB message
[NX v22.5.1 Daemon Server] - 2026-02-18T23:59:43.084Z - [REQUEST]: Responding to the client. handleHashMultiGlob
[NX v22.5.1 Daemon Server] - 2026-02-18T23:59:43.085Z - Done responding to the client handleHashMultiGlob
[NX v22.5.1 Daemon Server] - 2026-02-18T23:59:43.085Z - Handled json message HASH_GLOB. Handling time: 17. Response time: 1.
Time for 'daemon-message-serialization-HASH_GLOB' 0.4333929999997963
Time for '@nx/jest/plugin:createNodes' 347.70314499999995
Time for 'HASH_MULTI_GLOB round trip' 280.70409199999995
Time for 'deserialize daemon response - HASH_MULTI_GLOB' 0.23526700000002165
Time for 'daemon-message-serialization-HASH_MULTI_GLOB' 0.0509780000002138
[NX v22.5.1 Daemon Client] - 2026-02-18T23:59:43.093Z - [Messenger] Received message, length: 92
[NX v22.5.1 Daemon Server] - 2026-02-18T23:59:43.099Z - Received raw message of length 57
[NX v22.5.1 Daemon Server] - 2026-02-18T23:59:43.100Z - Received json message of type HASH_GLOB
[NX v22.5.1 Daemon Server] - 2026-02-18T23:59:43.106Z - Serializing response for HASH_GLOB message in json mode
[NX v22.5.1 Daemon Server] - 2026-02-18T23:59:43.106Z - Responding to HASH_GLOB message
[NX v22.5.1 Daemon Server] - 2026-02-18T23:59:43.106Z - [REQUEST]: Responding to the client. handleHashGlob
[NX v22.5.1 Daemon Server] - 2026-02-18T23:59:43.107Z - Done responding to the client handleHashGlob
[NX v22.5.1 Daemon Server] - 2026-02-18T23:59:43.107Z - Handled json message HASH_GLOB. Handling time: 6. Response time: 1.
[NX v22.5.1 Daemon Client] - 2026-02-18T23:59:43.107Z - [Messenger] Received message, length: 20
[NX v22.5.1 Daemon Client] - 2026-02-18T23:59:43.109Z - [Messenger] Sending message type: HASH_GLOB
[NX v22.5.1 Daemon Client] - 2026-02-18T23:59:43.109Z - [Messenger] Message sent
[NX v22.5.1 Daemon Server] - 2026-02-18T23:59:43.114Z - Received raw message of length 57
[NX v22.5.1 Daemon Server] - 2026-02-18T23:59:43.115Z - Received json message of type HASH_GLOB
[NX v22.5.1 Daemon Server] - 2026-02-18T23:59:43.121Z - Serializing response for HASH_GLOB message in json mode
[NX v22.5.1 Daemon Server] - 2026-02-18T23:59:43.121Z - Responding to HASH_GLOB message
[NX v22.5.1 Daemon Server] - 2026-02-18T23:59:43.121Z - [REQUEST]: Responding to the client. handleHashGlob
[NX v22.5.1 Daemon Server] - 2026-02-18T23:59:43.121Z - Done responding to the client handleHashGlob
[NX v22.5.1 Daemon Server] - 2026-02-18T23:59:43.121Z - Handled json message HASH_GLOB. Handling time: 6. Response time: 0.
Time for '@nx/webpack/plugin:createNodes' 357.7385159999999
Time for 'HASH_GLOB round trip' 334.935015
Time for 'deserialize daemon response - HASH_GLOB' 0.1772000000000844
Time for 'daemon-message-serialization-HASH_GLOB' 0.03981400000020585
[NX v22.5.1 Daemon Client] - 2026-02-18T23:59:43.124Z - [Messenger] Received message, length: 20
Time for 'daemon-message-serialization-HASH_GLOB' 0.15829699999994773
[NX v22.5.1 Daemon Server] - 2026-02-18T23:59:43.171Z - Received raw message of length 59
[NX v22.5.1 Daemon Server] - 2026-02-18T23:59:43.172Z - Received json message of type HASH_GLOB
[NX v22.5.1 Daemon Server] - 2026-02-18T23:59:43.173Z - Serializing response for HASH_GLOB message in json mode
[NX v22.5.1 Daemon Server] - 2026-02-18T23:59:43.173Z - Responding to HASH_GLOB message
[NX v22.5.1 Daemon Server] - 2026-02-18T23:59:43.173Z - [REQUEST]: Responding to the client. handleHashGlob
[NX v22.5.1 Daemon Client] - 2026-02-18T23:59:43.174Z - [Messenger] Received message, length: 21
[NX v22.5.1 Daemon Server] - 2026-02-18T23:59:43.174Z - Done responding to the client handleHashGlob
[NX v22.5.1 Daemon Server] - 2026-02-18T23:59:43.174Z - Handled json message HASH_GLOB. Handling time: 1. Response time: 1.
[NX v22.5.1 Daemon Server] - 2026-02-18T23:59:43.178Z - Closed a connection. Number of open connections: 8
[NX v22.5.1 Daemon Client] - 2026-02-18T23:59:43.179Z - [Messenger] Sending message type: HASH_GLOB
[NX v22.5.1 Daemon Client] - 2026-02-18T23:59:43.179Z - [Messenger] Message sent
[NX v22.5.1 Daemon Server] - 2026-02-18T23:59:43.180Z - Received raw message of length 64
[NX v22.5.1 Daemon Server] - 2026-02-18T23:59:43.180Z - Received json message of type HASH_GLOB
[NX v22.5.1 Daemon Server] - 2026-02-18T23:59:43.182Z - Serializing response for HASH_GLOB message in json mode
[NX v22.5.1 Daemon Server] - 2026-02-18T23:59:43.182Z - Responding to HASH_GLOB message
[NX v22.5.1 Daemon Server] - 2026-02-18T23:59:43.182Z - [REQUEST]: Responding to the client. handleHashGlob
[NX v22.5.1 Daemon Server] - 2026-02-18T23:59:43.183Z - Done responding to the client handleHashGlob
[NX v22.5.1 Daemon Server] - 2026-02-18T23:59:43.183Z - Handled json message HASH_GLOB. Handling time: 2. Response time: 1.
Time for 'HASH_GLOB round trip' 216.98556599999984
Time for 'deserialize daemon response - HASH_GLOB' 1.0603460000002087
Time for 'daemon-message-serialization-HASH_GLOB' 0.03965100000004895
[NX v22.5.1 Daemon Server] - 2026-02-18T23:59:43.183Z - Closed a connection. Number of open connections: 7
[NX v22.5.1 Daemon Client] - 2026-02-18T23:59:43.183Z - [Messenger] Received message, length: 21
[NX v22.5.1 Daemon Client] - 2026-02-18T23:59:43.184Z - [Messenger] Sending message type: HASH_GLOB
[NX v22.5.1 Daemon Client] - 2026-02-18T23:59:43.185Z - [Messenger] Message sent
[NX v22.5.1 Daemon Server] - 2026-02-18T23:59:43.186Z - Received raw message of length 59
[NX v22.5.1 Daemon Server] - 2026-02-18T23:59:43.186Z - Received json message of type HASH_GLOB
[NX v22.5.1 Daemon Server] - 2026-02-18T23:59:43.189Z - Serializing response for HASH_GLOB message in json mode
[NX v22.5.1 Daemon Server] - 2026-02-18T23:59:43.189Z - Responding to HASH_GLOB message
[NX v22.5.1 Daemon Server] - 2026-02-18T23:59:43.189Z - [REQUEST]: Responding to the client. handleHashGlob
[NX v22.5.1 Daemon Server] - 2026-02-18T23:59:43.189Z - Done responding to the client handleHashGlob
[NX v22.5.1 Daemon Server] - 2026-02-18T23:59:43.189Z - Handled json message HASH_GLOB. Handling time: 3. Response time: 0.
Time for '@nx/next/plugin:createNodes' 286.37028699999973
Time for 'HASH_GLOB round trip' 4.819847999999638
Time for 'deserialize daemon response - HASH_GLOB' 0.03803199999993012
Time for 'daemon-message-serialization-HASH_GLOB' 0.04739900000004127
[NX v22.5.1 Daemon Client] - 2026-02-18T23:59:43.192Z - [Messenger] Received message, length: 21
[NX v22.5.1 Daemon Client] - 2026-02-18T23:59:43.192Z - [Messenger] Sending message type: HASH_GLOB
[NX v22.5.1 Daemon Client] - 2026-02-18T23:59:43.192Z - [Messenger] Message sent
[NX v22.5.1 Daemon Server] - 2026-02-18T23:59:43.193Z - Received raw message of length 64
[NX v22.5.1 Daemon Server] - 2026-02-18T23:59:43.193Z - Received json message of type HASH_GLOB
[NX v22.5.1 Daemon Server] - 2026-02-18T23:59:43.195Z - Serializing response for HASH_GLOB message in json mode
[NX v22.5.1 Daemon Server] - 2026-02-18T23:59:43.195Z - Responding to HASH_GLOB message
[NX v22.5.1 Daemon Server] - 2026-02-18T23:59:43.195Z - [REQUEST]: Responding to the client. handleHashGlob
[NX v22.5.1 Daemon Server] - 2026-02-18T23:59:43.195Z - Done responding to the client handleHashGlob
[NX v22.5.1 Daemon Server] - 2026-02-18T23:59:43.196Z - Handled json message HASH_GLOB. Handling time: 2. Response time: 1.
[NX v22.5.1 Daemon Client] - 2026-02-18T23:59:43.196Z - [Messenger] Received message, length: 21
Time for 'HASH_GLOB round trip' 7.930944000000181
Time for 'deserialize daemon response - HASH_GLOB' 0.028291000000081112
Time for 'daemon-message-serialization-HASH_GLOB' 0.03480600000011691
Time for '@nx/next/plugin:createNodes' 296.6311089999999
Time for 'HASH_GLOB round trip' 4.129487000000154
Time for 'deserialize daemon response - HASH_GLOB' 0.03600600000027043
[NX v22.5.1 Daemon Server] - 2026-02-18T23:59:43.220Z - Closed a connection. Number of open connections: 6
Time for 'HASH_MULTI_GLOB round trip' 25.70946300000014
Time for 'deserialize daemon response - HASH_MULTI_GLOB' 0.04284300000017538
Time for 'daemon-message-serialization-HASH_MULTI_GLOB' 0.05143500000031054
[NX v22.5.1 Daemon Client] - 2026-02-18T23:59:43.382Z - [Messenger] Received message, length: 266
Time for 'HASH_MULTI_GLOB round trip' 727.6656199999998
Time for 'deserialize daemon response - HASH_MULTI_GLOB' 0.03368000000000393
[NX v22.5.1 Daemon Server] - 2026-02-18T23:59:46.682Z - Time taken for 'build-project-configs' 5833.7357739999425ms
Time for '@nx/eslint/plugin:createNodes' 4266.246078
[NX v22.5.1 Daemon Server] - 2026-02-18T23:59:46.746Z - Time taken for 'build-project-configs' 5902.784080999903ms
[NX v22.5.1 Daemon Server] - 2026-02-18T23:59:46.774Z - [SYNC]: collect registered sync generators
[NX v22.5.1 Daemon Server] - 2026-02-18T23:59:46.774Z - [SYNC]: project graph hash is the same, not collecting task sync generators
[NX v22.5.1 Daemon Server] - 2026-02-18T23:59:46.775Z - [SYNC]: nx.json hash is the same, not collecting global sync generators
[NX v22.5.1 Daemon Server] - 2026-02-18T23:59:46.775Z - Serializing response for PROJECT_GRAPH_UPDATED message in json mode
[NX v22.5.1 Daemon Server] - 2026-02-18T23:59:46.782Z - Responding to PROJECT_GRAPH_UPDATED message
[NX v22.5.1 Daemon Server] - 2026-02-18T23:59:46.782Z - [REQUEST]: Responding to the client. Project graph updated
Time for 'build typescript dependencies' 0.28229800000008254
[NX v22.5.1 Daemon Server] - 2026-02-18T23:59:46.784Z - Time taken for 'total execution time for createProjectGraph()' 47.296743999933824ms
[NX v22.5.1 Daemon Server] - 2026-02-18T23:59:46.787Z - Closed a connection. Number of open connections: 5
[NX v22.5.1 Daemon Server] - 2026-02-18T23:59:46.788Z - Done responding to the client Project graph updated
[NX v22.5.1 Daemon Server] - 2026-02-18T23:59:46.789Z - Handled json message PROJECT_GRAPH_UPDATED. Handling time: 0. Response time: 14.
[NX v22.5.1 Daemon Client] - 2026-02-18T23:59:46.793Z - [Messenger] Received message, length: 1341402
[NX v22.5.1 Daemon Client] - 2026-02-18T23:59:46.813Z - [Messenger] Sending message type: GET_CONTEXT_FILE_DATA
[NX v22.5.1 Daemon Client] - 2026-02-18T23:59:46.813Z - [Messenger] Message sent
[NX v22.5.1 Daemon Server] - 2026-02-18T23:59:46.814Z - Established a connection. Number of open connections: 6
[NX v22.5.1 Daemon Server] - 2026-02-18T23:59:46.814Z - Received raw message of length 32
[NX v22.5.1 Daemon Server] - 2026-02-18T23:59:46.814Z - Received json message of type GET_CONTEXT_FILE_DATA
[NX v22.5.1 Daemon Server] - 2026-02-18T23:59:46.814Z - Serializing response for GET_CONTEXT_FILE_DATA message in json mode
[NX v22.5.1 Daemon Server] - 2026-02-18T23:59:46.815Z - Responding to GET_CONTEXT_FILE_DATA message
[NX v22.5.1 Daemon Server] - 2026-02-18T23:59:46.815Z - [REQUEST]: Responding to the client. handleContextFileData
[NX v22.5.1 Daemon Client] - 2026-02-18T23:59:46.815Z - [Messenger] Received message, length: 19405
[NX v22.5.1 Daemon Server] - 2026-02-18T23:59:46.815Z - Done responding to the client handleContextFileData
[NX v22.5.1 Daemon Server] - 2026-02-18T23:59:46.815Z - Handled json message GET_CONTEXT_FILE_DATA. Handling time: 0. Response time: 1.
[NX v22.5.1 Daemon Server] - 2026-02-18T23:59:46.815Z - Closed a connection. Number of open connections: 5
Time for 'build typescript dependencies' 0.24387800000022253
[NX v22.5.1 Daemon Server] - 2026-02-18T23:59:46.848Z - [SYNC]: collect registered sync generators
[NX v22.5.1 Daemon Server] - 2026-02-18T23:59:46.850Z - [SYNC]: project graph hash is the same, not collecting task sync generators
[NX v22.5.1 Daemon Server] - 2026-02-18T23:59:46.850Z - [SYNC]: nx.json hash is the same, not collecting global sync generators
[NX v22.5.1 Daemon Server] - 2026-02-18T23:59:46.850Z - Serializing response for PROJECT_GRAPH_UPDATED message in json mode
[NX v22.5.1 Daemon Server] - 2026-02-18T23:59:46.864Z - Responding to PROJECT_GRAPH_UPDATED message
[NX v22.5.1 Daemon Server] - 2026-02-18T23:59:46.864Z - [REQUEST]: Responding to the client. Project graph updated
[NX v22.5.1 Daemon Server] - 2026-02-18T23:59:46.868Z - Time taken for 'total execution time for createProjectGraph()' 117.87146900012158ms
[NX v22.5.1 Daemon Server] - 2026-02-18T23:59:46.873Z - Done responding to the client Project graph updated
[NX v22.5.1 Daemon Server] - 2026-02-18T23:59:46.873Z - Handled json message PROJECT_GRAPH_UPDATED. Handling time: 0. Response time: 23.
[NX v22.5.1 Daemon Client] - 2026-02-18T23:59:46.876Z - [Messenger] Received message, length: 1341402
[NX v22.5.1 Daemon Client] - 2026-02-18T23:59:46.908Z - [Messenger] Sending message type: GET_CONTEXT_FILE_DATA
[NX v22.5.1 Daemon Client] - 2026-02-18T23:59:46.908Z - [Messenger] Message sent
[NX v22.5.1 Daemon Server] - 2026-02-18T23:59:46.909Z - Established a connection. Number of open connections: 6
[NX v22.5.1 Daemon Server] - 2026-02-18T23:59:46.909Z - Received raw message of length 32
[NX v22.5.1 Daemon Server] - 2026-02-18T23:59:46.909Z - Received json message of type GET_CONTEXT_FILE_DATA
[NX v22.5.1 Daemon Server] - 2026-02-18T23:59:46.910Z - Serializing response for GET_CONTEXT_FILE_DATA message in json mode
[NX v22.5.1 Daemon Server] - 2026-02-18T23:59:46.910Z - Responding to GET_CONTEXT_FILE_DATA message
[NX v22.5.1 Daemon Server] - 2026-02-18T23:59:46.910Z - [REQUEST]: Responding to the client. handleContextFileData
[NX v22.5.1 Daemon Server] - 2026-02-18T23:59:46.910Z - Done responding to the client handleContextFileData
[NX v22.5.1 Daemon Server] - 2026-02-18T23:59:46.910Z - Handled json message GET_CONTEXT_FILE_DATA. Handling time: 1. Response time: 0.
[NX v22.5.1 Daemon Client] - 2026-02-18T23:59:46.911Z - [Messenger] Received message, length: 19405
[NX v22.5.1 Daemon Server] - 2026-02-18T23:59:46.913Z - Closed a connection. Number of open connections: 5
[NX v22.5.1 Daemon Server] - 2026-02-18T23:59:47.306Z - Closed a connection. Number of open connections: 4
[NX v22.5.1 Daemon Client] - 2026-02-18T23:59:47.306Z - [ProjectGraphListener] Socket closed, triggering reconnection
[NX v22.5.1 Daemon Server] - 2026-02-18T23:59:47.308Z - Established a connection. Number of open connections: 5
[NX v22.5.1 Daemon Client] - 2026-02-18T23:59:47.309Z - [Messenger] Setting up socket listeners
[NX v22.5.1 Daemon Server] - 2026-02-18T23:59:47.309Z - Closed a connection. Number of open connections: 4
[NX v22.5.1 Daemon Client] - 2026-02-18T23:59:47.309Z - [Messenger] listen() complete
[NX v22.5.1 Daemon Client] - 2026-02-18T23:59:47.309Z - [Messenger] Sending message type: REGISTER_PROJECT_GRAPH_LISTENER
[NX v22.5.1 Daemon Server] - 2026-02-18T23:59:47.309Z - Established a connection. Number of open connections: 5
[NX v22.5.1 Daemon Client] - 2026-02-18T23:59:47.309Z - [Messenger] Message sent
[NX v22.5.1 Daemon Server] - 2026-02-18T23:59:47.310Z - Received raw message of length 42
[NX v22.5.1 Daemon Server] - 2026-02-18T23:59:47.310Z - Received json message of type REGISTER_PROJECT_GRAPH_LISTENER
[NX v22.5.1 Daemon Server] - 2026-02-18T23:59:47.459Z - Closed a connection. Number of open connections: 4
[NX v22.5.1 Daemon Client] - 2026-02-18T23:59:47.459Z - [ProjectGraphListener] Socket closed, triggering reconnection
[NX v22.5.1 Daemon Server] - 2026-02-18T23:59:47.461Z - Established a connection. Number of open connections: 5
[NX v22.5.1 Daemon Client] - 2026-02-18T23:59:47.461Z - [Messenger] Setting up socket listeners
[NX v22.5.1 Daemon Client] - 2026-02-18T23:59:47.461Z - [Messenger] listen() complete
[NX v22.5.1 Daemon Client] - 2026-02-18T23:59:47.461Z - [Messenger] Sending message type: REGISTER_PROJECT_GRAPH_LISTENER
[NX v22.5.1 Daemon Client] - 2026-02-18T23:59:47.461Z - [Messenger] Message sent
[NX v22.5.1 Daemon Server] - 2026-02-18T23:59:47.461Z - Established a connection. Number of open connections: 6
[NX v22.5.1 Daemon Server] - 2026-02-18T23:59:47.461Z - Closed a connection. Number of open connections: 5
[NX v22.5.1 Daemon Server] - 2026-02-18T23:59:47.462Z - Received raw message of length 42
[NX v22.5.1 Daemon Server] - 2026-02-18T23:59:47.462Z - Received json message of type REGISTER_PROJECT_GRAPH_LISTENER
[NX v22.5.1 Daemon Server] - 2026-02-19T00:00:36.710Z - Established a connection. Number of open connections: 6
[NX v22.5.1 Daemon Server] - 2026-02-19T00:00:36.713Z - Closed a connection. Number of open connections: 5
[NX v22.5.1 Daemon Server] - 2026-02-19T00:00:36.714Z - Established a connection. Number of open connections: 6
[NX v22.5.1 Daemon Server] - 2026-02-19T00:00:36.714Z - Closed a connection. Number of open connections: 5
[NX v22.5.1 Daemon Server] - 2026-02-19T00:00:36.715Z - Established a connection. Number of open connections: 6
[NX v22.5.1 Daemon Client] - 2026-02-19T00:00:36.715Z - [Messenger] Setting up socket listeners
[NX v22.5.1 Daemon Client] - 2026-02-19T00:00:36.716Z - [Messenger] listen() complete
[NX v22.5.1 Daemon Client] - 2026-02-19T00:00:36.718Z - [Messenger] Sending message type: GET_NX_CONSOLE_STATUS
[NX v22.5.1 Daemon Client] - 2026-02-19T00:00:36.719Z - [Messenger] Message sent
[NX v22.5.1 Daemon Server] - 2026-02-19T00:00:36.801Z - Received raw message of length 32
[NX v22.5.1 Daemon Server] - 2026-02-19T00:00:36.801Z - Received json message of type GET_NX_CONSOLE_STATUS
[NX v22.5.1 Daemon Server] - 2026-02-19T00:00:36.801Z - Serializing response for GET_NX_CONSOLE_STATUS message in json mode
[NX v22.5.1 Daemon Server] - 2026-02-19T00:00:36.801Z - Responding to GET_NX_CONSOLE_STATUS message
[NX v22.5.1 Daemon Server] - 2026-02-19T00:00:36.802Z - [REQUEST]: Responding to the client. handleGetNxConsoleStatus
[NX v22.5.1 Daemon Server] - 2026-02-19T00:00:36.802Z - Done responding to the client handleGetNxConsoleStatus
[NX v22.5.1 Daemon Server] - 2026-02-19T00:00:36.802Z - Handled json message GET_NX_CONSOLE_STATUS. Handling time: 0. Response time: 1.
[NX v22.5.1 Daemon Client] - 2026-02-19T00:00:36.802Z - [Messenger] Received message, length: 22
[NX v22.5.1 Daemon Client] - 2026-02-19T00:00:36.861Z - [Messenger] Sending message type: REQUEST_PROJECT_GRAPH
[NX v22.5.1 Daemon Client] - 2026-02-19T00:00:36.861Z - [Messenger] Message sent
[NX v22.5.1 Daemon Server] - 2026-02-19T00:00:36.861Z - Received raw message of length 32
[NX v22.5.1 Daemon Server] - 2026-02-19T00:00:36.862Z - Received json message of type REQUEST_PROJECT_GRAPH
[NX v22.5.1 Daemon Server] - 2026-02-19T00:00:36.862Z - [REQUEST]: Client Request for Project Graph Received
[NX v22.5.1 Daemon Server] - 2026-02-19T00:00:36.862Z - Reusing in-memory cached project graph because no files changed.
[NX v22.5.1 Daemon Server] - 2026-02-19T00:00:36.877Z - Wrote project graph cache to /home/poukam-tech/project/marizona/.nx/workspace-data/project-graph.json
[NX v22.5.1 Daemon Server] - 2026-02-19T00:00:36.878Z - Serializing response for REQUEST_PROJECT_GRAPH message in json mode
[NX v22.5.1 Daemon Server] - 2026-02-19T00:00:36.878Z - Responding to REQUEST_PROJECT_GRAPH message
[NX v22.5.1 Daemon Server] - 2026-02-19T00:00:36.878Z - [REQUEST]: Responding to the client. project-graph
[NX v22.5.1 Daemon Server] - 2026-02-19T00:00:36.880Z - Time taken for 'total for creating and serializing project graph' 16.054555000038818ms
[NX v22.5.1 Daemon Server] - 2026-02-19T00:00:36.883Z - Done responding to the client project-graph
[NX v22.5.1 Daemon Server] - 2026-02-19T00:00:36.883Z - Handled json message REQUEST_PROJECT_GRAPH. Handling time: 16. Response time: 5.
[NX v22.5.1 Daemon Client] - 2026-02-19T00:00:36.884Z - [Messenger] Received message, length: 1341409
[NX v22.5.1 Daemon Client] - 2026-02-19T00:00:36.898Z - [Messenger] Sending message type: PRE_TASKS_EXECUTION
[NX v22.5.1 Daemon Client] - 2026-02-19T00:00:36.898Z - [Messenger] Message sent
[NX v22.5.1 Daemon Server] - 2026-02-19T00:00:36.898Z - Received raw message of length 1629
[NX v22.5.1 Daemon Server] - 2026-02-19T00:00:36.898Z - Received json message of type PRE_TASKS_EXECUTION
[NX v22.5.1 Daemon Server] - 2026-02-19T00:00:36.899Z - Serializing response for PRE_TASKS_EXECUTION message in json mode
[NX v22.5.1 Daemon Server] - 2026-02-19T00:00:36.899Z - Responding to PRE_TASKS_EXECUTION message
[NX v22.5.1 Daemon Server] - 2026-02-19T00:00:36.899Z - [REQUEST]: Responding to the client. handleRunPreTasksExecution
[NX v22.5.1 Daemon Server] - 2026-02-19T00:00:36.899Z - Done responding to the client handleRunPreTasksExecution
[NX v22.5.1 Daemon Client] - 2026-02-19T00:00:36.899Z - [Messenger] Received message, length: 2
[NX v22.5.1 Daemon Server] - 2026-02-19T00:00:36.899Z - Handled json message PRE_TASKS_EXECUTION. Handling time: 1. Response time: 0.
[NX v22.5.1 Daemon Server] - 2026-02-19T00:00:36.900Z - Time taken for 'preTasksExecution' 0.26216599997133017ms
[NX v22.5.1 Daemon Client] - 2026-02-19T00:00:36.924Z - [Messenger] Sending message type: HASH_TASKS
[NX v22.5.1 Daemon Client] - 2026-02-19T00:00:36.924Z - [Messenger] Message sent
[NX v22.5.1 Daemon Server] - 2026-02-19T00:00:36.924Z - Received raw message of length 8506
[NX v22.5.1 Daemon Server] - 2026-02-19T00:00:36.924Z - Received json message of type HASH_TASKS
[NX v22.5.1 Daemon Server] - 2026-02-19T00:00:36.925Z - Reusing in-memory cached project graph because no files changed.
[NX v22.5.1 Daemon Server] - 2026-02-19T00:00:36.934Z - Wrote project graph cache to /home/poukam-tech/project/marizona/.nx/workspace-data/project-graph.json
DEBUG nx::native::tasks::hash_planner: get_plans_internal COMPLETED in 7.506025ms - processed 1 tasks (setup: 7.091698ms, parallel_planning: 403.967µs)
DEBUG nx::native::tasks::hashers::hash_workspace_files: Hashing workspace fileset with inputs: Adding "12475982618692230973" (".gitignore") to hash
DEBUG nx::native::tasks::hashers::hash_workspace_files: Hashing workspace fileset with inputs: Adding "8516195800549599522" (".nxignore") to hash
DEBUG nx::native::tasks::hashers::hash_workspace_files: Hashing workspace fileset with inputs: Adding "614954295243266697" ("nx.json") to hash
DEBUG nx::native::tasks::hashers::hash_workspace_files: Hashing workspace fileset with inputs: Hash Value: "16382247164987548109"
DEBUG nx::native::tasks::task_hasher: hash_plans COMPLETED in 6.297687ms - processed 1 plans (setup: 1.060358ms, hashing: 5.229713ms, assembly: 1.920681ms)
[NX v22.5.1 Daemon Server] - 2026-02-19T00:00:36.967Z - Serializing response for HASH_TASKS message in json mode
[NX v22.5.1 Daemon Server] - 2026-02-19T00:00:36.968Z - Responding to HASH_TASKS message
[NX v22.5.1 Daemon Server] - 2026-02-19T00:00:36.968Z - [REQUEST]: Responding to the client. handleHashTasks
[NX v22.5.1 Daemon Server] - 2026-02-19T00:00:36.968Z - Done responding to the client handleHashTasks
[NX v22.5.1 Daemon Server] - 2026-02-19T00:00:36.968Z - Handled json message HASH_TASKS. Handling time: 43. Response time: 1.
[NX v22.5.1 Daemon Server] - 2026-02-19T00:00:36.969Z - Time taken for 'write cache' 9.782651000190526ms
[NX v22.5.1 Daemon Client] - 2026-02-19T00:00:36.969Z - [Messenger] Received message, length: 96603
[NX v22.5.1 Daemon Client] - 2026-02-19T00:00:36.985Z - [Messenger] Sending message type: GET_ESTIMATED_TASK_TIMINGS
[NX v22.5.1 Daemon Client] - 2026-02-19T00:00:36.985Z - [Messenger] Message sent
[NX v22.5.1 Daemon Server] - 2026-02-19T00:00:36.985Z - Received raw message of length 119
[NX v22.5.1 Daemon Server] - 2026-02-19T00:00:36.985Z - Received json message of type GET_ESTIMATED_TASK_TIMINGS
[NX v22.5.1 Daemon Server] - 2026-02-19T00:00:36.986Z - Serializing response for GET_ESTIMATED_TASK_TIMINGS message in json mode
[NX v22.5.1 Daemon Server] - 2026-02-19T00:00:36.986Z - Responding to GET_ESTIMATED_TASK_TIMINGS message
[NX v22.5.1 Daemon Server] - 2026-02-19T00:00:36.986Z - [REQUEST]: Responding to the client. handleGetEstimatedTaskTimings
[NX v22.5.1 Daemon Server] - 2026-02-19T00:00:36.986Z - Done responding to the client handleGetEstimatedTaskTimings
[NX v22.5.1 Daemon Server] - 2026-02-19T00:00:36.986Z - Handled json message GET_ESTIMATED_TASK_TIMINGS. Handling time: 1. Response time: 0.
[NX v22.5.1 Daemon Client] - 2026-02-19T00:00:36.987Z - [Messenger] Received message, length: 2
[NX v22.5.1 Daemon Server] - 2026-02-19T00:00:39.357Z - Established a connection. Number of open connections: 7
[NX v22.5.1 Daemon Server] - 2026-02-19T00:00:39.363Z - Closed a connection. Number of open connections: 6
[NX v22.5.1 Daemon Server] - 2026-02-19T00:00:39.364Z - Established a connection. Number of open connections: 7
[NX v22.5.1 Daemon Client] - 2026-02-19T00:00:39.364Z - [Messenger] Setting up socket listeners
[NX v22.5.1 Daemon Client] - 2026-02-19T00:00:39.365Z - [Messenger] listen() complete
[NX v22.5.1 Daemon Client] - 2026-02-19T00:00:39.365Z - [Messenger] Sending message type: REQUEST_PROJECT_GRAPH
[NX v22.5.1 Daemon Client] - 2026-02-19T00:00:39.366Z - [Messenger] Message sent
[NX v22.5.1 Daemon Server] - 2026-02-19T00:00:39.445Z - Received raw message of length 32
[NX v22.5.1 Daemon Server] - 2026-02-19T00:00:39.445Z - Received json message of type REQUEST_PROJECT_GRAPH
[NX v22.5.1 Daemon Server] - 2026-02-19T00:00:39.445Z - [REQUEST]: Client Request for Project Graph Received
[NX v22.5.1 Daemon Server] - 2026-02-19T00:00:39.446Z - Reusing in-memory cached project graph because no files changed.
[NX v22.5.1 Daemon Server] - 2026-02-19T00:00:39.458Z - Wrote project graph cache to /home/poukam-tech/project/marizona/.nx/workspace-data/project-graph.json
[NX v22.5.1 Daemon Server] - 2026-02-19T00:00:39.459Z - Serializing response for REQUEST_PROJECT_GRAPH message in json mode
[NX v22.5.1 Daemon Server] - 2026-02-19T00:00:39.459Z - Responding to REQUEST_PROJECT_GRAPH message
[NX v22.5.1 Daemon Server] - 2026-02-19T00:00:39.459Z - [REQUEST]: Responding to the client. project-graph
[NX v22.5.1 Daemon Server] - 2026-02-19T00:00:39.460Z - Time taken for 'total for creating and serializing project graph' 13.184518000110984ms
[NX v22.5.1 Daemon Server] - 2026-02-19T00:00:39.464Z - Done responding to the client project-graph
[NX v22.5.1 Daemon Server] - 2026-02-19T00:00:39.464Z - Handled json message REQUEST_PROJECT_GRAPH. Handling time: 14. Response time: 5.
[NX v22.5.1 Daemon Client] - 2026-02-19T00:00:39.466Z - [Messenger] Received message, length: 1341409
[NX v22.5.1 Daemon Server] - 2026-02-19T00:00:40.638Z - [WATCHER]: Processing file changes in outputs
[NX v22.5.1 Daemon Client] - 2026-02-19T00:00:40.803Z - [Messenger] Sending message type: REQUEST_PROJECT_GRAPH
[NX v22.5.1 Daemon Client] - 2026-02-19T00:00:40.803Z - [Messenger] Message sent
[NX v22.5.1 Daemon Server] - 2026-02-19T00:00:40.803Z - Received raw message of length 32
[NX v22.5.1 Daemon Server] - 2026-02-19T00:00:40.803Z - Received json message of type REQUEST_PROJECT_GRAPH
[NX v22.5.1 Daemon Server] - 2026-02-19T00:00:40.803Z - [REQUEST]: Client Request for Project Graph Received
[NX v22.5.1 Daemon Server] - 2026-02-19T00:00:40.803Z - Reusing in-memory cached project graph because no files changed.
[NX v22.5.1 Daemon Server] - 2026-02-19T00:00:40.818Z - Wrote project graph cache to /home/poukam-tech/project/marizona/.nx/workspace-data/project-graph.json
[NX v22.5.1 Daemon Server] - 2026-02-19T00:00:40.818Z - Serializing response for REQUEST_PROJECT_GRAPH message in json mode
[NX v22.5.1 Daemon Server] - 2026-02-19T00:00:40.818Z - Responding to REQUEST_PROJECT_GRAPH message
[NX v22.5.1 Daemon Server] - 2026-02-19T00:00:40.818Z - [REQUEST]: Responding to the client. project-graph
[NX v22.5.1 Daemon Server] - 2026-02-19T00:00:40.820Z - Time taken for 'total for creating and serializing project graph' 14.786346999928355ms
[NX v22.5.1 Daemon Server] - 2026-02-19T00:00:40.827Z - Done responding to the client project-graph
[NX v22.5.1 Daemon Server] - 2026-02-19T00:00:40.827Z - Handled json message REQUEST_PROJECT_GRAPH. Handling time: 15. Response time: 9.
[NX v22.5.1 Daemon Client] - 2026-02-19T00:00:40.829Z - [Messenger] Received message, length: 1341409
[NX v22.5.1 Daemon Server] - 2026-02-19T00:02:09.540Z - Closed a connection. Number of open connections: 6
[NX v22.5.1 Daemon Server] - 2026-02-19T00:02:09.617Z - Closed a connection. Number of open connections: 5
[NX v22.5.1 Daemon Server] - 2026-02-19T00:02:10.859Z - Established a connection. Number of open connections: 6
[NX v22.5.1 Daemon Server] - 2026-02-19T00:02:10.861Z - Closed a connection. Number of open connections: 5
[NX v22.5.1 Daemon Server] - 2026-02-19T00:02:10.862Z - Established a connection. Number of open connections: 6
[NX v22.5.1 Daemon Client] - 2026-02-19T00:02:10.862Z - [Messenger] Setting up socket listeners
[NX v22.5.1 Daemon Client] - 2026-02-19T00:02:10.863Z - [Messenger] listen() complete
[NX v22.5.1 Daemon Client] - 2026-02-19T00:02:10.863Z - [Messenger] Sending message type: REQUEST_PROJECT_GRAPH
[NX v22.5.1 Daemon Client] - 2026-02-19T00:02:10.864Z - [Messenger] Message sent
[NX v22.5.1 Daemon Server] - 2026-02-19T00:02:10.960Z - Received raw message of length 32
[NX v22.5.1 Daemon Server] - 2026-02-19T00:02:10.960Z - Received json message of type REQUEST_PROJECT_GRAPH
[NX v22.5.1 Daemon Server] - 2026-02-19T00:02:10.961Z - [REQUEST]: Client Request for Project Graph Received
[NX v22.5.1 Daemon Server] - 2026-02-19T00:02:10.961Z - Reusing in-memory cached project graph because no files changed.
[NX v22.5.1 Daemon Server] - 2026-02-19T00:02:10.972Z - Wrote project graph cache to /home/poukam-tech/project/marizona/.nx/workspace-data/project-graph.json
[NX v22.5.1 Daemon Server] - 2026-02-19T00:02:10.972Z - Serializing response for REQUEST_PROJECT_GRAPH message in json mode
[NX v22.5.1 Daemon Server] - 2026-02-19T00:02:10.972Z - Responding to REQUEST_PROJECT_GRAPH message
[NX v22.5.1 Daemon Server] - 2026-02-19T00:02:10.972Z - [REQUEST]: Responding to the client. project-graph
[NX v22.5.1 Daemon Server] - 2026-02-19T00:02:10.974Z - Time taken for 'total for creating and serializing project graph' 11.33825600007549ms
[NX v22.5.1 Daemon Server] - 2026-02-19T00:02:10.977Z - Done responding to the client project-graph
[NX v22.5.1 Daemon Server] - 2026-02-19T00:02:10.977Z - Handled json message REQUEST_PROJECT_GRAPH. Handling time: 12. Response time: 5.
[NX v22.5.1 Daemon Client] - 2026-02-19T00:02:10.978Z - [Messenger] Received message, length: 1341409
[NX v22.5.1 Daemon Server] - 2026-02-19T00:02:11.126Z - Closed a connection. Number of open connections: 5
[NX v22.5.1 Daemon Server] - 2026-02-19T00:02:12.047Z - Established a connection. Number of open connections: 6
[NX v22.5.1 Daemon Server] - 2026-02-19T00:02:12.052Z - Closed a connection. Number of open connections: 5
[NX v22.5.1 Daemon Server] - 2026-02-19T00:02:12.053Z - Established a connection. Number of open connections: 6
[NX v22.5.1 Daemon Client] - 2026-02-19T00:02:12.053Z - [Messenger] Setting up socket listeners
[NX v22.5.1 Daemon Client] - 2026-02-19T00:02:12.054Z - [Messenger] listen() complete
[NX v22.5.1 Daemon Client] - 2026-02-19T00:02:12.054Z - [Messenger] Sending message type: REQUEST_PROJECT_GRAPH
[NX v22.5.1 Daemon Client] - 2026-02-19T00:02:12.055Z - [Messenger] Message sent
[NX v22.5.1 Daemon Server] - 2026-02-19T00:02:12.111Z - Received raw message of length 32
[NX v22.5.1 Daemon Server] - 2026-02-19T00:02:12.112Z - Received json message of type REQUEST_PROJECT_GRAPH
[NX v22.5.1 Daemon Server] - 2026-02-19T00:02:12.112Z - [REQUEST]: Client Request for Project Graph Received
[NX v22.5.1 Daemon Server] - 2026-02-19T00:02:12.112Z - Reusing in-memory cached project graph because no files changed.
[NX v22.5.1 Daemon Server] - 2026-02-19T00:02:12.122Z - Wrote project graph cache to /home/poukam-tech/project/marizona/.nx/workspace-data/project-graph.json
[NX v22.5.1 Daemon Server] - 2026-02-19T00:02:12.122Z - Serializing response for REQUEST_PROJECT_GRAPH message in json mode
[NX v22.5.1 Daemon Server] - 2026-02-19T00:02:12.122Z - Responding to REQUEST_PROJECT_GRAPH message
[NX v22.5.1 Daemon Server] - 2026-02-19T00:02:12.122Z - [REQUEST]: Responding to the client. project-graph
[NX v22.5.1 Daemon Server] - 2026-02-19T00:02:12.124Z - Time taken for 'total for creating and serializing project graph' 10.479698000010103ms
[NX v22.5.1 Daemon Server] - 2026-02-19T00:02:12.127Z - Done responding to the client project-graph
[NX v22.5.1 Daemon Server] - 2026-02-19T00:02:12.127Z - Handled json message REQUEST_PROJECT_GRAPH. Handling time: 10. Response time: 5.
[NX v22.5.1 Daemon Client] - 2026-02-19T00:02:12.129Z - [Messenger] Received message, length: 1341409
[NX v22.5.1 Daemon Server] - 2026-02-19T00:02:17.435Z - Established a connection. Number of open connections: 7
[NX v22.5.1 Daemon Server] - 2026-02-19T00:02:17.437Z - Closed a connection. Number of open connections: 6
[NX v22.5.1 Daemon Server] - 2026-02-19T00:02:17.438Z - Established a connection. Number of open connections: 7
[NX v22.5.1 Daemon Server] - 2026-02-19T00:02:17.439Z - Closed a connection. Number of open connections: 6
[NX v22.5.1 Daemon Server] - 2026-02-19T00:02:17.439Z - Established a connection. Number of open connections: 7
[NX v22.5.1 Daemon Client] - 2026-02-19T00:02:17.439Z - [Messenger] Setting up socket listeners
[NX v22.5.1 Daemon Client] - 2026-02-19T00:02:17.439Z - [Messenger] listen() complete
[NX v22.5.1 Daemon Client] - 2026-02-19T00:02:17.440Z - [Messenger] Sending message type: GET_NX_CONSOLE_STATUS
[NX v22.5.1 Daemon Client] - 2026-02-19T00:02:17.441Z - [Messenger] Message sent
[NX v22.5.1 Daemon Server] - 2026-02-19T00:02:17.522Z - Received raw message of length 32
[NX v22.5.1 Daemon Server] - 2026-02-19T00:02:17.522Z - Received json message of type GET_NX_CONSOLE_STATUS
[NX v22.5.1 Daemon Server] - 2026-02-19T00:02:17.522Z - Serializing response for GET_NX_CONSOLE_STATUS message in json mode
[NX v22.5.1 Daemon Server] - 2026-02-19T00:02:17.523Z - Responding to GET_NX_CONSOLE_STATUS message
[NX v22.5.1 Daemon Server] - 2026-02-19T00:02:17.523Z - [REQUEST]: Responding to the client. handleGetNxConsoleStatus
[NX v22.5.1 Daemon Server] - 2026-02-19T00:02:17.523Z - Done responding to the client handleGetNxConsoleStatus
[NX v22.5.1 Daemon Server] - 2026-02-19T00:02:17.523Z - Handled json message GET_NX_CONSOLE_STATUS. Handling time: 0. Response time: 1.
[NX v22.5.1 Daemon Client] - 2026-02-19T00:02:17.523Z - [Messenger] Received message, length: 22
[NX v22.5.1 Daemon Client] - 2026-02-19T00:02:17.588Z - [Messenger] Sending message type: REQUEST_PROJECT_GRAPH
[NX v22.5.1 Daemon Client] - 2026-02-19T00:02:17.588Z - [Messenger] Message sent
[NX v22.5.1 Daemon Server] - 2026-02-19T00:02:17.588Z - Received raw message of length 32
[NX v22.5.1 Daemon Server] - 2026-02-19T00:02:17.589Z - Received json message of type REQUEST_PROJECT_GRAPH
[NX v22.5.1 Daemon Server] - 2026-02-19T00:02:17.589Z - [REQUEST]: Client Request for Project Graph Received
[NX v22.5.1 Daemon Server] - 2026-02-19T00:02:17.589Z - Reusing in-memory cached project graph because no files changed.
[NX v22.5.1 Daemon Server] - 2026-02-19T00:02:17.599Z - Wrote project graph cache to /home/poukam-tech/project/marizona/.nx/workspace-data/project-graph.json
[NX v22.5.1 Daemon Server] - 2026-02-19T00:02:17.599Z - Serializing response for REQUEST_PROJECT_GRAPH message in json mode
[NX v22.5.1 Daemon Server] - 2026-02-19T00:02:17.599Z - Responding to REQUEST_PROJECT_GRAPH message
[NX v22.5.1 Daemon Server] - 2026-02-19T00:02:17.599Z - [REQUEST]: Responding to the client. project-graph
[NX v22.5.1 Daemon Server] - 2026-02-19T00:02:17.601Z - Time taken for 'total for creating and serializing project graph' 10.204342999961227ms
[NX v22.5.1 Daemon Server] - 2026-02-19T00:02:17.604Z - Done responding to the client project-graph
[NX v22.5.1 Daemon Server] - 2026-02-19T00:02:17.604Z - Handled json message REQUEST_PROJECT_GRAPH. Handling time: 10. Response time: 5.
[NX v22.5.1 Daemon Client] - 2026-02-19T00:02:17.605Z - [Messenger] Received message, length: 1341409
[NX v22.5.1 Daemon Client] - 2026-02-19T00:02:17.619Z - [Messenger] Sending message type: PRE_TASKS_EXECUTION
[NX v22.5.1 Daemon Client] - 2026-02-19T00:02:17.620Z - [Messenger] Message sent
[NX v22.5.1 Daemon Server] - 2026-02-19T00:02:17.620Z - Received raw message of length 1624
[NX v22.5.1 Daemon Server] - 2026-02-19T00:02:17.620Z - Received json message of type PRE_TASKS_EXECUTION
[NX v22.5.1 Daemon Server] - 2026-02-19T00:02:17.620Z - Serializing response for PRE_TASKS_EXECUTION message in json mode
[NX v22.5.1 Daemon Server] - 2026-02-19T00:02:17.620Z - Responding to PRE_TASKS_EXECUTION message
[NX v22.5.1 Daemon Server] - 2026-02-19T00:02:17.620Z - [REQUEST]: Responding to the client. handleRunPreTasksExecution
[NX v22.5.1 Daemon Server] - 2026-02-19T00:02:17.620Z - Done responding to the client handleRunPreTasksExecution
[NX v22.5.1 Daemon Server] - 2026-02-19T00:02:17.620Z - Handled json message PRE_TASKS_EXECUTION. Handling time: 0. Response time: 0.
[NX v22.5.1 Daemon Server] - 2026-02-19T00:02:17.621Z - Time taken for 'preTasksExecution' 0.25347699993290007ms
[NX v22.5.1 Daemon Client] - 2026-02-19T00:02:17.621Z - [Messenger] Received message, length: 2
[NX v22.5.1 Daemon Client] - 2026-02-19T00:02:17.653Z - [Messenger] Sending message type: HASH_TASKS
[NX v22.5.1 Daemon Client] - 2026-02-19T00:02:17.654Z - [Messenger] Message sent
[NX v22.5.1 Daemon Server] - 2026-02-19T00:02:17.654Z - Received raw message of length 8505
[NX v22.5.1 Daemon Server] - 2026-02-19T00:02:17.654Z - Received json message of type HASH_TASKS
[NX v22.5.1 Daemon Server] - 2026-02-19T00:02:17.655Z - Reusing in-memory cached project graph because no files changed.
[NX v22.5.1 Daemon Server] - 2026-02-19T00:02:17.667Z - Wrote project graph cache to /home/poukam-tech/project/marizona/.nx/workspace-data/project-graph.json
DEBUG nx::native::tasks::hash_planner: get_plans_internal COMPLETED in 7.892727ms - processed 1 tasks (setup: 7.273881ms, parallel_planning: 602.918µs)
DEBUG nx::native::tasks::hashers::hash_workspace_files: Hashing workspace fileset with inputs: Adding "12475982618692230973" (".gitignore") to hash
DEBUG nx::native::tasks::hashers::hash_workspace_files: Hashing workspace fileset with inputs: Adding "8516195800549599522" (".nxignore") to hash
DEBUG nx::native::tasks::hashers::hash_workspace_files: Hashing workspace fileset with inputs: Adding "614954295243266697" ("nx.json") to hash
DEBUG nx::native::tasks::hashers::hash_workspace_files: Hashing workspace fileset with inputs: Hash Value: "16382247164987548109"
DEBUG nx::native::tasks::task_hasher: hash_plans COMPLETED in 6.144905ms - processed 1 plans (setup: 889.842µs, hashing: 5.248834ms, assembly: 2.111673ms)
[NX v22.5.1 Daemon Server] - 2026-02-19T00:02:17.683Z - Serializing response for HASH_TASKS message in json mode
[NX v22.5.1 Daemon Server] - 2026-02-19T00:02:17.684Z - Responding to HASH_TASKS message
[NX v22.5.1 Daemon Server] - 2026-02-19T00:02:17.684Z - [REQUEST]: Responding to the client. handleHashTasks
[NX v22.5.1 Daemon Server] - 2026-02-19T00:02:17.684Z - Done responding to the client handleHashTasks
[NX v22.5.1 Daemon Server] - 2026-02-19T00:02:17.684Z - Handled json message HASH_TASKS. Handling time: 29. Response time: 1.
[NX v22.5.1 Daemon Server] - 2026-02-19T00:02:17.684Z - Time taken for 'write cache' 12.63698700000532ms
[NX v22.5.1 Daemon Client] - 2026-02-19T00:02:17.684Z - [Messenger] Received message, length: 98508
[NX v22.5.1 Daemon Client] - 2026-02-19T00:02:17.700Z - [Messenger] Sending message type: GET_ESTIMATED_TASK_TIMINGS
[NX v22.5.1 Daemon Client] - 2026-02-19T00:02:17.700Z - [Messenger] Message sent
[NX v22.5.1 Daemon Server] - 2026-02-19T00:02:17.700Z - Received raw message of length 114
[NX v22.5.1 Daemon Server] - 2026-02-19T00:02:17.700Z - Received json message of type GET_ESTIMATED_TASK_TIMINGS
[NX v22.5.1 Daemon Server] - 2026-02-19T00:02:17.701Z - Serializing response for GET_ESTIMATED_TASK_TIMINGS message in json mode
[NX v22.5.1 Daemon Server] - 2026-02-19T00:02:17.701Z - Responding to GET_ESTIMATED_TASK_TIMINGS message
[NX v22.5.1 Daemon Server] - 2026-02-19T00:02:17.701Z - [REQUEST]: Responding to the client. handleGetEstimatedTaskTimings
[NX v22.5.1 Daemon Server] - 2026-02-19T00:02:17.701Z - Done responding to the client handleGetEstimatedTaskTimings
[NX v22.5.1 Daemon Server] - 2026-02-19T00:02:17.702Z - Handled json message GET_ESTIMATED_TASK_TIMINGS. Handling time: 0. Response time: 1.
[NX v22.5.1 Daemon Client] - 2026-02-19T00:02:17.702Z - [Messenger] Received message, length: 2
[NX v22.5.1 Daemon Server] - 2026-02-19T00:02:19.757Z - Established a connection. Number of open connections: 8
[NX v22.5.1 Daemon Server] - 2026-02-19T00:02:19.759Z - Closed a connection. Number of open connections: 7
[NX v22.5.1 Daemon Server] - 2026-02-19T00:02:19.760Z - Established a connection. Number of open connections: 8
[NX v22.5.1 Daemon Client] - 2026-02-19T00:02:19.760Z - [Messenger] Setting up socket listeners
[NX v22.5.1 Daemon Client] - 2026-02-19T00:02:19.760Z - [Messenger] listen() complete
[NX v22.5.1 Daemon Client] - 2026-02-19T00:02:19.761Z - [Messenger] Sending message type: REQUEST_PROJECT_GRAPH
[NX v22.5.1 Daemon Client] - 2026-02-19T00:02:19.762Z - [Messenger] Message sent
[NX v22.5.1 Daemon Server] - 2026-02-19T00:02:19.838Z - Received raw message of length 32
[NX v22.5.1 Daemon Server] - 2026-02-19T00:02:19.838Z - Received json message of type REQUEST_PROJECT_GRAPH
[NX v22.5.1 Daemon Server] - 2026-02-19T00:02:19.838Z - [REQUEST]: Client Request for Project Graph Received
[NX v22.5.1 Daemon Server] - 2026-02-19T00:02:19.838Z - Reusing in-memory cached project graph because no files changed.
[NX v22.5.1 Daemon Server] - 2026-02-19T00:02:19.849Z - Wrote project graph cache to /home/poukam-tech/project/marizona/.nx/workspace-data/project-graph.json
[NX v22.5.1 Daemon Server] - 2026-02-19T00:02:19.850Z - Serializing response for REQUEST_PROJECT_GRAPH message in json mode
[NX v22.5.1 Daemon Server] - 2026-02-19T00:02:19.850Z - Responding to REQUEST_PROJECT_GRAPH message
[NX v22.5.1 Daemon Server] - 2026-02-19T00:02:19.850Z - [REQUEST]: Responding to the client. project-graph
[NX v22.5.1 Daemon Server] - 2026-02-19T00:02:19.852Z - Time taken for 'total for creating and serializing project graph' 11.365916999988258ms
[NX v22.5.1 Daemon Server] - 2026-02-19T00:02:19.855Z - Done responding to the client project-graph
[NX v22.5.1 Daemon Server] - 2026-02-19T00:02:19.855Z - Handled json message REQUEST_PROJECT_GRAPH. Handling time: 12. Response time: 5.
[NX v22.5.1 Daemon Client] - 2026-02-19T00:02:19.856Z - [Messenger] Received message, length: 1341409
[NX v22.5.1 Daemon Server] - 2026-02-19T00:02:20.773Z - [WATCHER]: Processing file changes in outputs
[NX v22.5.1 Daemon Client] - 2026-02-19T00:02:20.949Z - [Messenger] Sending message type: REQUEST_PROJECT_GRAPH
[NX v22.5.1 Daemon Client] - 2026-02-19T00:02:20.949Z - [Messenger] Message sent
[NX v22.5.1 Daemon Server] - 2026-02-19T00:02:20.949Z - Received raw message of length 32
[NX v22.5.1 Daemon Server] - 2026-02-19T00:02:20.949Z - Received json message of type REQUEST_PROJECT_GRAPH
[NX v22.5.1 Daemon Server] - 2026-02-19T00:02:20.949Z - [REQUEST]: Client Request for Project Graph Received
[NX v22.5.1 Daemon Server] - 2026-02-19T00:02:20.949Z - Reusing in-memory cached project graph because no files changed.
[NX v22.5.1 Daemon Server] - 2026-02-19T00:02:20.960Z - Wrote project graph cache to /home/poukam-tech/project/marizona/.nx/workspace-data/project-graph.json
[NX v22.5.1 Daemon Server] - 2026-02-19T00:02:20.960Z - Serializing response for REQUEST_PROJECT_GRAPH message in json mode
[NX v22.5.1 Daemon Server] - 2026-02-19T00:02:20.960Z - Responding to REQUEST_PROJECT_GRAPH message
[NX v22.5.1 Daemon Server] - 2026-02-19T00:02:20.960Z - [REQUEST]: Responding to the client. project-graph
[NX v22.5.1 Daemon Server] - 2026-02-19T00:02:20.962Z - Time taken for 'total for creating and serializing project graph' 10.70746299996972ms
[NX v22.5.1 Daemon Server] - 2026-02-19T00:02:20.963Z - Done responding to the client project-graph
[NX v22.5.1 Daemon Server] - 2026-02-19T00:02:20.963Z - Handled json message REQUEST_PROJECT_GRAPH. Handling time: 11. Response time: 3.
[NX v22.5.1 Daemon Client] - 2026-02-19T00:02:20.965Z - [Messenger] Received message, length: 1341409
[NX v22.5.1 Daemon Server] - 2026-02-19T00:05:02.159Z - [WATCHER]: 0 file(s) created or restored, 1 file(s) modified, 1 file(s) deleted
[NX v22.5.1 Daemon Server] - 2026-02-19T00:05:02.159Z - [SYNC]: clearing sync generators cache due to file changes
[NX v22.5.1 Daemon Server] - 2026-02-19T00:05:02.160Z - [WATCHER]: Processing file changes in outputs
[NX v22.5.1 Daemon Server] - 2026-02-19T00:05:02.161Z - Time taken for 'changed-projects' 0.7016719998791814ms
[NX v22.5.1 Daemon Server] - 2026-02-19T00:05:02.213Z - [WATCHER]: Processing file changes in outputs
[NX v22.5.1 Daemon Server] - 2026-02-19T00:05:02.213Z - [WATCHER]: 1 file(s) created or restored, 1 file(s) modified, 0 file(s) deleted
[NX v22.5.1 Daemon Server] - 2026-02-19T00:05:02.214Z - [SYNC]: clearing sync generators cache due to file changes
[NX v22.5.1 Daemon Server] - 2026-02-19T00:05:02.214Z - Time taken for 'changed-projects' 0.06886200001463294ms
[NX v22.5.1 Daemon Server] - 2026-02-19T00:05:02.262Z - [REQUEST]: Updated workspace context based on watched changes, recomputing project graph...
[NX v22.5.1 Daemon Server] - 2026-02-19T00:05:02.262Z - [REQUEST]: prisma/dev.db,prisma/dev.db-journal
[NX v22.5.1 Daemon Server] - 2026-02-19T00:05:02.263Z - [REQUEST]: 
[NX v22.5.1 Daemon Server] - 2026-02-19T00:05:02.548Z - [WATCHER]: 1 file(s) created or restored, 1 file(s) modified, 0 file(s) deleted
[NX v22.5.1 Daemon Server] - 2026-02-19T00:05:02.549Z - [SYNC]: clearing sync generators cache due to file changes
[NX v22.5.1 Daemon Server] - 2026-02-19T00:05:02.549Z - [WATCHER]: 0 file(s) created or restored, 1 file(s) modified, 1 file(s) deleted
[NX v22.5.1 Daemon Server] - 2026-02-19T00:05:02.551Z - [SYNC]: clearing sync generators cache due to file changes
[NX v22.5.1 Daemon Server] - 2026-02-19T00:05:02.552Z - [WATCHER]: 1 file(s) created or restored, 1 file(s) modified, 0 file(s) deleted
[NX v22.5.1 Daemon Server] - 2026-02-19T00:05:02.555Z - [SYNC]: clearing sync generators cache due to file changes
[NX v22.5.1 Daemon Server] - 2026-02-19T00:05:02.555Z - [WATCHER]: 1 file(s) created or restored, 1 file(s) modified, 0 file(s) deleted
[NX v22.5.1 Daemon Server] - 2026-02-19T00:05:02.555Z - [SYNC]: clearing sync generators cache due to file changes
[NX v22.5.1 Daemon Server] - 2026-02-19T00:05:02.558Z - [WATCHER]: 1 file(s) created or restored, 1 file(s) modified, 0 file(s) deleted
[NX v22.5.1 Daemon Server] - 2026-02-19T00:05:02.559Z - [SYNC]: clearing sync generators cache due to file changes
[NX v22.5.1 Daemon Server] - 2026-02-19T00:05:02.559Z - [WATCHER]: Processing file changes in outputs
[NX v22.5.1 Daemon Server] - 2026-02-19T00:05:02.559Z - [WATCHER]: Processing file changes in outputs
[NX v22.5.1 Daemon Server] - 2026-02-19T00:05:02.559Z - [WATCHER]: Processing file changes in outputs
[NX v22.5.1 Daemon Server] - 2026-02-19T00:05:02.559Z - [WATCHER]: Processing file changes in outputs
[NX v22.5.1 Daemon Server] - 2026-02-19T00:05:02.560Z - [WATCHER]: Processing file changes in outputs
Time for 'plugin worker 81658 code loading' 35.628776
Time for 'plugin worker 81660 code loading' 16.83609100000001
Time for 'plugin worker 81666 code loading' 36.214003000000005
Time for 'plugin worker 81676 code loading' 19.983346999999995
[NX v22.5.1 Daemon Server] - 2026-02-19T00:05:02.567Z - Time taken for 'hash changed files from watcher' 2.4779489999637008ms
[NX v22.5.1 Daemon Server] - 2026-02-19T00:05:02.575Z - [WATCHER]: prisma/dev.db-journal was deleted
[NX v22.5.1 Daemon Server] - 2026-02-19T00:05:02.575Z - [SYNC]: clearing sync generators cache due to file changes
[NX v22.5.1 Daemon Server] - 2026-02-19T00:05:02.576Z - [WATCHER]: Processing file changes in outputs
Time for 'plugin worker 81683 code loading' 13.583992999999992
[NX v22.5.1 Daemon Server] - 2026-02-19T00:05:02.577Z - Time taken for 'start-plugin-worker:@nx/next/plugin' 298.28782700002193ms
[NX v22.5.1 Daemon Server] - 2026-02-19T00:05:02.584Z - Time taken for 'start-plugin-worker:nx/js/dependencies-and-lockfile' 153.31066399998963ms
Time for 'plugin worker 81697 code loading' 14.894631000000004
Time for 'plugin worker 81703 code loading' 20.599597000000017
[NX v22.5.1 Daemon Server] - 2026-02-19T00:05:02.690Z - Time taken for 'start-plugin-worker:nx/core/package-json' 214.98346199980006ms
[NX v22.5.1 Daemon Server] - 2026-02-19T00:05:02.754Z - [REQUEST]: Updated workspace context based on watched changes, recomputing project graph...
[NX v22.5.1 Daemon Server] - 2026-02-19T00:05:02.754Z - [REQUEST]: prisma/dev.db
[NX v22.5.1 Daemon Server] - 2026-02-19T00:05:02.754Z - [REQUEST]: prisma/dev.db-journal
Time for 'plugin worker 81715 code loading' 67.75664400000001
[NX v22.5.1 Daemon Server] - 2026-02-19T00:05:02.813Z - Time taken for 'hash changed files from watcher' 0.617140999995172ms
[NX v22.5.1 Daemon Server] - 2026-02-19T00:05:02.818Z - Time taken for 'start-plugin-worker:nx/core/project-json' 306.39140799990855ms
Time for 'nx/js/dependencies-and-lockfile:createNodes' 45.25390900000002
Time for 'nx/js/dependencies-and-lockfile:createNodes' 45.5049140000001
[NX v22.5.1 Daemon Server] - 2026-02-19T00:05:03.980Z - Established a connection. Number of open connections: 9
[NX v22.5.1 Daemon Server] - 2026-02-19T00:05:03.986Z - Closed a connection. Number of open connections: 8
[NX v22.5.1 Daemon Client] - 2026-02-19T00:05:03.987Z - [Messenger] Setting up socket listeners
[NX v22.5.1 Daemon Server] - 2026-02-19T00:05:03.993Z - Established a connection. Number of open connections: 9
[NX v22.5.1 Daemon Client] - 2026-02-19T00:05:04.001Z - [Messenger] listen() complete
[NX v22.5.1 Daemon Client] - 2026-02-19T00:05:04.002Z - [Messenger] Sending message type: HASH_MULTI_GLOB
[NX v22.5.1 Daemon Server] - 2026-02-19T00:05:04.002Z - Established a connection. Number of open connections: 10
[NX v22.5.1 Daemon Client] - 2026-02-19T00:05:04.003Z - [Messenger] Message sent
[NX v22.5.1 Daemon Server] - 2026-02-19T00:05:04.005Z - Closed a connection. Number of open connections: 9
[NX v22.5.1 Daemon Server] - 2026-02-19T00:05:04.022Z - Established a connection. Number of open connections: 10
[NX v22.5.1 Daemon Server] - 2026-02-19T00:05:04.023Z - Closed a connection. Number of open connections: 9
[NX v22.5.1 Daemon Server] - 2026-02-19T00:05:04.027Z - Established a connection. Number of open connections: 10
[NX v22.5.1 Daemon Server] - 2026-02-19T00:05:04.030Z - Established a connection. Number of open connections: 11
[NX v22.5.1 Daemon Client] - 2026-02-19T00:05:04.029Z - [Messenger] Setting up socket listeners
[NX v22.5.1 Daemon Client] - 2026-02-19T00:05:04.030Z - [Messenger] listen() complete
[NX v22.5.1 Daemon Client] - 2026-02-19T00:05:04.031Z - [Messenger] Setting up socket listeners
[NX v22.5.1 Daemon Client] - 2026-02-19T00:05:04.033Z - [Messenger] listen() complete
[NX v22.5.1 Daemon Server] - 2026-02-19T00:05:04.034Z - Established a connection. Number of open connections: 12
[NX v22.5.1 Daemon Client] - 2026-02-19T00:05:04.035Z - [Messenger] Sending message type: HASH_GLOB
[NX v22.5.1 Daemon Client] - 2026-02-19T00:05:04.033Z - [Messenger] Sending message type: HASH_GLOB
[NX v22.5.1 Daemon Client] - 2026-02-19T00:05:04.037Z - [Messenger] Message sent
[NX v22.5.1 Daemon Server] - 2026-02-19T00:05:04.046Z - Established a connection. Number of open connections: 13
[NX v22.5.1 Daemon Client] - 2026-02-19T00:05:04.046Z - [Messenger] Message sent
[NX v22.5.1 Daemon Server] - 2026-02-19T00:05:04.054Z - Closed a connection. Number of open connections: 12
[NX v22.5.1 Daemon Client] - 2026-02-19T00:05:04.055Z - [Messenger] Setting up socket listeners
[NX v22.5.1 Daemon Client] - 2026-02-19T00:05:04.056Z - [Messenger] listen() complete
[NX v22.5.1 Daemon Server] - 2026-02-19T00:05:04.056Z - Established a connection. Number of open connections: 13
[NX v22.5.1 Daemon Client] - 2026-02-19T00:05:04.060Z - [Messenger] Setting up socket listeners
[NX v22.5.1 Daemon Client] - 2026-02-19T00:05:04.061Z - [Messenger] listen() complete
[NX v22.5.1 Daemon Server] - 2026-02-19T00:05:04.062Z - Established a connection. Number of open connections: 14
[NX v22.5.1 Daemon Server] - 2026-02-19T00:05:04.063Z - Closed a connection. Number of open connections: 13
[NX v22.5.1 Daemon Client] - 2026-02-19T00:05:04.069Z - [Messenger] Sending message type: GLOB
[NX v22.5.1 Daemon Client] - 2026-02-19T00:05:04.072Z - [Messenger] Message sent
[NX v22.5.1 Daemon Client] - 2026-02-19T00:05:04.075Z - [Messenger] Sending message type: HASH_GLOB
[NX v22.5.1 Daemon Client] - 2026-02-19T00:05:04.075Z - [Messenger] Message sent
Time for 'daemon-message-serialization-HASH_MULTI_GLOB' 0.34487699999999677
[NX v22.5.1 Daemon Server] - 2026-02-19T00:05:04.221Z - Received raw message of length 124
[NX v22.5.1 Daemon Server] - 2026-02-19T00:05:04.221Z - Received json message of type HASH_MULTI_GLOB
[NX v22.5.1 Daemon Server] - 2026-02-19T00:05:04.231Z - Serializing response for HASH_GLOB message in json mode
[NX v22.5.1 Daemon Server] - 2026-02-19T00:05:04.232Z - Responding to HASH_GLOB message
[NX v22.5.1 Daemon Server] - 2026-02-19T00:05:04.232Z - [REQUEST]: Responding to the client. handleHashMultiGlob
[NX v22.5.1 Daemon Server] - 2026-02-19T00:05:04.232Z - Done responding to the client handleHashMultiGlob
[NX v22.5.1 Daemon Server] - 2026-02-19T00:05:04.232Z - Handled json message HASH_GLOB. Handling time: 10. Response time: 1.
[NX v22.5.1 Daemon Client] - 2026-02-19T00:05:04.235Z - [Messenger] Received message, length: 92
[NX v22.5.1 Daemon Client] - 2026-02-19T00:05:04.241Z - [Messenger] Sending message type: HASH_MULTI_GLOB
[NX v22.5.1 Daemon Server] - 2026-02-19T00:05:04.242Z - Received raw message of length 124
[NX v22.5.1 Daemon Server] - 2026-02-19T00:05:04.243Z - Received json message of type HASH_MULTI_GLOB
[NX v22.5.1 Daemon Client] - 2026-02-19T00:05:04.241Z - [Messenger] Message sent
[NX v22.5.1 Daemon Server] - 2026-02-19T00:05:04.254Z - Serializing response for HASH_GLOB message in json mode
[NX v22.5.1 Daemon Server] - 2026-02-19T00:05:04.254Z - Responding to HASH_GLOB message
[NX v22.5.1 Daemon Server] - 2026-02-19T00:05:04.254Z - [REQUEST]: Responding to the client. handleHashMultiGlob
[NX v22.5.1 Daemon Server] - 2026-02-19T00:05:04.254Z - Done responding to the client handleHashMultiGlob
[NX v22.5.1 Daemon Server] - 2026-02-19T00:05:04.254Z - Handled json message HASH_GLOB. Handling time: 11. Response time: 0.
[NX v22.5.1 Daemon Client] - 2026-02-19T00:05:04.255Z - [Messenger] Received message, length: 92
Time for '@nx/jest/plugin:createNodes' 291.1052460000001
Time for 'HASH_MULTI_GLOB round trip' 235.25897200000009
Time for 'deserialize daemon response - HASH_MULTI_GLOB' 0.2098120000000563
Time for 'daemon-message-serialization-HASH_MULTI_GLOB' 0.042316000000028
Time for 'daemon-message-serialization-GLOB' 0.30199100000004364
[NX v22.5.1 Daemon Server] - 2026-02-19T00:05:04.268Z - Received raw message of length 73
[NX v22.5.1 Daemon Server] - 2026-02-19T00:05:04.269Z - Received json message of type GLOB
[NX v22.5.1 Daemon Server] - 2026-02-19T00:05:04.270Z - Serializing response for GLOB message in json mode
[NX v22.5.1 Daemon Server] - 2026-02-19T00:05:04.271Z - Responding to GLOB message
[NX v22.5.1 Daemon Server] - 2026-02-19T00:05:04.271Z - [REQUEST]: Responding to the client. handleGlob
[NX v22.5.1 Daemon Server] - 2026-02-19T00:05:04.271Z - Done responding to the client handleGlob
[NX v22.5.1 Daemon Server] - 2026-02-19T00:05:04.271Z - Handled json message GLOB. Handling time: 1. Response time: 1.
[NX v22.5.1 Daemon Client] - 2026-02-19T00:05:04.279Z - [Messenger] Received message, length: 6441
[NX v22.5.1 Daemon Client] - 2026-02-19T00:05:04.284Z - [Messenger] Sending message type: GLOB
[NX v22.5.1 Daemon Client] - 2026-02-19T00:05:04.284Z - [Messenger] Message sent
[NX v22.5.1 Daemon Server] - 2026-02-19T00:05:04.285Z - Received raw message of length 73
[NX v22.5.1 Daemon Server] - 2026-02-19T00:05:04.285Z - Received json message of type GLOB
[NX v22.5.1 Daemon Server] - 2026-02-19T00:05:04.288Z - Serializing response for GLOB message in json mode
[NX v22.5.1 Daemon Server] - 2026-02-19T00:05:04.288Z - Responding to GLOB message
[NX v22.5.1 Daemon Server] - 2026-02-19T00:05:04.288Z - [REQUEST]: Responding to the client. handleGlob
[NX v22.5.1 Daemon Client] - 2026-02-19T00:05:04.288Z - [Messenger] Received message, length: 6441
[NX v22.5.1 Daemon Server] - 2026-02-19T00:05:04.289Z - Done responding to the client handleGlob
[NX v22.5.1 Daemon Server] - 2026-02-19T00:05:04.289Z - Handled json message GLOB. Handling time: 2. Response time: 1.
Time for 'GLOB round trip' 211.720241
Time for 'deserialize daemon response - GLOB' 0.16134999999985666
Time for 'daemon-message-serialization-GLOB' 0.030549000000064552
[NX v22.5.1 Daemon Client] - 2026-02-19T00:05:04.292Z - [Messenger] Sending message type: HASH_MULTI_GLOB
[NX v22.5.1 Daemon Client] - 2026-02-19T00:05:04.292Z - [Messenger] Message sent
[NX v22.5.1 Daemon Server] - 2026-02-19T00:05:04.293Z - Received raw message of length 867
[NX v22.5.1 Daemon Server] - 2026-02-19T00:05:04.293Z - Received json message of type HASH_MULTI_GLOB
[NX v22.5.1 Daemon Server] - 2026-02-19T00:05:04.305Z - Serializing response for HASH_GLOB message in json mode
[NX v22.5.1 Daemon Server] - 2026-02-19T00:05:04.305Z - Responding to HASH_GLOB message
[NX v22.5.1 Daemon Server] - 2026-02-19T00:05:04.305Z - [REQUEST]: Responding to the client. handleHashMultiGlob
[NX v22.5.1 Daemon Server] - 2026-02-19T00:05:04.305Z - Done responding to the client handleHashMultiGlob
[NX v22.5.1 Daemon Server] - 2026-02-19T00:05:04.305Z - Handled json message HASH_GLOB. Handling time: 12. Response time: 0.
Time for 'GLOB round trip' 4.876756999999998
Time for 'deserialize daemon response - GLOB' 0.07092699999998331
Time for 'daemon-message-serialization-HASH_MULTI_GLOB' 0.05210099999999329
[NX v22.5.1 Daemon Client] - 2026-02-19T00:05:04.306Z - [Messenger] Received message, length: 266
Time for 'daemon-message-serialization-HASH_GLOB' 0.20437100000003738
[NX v22.5.1 Daemon Server] - 2026-02-19T00:05:04.309Z - Received raw message of length 63
[NX v22.5.1 Daemon Server] - 2026-02-19T00:05:04.309Z - Received json message of type HASH_GLOB
[NX v22.5.1 Daemon Client] - 2026-02-19T00:05:04.311Z - [Messenger] Sending message type: HASH_MULTI_GLOB
[NX v22.5.1 Daemon Client] - 2026-02-19T00:05:04.311Z - [Messenger] Message sent
[NX v22.5.1 Daemon Server] - 2026-02-19T00:05:04.312Z - Serializing response for HASH_GLOB message in json mode
[NX v22.5.1 Daemon Server] - 2026-02-19T00:05:04.312Z - Responding to HASH_GLOB message
[NX v22.5.1 Daemon Server] - 2026-02-19T00:05:04.312Z - [REQUEST]: Responding to the client. handleHashGlob
[NX v22.5.1 Daemon Client] - 2026-02-19T00:05:04.313Z - [Messenger] Received message, length: 21
[NX v22.5.1 Daemon Server] - 2026-02-19T00:05:04.312Z - Done responding to the client handleHashGlob
[NX v22.5.1 Daemon Server] - 2026-02-19T00:05:04.313Z - Handled json message HASH_GLOB. Handling time: 3. Response time: 1.
Time for 'daemon-message-serialization-HASH_GLOB' 0.5022989999999936
[NX v22.5.1 Daemon Server] - 2026-02-19T00:05:04.314Z - Received raw message of length 57
[NX v22.5.1 Daemon Server] - 2026-02-19T00:05:04.314Z - Received json message of type HASH_GLOB
[NX v22.5.1 Daemon Server] - 2026-02-19T00:05:04.316Z - Serializing response for HASH_GLOB message in json mode
[NX v22.5.1 Daemon Server] - 2026-02-19T00:05:04.317Z - Responding to HASH_GLOB message
[NX v22.5.1 Daemon Server] - 2026-02-19T00:05:04.317Z - [REQUEST]: Responding to the client. handleHashGlob
[NX v22.5.1 Daemon Server] - 2026-02-19T00:05:04.317Z - Done responding to the client handleHashGlob
[NX v22.5.1 Daemon Server] - 2026-02-19T00:05:04.317Z - Handled json message HASH_GLOB. Handling time: 2. Response time: 1.
[NX v22.5.1 Daemon Client] - 2026-02-19T00:05:04.318Z - [Messenger] Sending message type: HASH_GLOB
[NX v22.5.1 Daemon Client] - 2026-02-19T00:05:04.318Z - [Messenger] Message sent
[NX v22.5.1 Daemon Server] - 2026-02-19T00:05:04.318Z - Received raw message of length 867
[NX v22.5.1 Daemon Server] - 2026-02-19T00:05:04.318Z - Received json message of type HASH_MULTI_GLOB
[NX v22.5.1 Daemon Client] - 2026-02-19T00:05:04.321Z - [Messenger] Received message, length: 20
[NX v22.5.1 Daemon Client] - 2026-02-19T00:05:04.331Z - [Messenger] Sending message type: HASH_GLOB
[NX v22.5.1 Daemon Server] - 2026-02-19T00:05:04.331Z - Serializing response for HASH_GLOB message in json mode
[NX v22.5.1 Daemon Server] - 2026-02-19T00:05:04.331Z - Responding to HASH_GLOB message
[NX v22.5.1 Daemon Server] - 2026-02-19T00:05:04.331Z - [REQUEST]: Responding to the client. handleHashMultiGlob
[NX v22.5.1 Daemon Server] - 2026-02-19T00:05:04.331Z - Done responding to the client handleHashMultiGlob
[NX v22.5.1 Daemon Server] - 2026-02-19T00:05:04.331Z - Handled json message HASH_GLOB. Handling time: 13. Response time: 0.
[NX v22.5.1 Daemon Server] - 2026-02-19T00:05:04.331Z - Closed a connection. Number of open connections: 12
[NX v22.5.1 Daemon Client] - 2026-02-19T00:05:04.332Z - [Messenger] Message sent
[NX v22.5.1 Daemon Server] - 2026-02-19T00:05:04.334Z - Received raw message of length 68
[NX v22.5.1 Daemon Server] - 2026-02-19T00:05:04.334Z - Received json message of type HASH_GLOB
[NX v22.5.1 Daemon Server] - 2026-02-19T00:05:04.336Z - Serializing response for HASH_GLOB message in json mode
[NX v22.5.1 Daemon Server] - 2026-02-19T00:05:04.336Z - Responding to HASH_GLOB message
[NX v22.5.1 Daemon Server] - 2026-02-19T00:05:04.336Z - [REQUEST]: Responding to the client. handleHashGlob
[NX v22.5.1 Daemon Server] - 2026-02-19T00:05:04.336Z - Done responding to the client handleHashGlob
[NX v22.5.1 Daemon Server] - 2026-02-19T00:05:04.336Z - Handled json message HASH_GLOB. Handling time: 2. Response time: 0.
Time for 'HASH_GLOB round trip' 281.85900600000014
Time for 'deserialize daemon response - HASH_GLOB' 1.706286000000091
Time for 'daemon-message-serialization-HASH_GLOB' 0.041461000000026615
Time for 'daemon-message-serialization-HASH_GLOB' 0.19088299999998526
[NX v22.5.1 Daemon Server] - 2026-02-19T00:05:04.337Z - Received raw message of length 59
[NX v22.5.1 Daemon Server] - 2026-02-19T00:05:04.337Z - Received json message of type HASH_GLOB
[NX v22.5.1 Daemon Client] - 2026-02-19T00:05:04.338Z - [Messenger] Received message, length: 21
[NX v22.5.1 Daemon Client] - 2026-02-19T00:05:04.338Z - [Messenger] Sending message type: HASH_GLOB
[NX v22.5.1 Daemon Client] - 2026-02-19T00:05:04.339Z - [Messenger] Message sent
[NX v22.5.1 Daemon Server] - 2026-02-19T00:05:04.340Z - Serializing response for HASH_GLOB message in json mode
[NX v22.5.1 Daemon Server] - 2026-02-19T00:05:04.340Z - Responding to HASH_GLOB message
[NX v22.5.1 Daemon Server] - 2026-02-19T00:05:04.340Z - [REQUEST]: Responding to the client. handleHashGlob
[NX v22.5.1 Daemon Client] - 2026-02-19T00:05:04.341Z - [Messenger] Received message, length: 21
[NX v22.5.1 Daemon Server] - 2026-02-19T00:05:04.342Z - Done responding to the client handleHashGlob
[NX v22.5.1 Daemon Server] - 2026-02-19T00:05:04.342Z - Handled json message HASH_GLOB. Handling time: 3. Response time: 2.
[NX v22.5.1 Daemon Server] - 2026-02-19T00:05:04.342Z - Received raw message of length 57
[NX v22.5.1 Daemon Server] - 2026-02-19T00:05:04.343Z - Received json message of type HASH_GLOB
[NX v22.5.1 Daemon Server] - 2026-02-19T00:05:04.346Z - Serializing response for HASH_GLOB message in json mode
[NX v22.5.1 Daemon Server] - 2026-02-19T00:05:04.346Z - Responding to HASH_GLOB message
[NX v22.5.1 Daemon Server] - 2026-02-19T00:05:04.346Z - [REQUEST]: Responding to the client. handleHashGlob
[NX v22.5.1 Daemon Server] - 2026-02-19T00:05:04.346Z - Done responding to the client handleHashGlob
[NX v22.5.1 Daemon Server] - 2026-02-19T00:05:04.346Z - Handled json message HASH_GLOB. Handling time: 3. Response time: 0.
[NX v22.5.1 Daemon Server] - 2026-02-19T00:05:04.346Z - Received raw message of length 63
[NX v22.5.1 Daemon Server] - 2026-02-19T00:05:04.347Z - Received json message of type HASH_GLOB
[NX v22.5.1 Daemon Client] - 2026-02-19T00:05:04.347Z - [Messenger] Sending message type: HASH_GLOB
[NX v22.5.1 Daemon Client] - 2026-02-19T00:05:04.348Z - [Messenger] Message sent
[NX v22.5.1 Daemon Client] - 2026-02-19T00:05:04.348Z - [Messenger] Received message, length: 20
[NX v22.5.1 Daemon Server] - 2026-02-19T00:05:04.351Z - Serializing response for HASH_GLOB message in json mode
[NX v22.5.1 Daemon Server] - 2026-02-19T00:05:04.351Z - Responding to HASH_GLOB message
[NX v22.5.1 Daemon Server] - 2026-02-19T00:05:04.351Z - [REQUEST]: Responding to the client. handleHashGlob
[NX v22.5.1 Daemon Server] - 2026-02-19T00:05:04.351Z - Done responding to the client handleHashGlob
[NX v22.5.1 Daemon Server] - 2026-02-19T00:05:04.351Z - Handled json message HASH_GLOB. Handling time: 4. Response time: 0.
Time for '@nx/playwright/plugin:createNodes' 331.99136999999996
Time for 'HASH_GLOB round trip' 20.247478
Time for 'deserialize daemon response - HASH_GLOB' 0.04815799999983028
Time for 'daemon-message-serialization-HASH_GLOB' 0.036421000000018466
[NX v22.5.1 Daemon Client] - 2026-02-19T00:05:04.352Z - [Messenger] Received message, length: 21
[NX v22.5.1 Daemon Client] - 2026-02-19T00:05:04.353Z - [Messenger] Sending message type: HASH_GLOB
[NX v22.5.1 Daemon Client] - 2026-02-19T00:05:04.353Z - [Messenger] Message sent
[NX v22.5.1 Daemon Server] - 2026-02-19T00:05:04.356Z - Received raw message of length 68
[NX v22.5.1 Daemon Server] - 2026-02-19T00:05:04.356Z - Received json message of type HASH_GLOB
[NX v22.5.1 Daemon Server] - 2026-02-19T00:05:04.357Z - Serializing response for HASH_GLOB message in json mode
[NX v22.5.1 Daemon Server] - 2026-02-19T00:05:04.357Z - Responding to HASH_GLOB message
[NX v22.5.1 Daemon Server] - 2026-02-19T00:05:04.358Z - [REQUEST]: Responding to the client. handleHashGlob
[NX v22.5.1 Daemon Server] - 2026-02-19T00:05:04.358Z - Done responding to the client handleHashGlob
[NX v22.5.1 Daemon Server] - 2026-02-19T00:05:04.358Z - Handled json message HASH_GLOB. Handling time: 1. Response time: 1.
Time for 'HASH_GLOB round trip' 14.06573299999991
Time for 'deserialize daemon response - HASH_GLOB' 0.03893999999991138
Time for 'daemon-message-serialization-HASH_GLOB' 0.035781000000042695
[NX v22.5.1 Daemon Server] - 2026-02-19T00:05:04.358Z - Received raw message of length 64
[NX v22.5.1 Daemon Server] - 2026-02-19T00:05:04.358Z - Received json message of type HASH_GLOB
[NX v22.5.1 Daemon Client] - 2026-02-19T00:05:04.359Z - [Messenger] Received message, length: 21
[NX v22.5.1 Daemon Server] - 2026-02-19T00:05:04.361Z - Serializing response for HASH_GLOB message in json mode
[NX v22.5.1 Daemon Server] - 2026-02-19T00:05:04.361Z - Responding to HASH_GLOB message
[NX v22.5.1 Daemon Server] - 2026-02-19T00:05:04.361Z - [REQUEST]: Responding to the client. handleHashGlob
[NX v22.5.1 Daemon Server] - 2026-02-19T00:05:04.362Z - Done responding to the client handleHashGlob
[NX v22.5.1 Daemon Client] - 2026-02-19T00:05:04.362Z - [Messenger] Received message, length: 21
[NX v22.5.1 Daemon Client] - 2026-02-19T00:05:04.363Z - [Messenger] Sending message type: HASH_GLOB
[NX v22.5.1 Daemon Client] - 2026-02-19T00:05:04.363Z - [Messenger] Message sent
[NX v22.5.1 Daemon Server] - 2026-02-19T00:05:04.362Z - Handled json message HASH_GLOB. Handling time: 3. Response time: 1.
Time for 'HASH_GLOB round trip' 306.79617299999995
Time for 'deserialize daemon response - HASH_GLOB' 0.1489689999998518
Time for 'daemon-message-serialization-HASH_GLOB' 0.042735999999877095
Time for '@nx/playwright/plugin:createNodes' 351.09715600000004
Time for 'HASH_GLOB round trip' 6.2356260000001384
Time for 'deserialize daemon response - HASH_GLOB' 0.03951000000006388
[NX v22.5.1 Daemon Server] - 2026-02-19T00:05:04.365Z - Received raw message of length 59
[NX v22.5.1 Daemon Server] - 2026-02-19T00:05:04.365Z - Received json message of type HASH_GLOB
[NX v22.5.1 Daemon Server] - 2026-02-19T00:05:04.366Z - Serializing response for HASH_GLOB message in json mode
[NX v22.5.1 Daemon Server] - 2026-02-19T00:05:04.367Z - Responding to HASH_GLOB message
[NX v22.5.1 Daemon Server] - 2026-02-19T00:05:04.367Z - [REQUEST]: Responding to the client. handleHashGlob
[NX v22.5.1 Daemon Server] - 2026-02-19T00:05:04.367Z - Done responding to the client handleHashGlob
[NX v22.5.1 Daemon Server] - 2026-02-19T00:05:04.367Z - Handled json message HASH_GLOB. Handling time: 1. Response time: 1.
[NX v22.5.1 Daemon Client] - 2026-02-19T00:05:04.370Z - [Messenger] Received message, length: 21
Time for '@nx/next/plugin:createNodes' 375.86421700000005
Time for 'HASH_GLOB round trip' 14.828022000000146
Time for 'deserialize daemon response - HASH_GLOB' 0.06115600000021004
Time for 'daemon-message-serialization-HASH_GLOB' 0.034936000000016065
[NX v22.5.1 Daemon Client] - 2026-02-19T00:05:04.371Z - [Messenger] Sending message type: HASH_GLOB
[NX v22.5.1 Daemon Server] - 2026-02-19T00:05:04.371Z - Received raw message of length 64
[NX v22.5.1 Daemon Server] - 2026-02-19T00:05:04.371Z - Received json message of type HASH_GLOB
[NX v22.5.1 Daemon Client] - 2026-02-19T00:05:04.372Z - [Messenger] Message sent
[NX v22.5.1 Daemon Server] - 2026-02-19T00:05:04.375Z - Serializing response for HASH_GLOB message in json mode
[NX v22.5.1 Daemon Server] - 2026-02-19T00:05:04.375Z - Responding to HASH_GLOB message
[NX v22.5.1 Daemon Server] - 2026-02-19T00:05:04.375Z - [REQUEST]: Responding to the client. handleHashGlob
[NX v22.5.1 Daemon Client] - 2026-02-19T00:05:04.375Z - [Messenger] Received message, length: 21
[NX v22.5.1 Daemon Server] - 2026-02-19T00:05:04.377Z - Done responding to the client handleHashGlob
[NX v22.5.1 Daemon Server] - 2026-02-19T00:05:04.377Z - Handled json message HASH_GLOB. Handling time: 4. Response time: 2.
Time for 'HASH_GLOB round trip' 7.050515999999789
Time for 'deserialize daemon response - HASH_GLOB' 0.032537000000047556
Time for 'daemon-message-serialization-HASH_GLOB' 0.03424399999994421
Time for '@nx/next/plugin:createNodes' 384.3130239999998
Time for 'HASH_GLOB round trip' 4.626175999999759
Time for 'deserialize daemon response - HASH_GLOB' 0.037066999999751715
[NX v22.5.1 Daemon Server] - 2026-02-19T00:05:04.388Z - Closed a connection. Number of open connections: 11
[NX v22.5.1 Daemon Server] - 2026-02-19T00:05:04.422Z - Closed a connection. Number of open connections: 10
[NX v22.5.1 Daemon Server] - 2026-02-19T00:05:04.424Z - Closed a connection. Number of open connections: 9
Time for 'HASH_MULTI_GLOB round trip' 14.85907199999997
Time for 'deserialize daemon response - HASH_MULTI_GLOB' 0.04012600000010025
Time for 'daemon-message-serialization-HASH_MULTI_GLOB' 0.6382779999999002
[NX v22.5.1 Daemon Client] - 2026-02-19T00:05:04.660Z - [Messenger] Received message, length: 266
Time for 'HASH_MULTI_GLOB round trip' 349.77002300000004
Time for 'deserialize daemon response - HASH_MULTI_GLOB' 0.019812000000001717
[NX v22.5.1 Daemon Server] - 2026-02-19T00:05:06.004Z - Time taken for 'build-project-configs' 3200.9658350001555ms
[NX v22.5.1 Daemon Server] - 2026-02-19T00:05:06.046Z - Time taken for 'build-project-configs' 3257.063816000009ms
Time for 'build typescript dependencies' 0.3128810000002886
[NX v22.5.1 Daemon Server] - 2026-02-19T00:05:06.071Z - [SYNC]: collect registered sync generators
[NX v22.5.1 Daemon Server] - 2026-02-19T00:05:06.071Z - [SYNC]: project graph hash is the same, not collecting task sync generators
[NX v22.5.1 Daemon Server] - 2026-02-19T00:05:06.072Z - [SYNC]: nx.json hash is the same, not collecting global sync generators
[NX v22.5.1 Daemon Server] - 2026-02-19T00:05:06.072Z - Serializing response for PROJECT_GRAPH_UPDATED message in json mode
[NX v22.5.1 Daemon Server] - 2026-02-19T00:05:06.078Z - Responding to PROJECT_GRAPH_UPDATED message
[NX v22.5.1 Daemon Server] - 2026-02-19T00:05:06.079Z - [REQUEST]: Responding to the client. Project graph updated
[NX v22.5.1 Daemon Server] - 2026-02-19T00:05:06.080Z - Time taken for 'total execution time for createProjectGraph()' 35.88117199996486ms
[NX v22.5.1 Daemon Server] - 2026-02-19T00:05:06.081Z - Closed a connection. Number of open connections: 8
[NX v22.5.1 Daemon Server] - 2026-02-19T00:05:06.082Z - Done responding to the client Project graph updated
[NX v22.5.1 Daemon Server] - 2026-02-19T00:05:06.083Z - Handled json message PROJECT_GRAPH_UPDATED. Handling time: 0. Response time: 11.
[NX v22.5.1 Daemon Client] - 2026-02-19T00:05:06.084Z - [Messenger] Received message, length: 1341402
[NX v22.5.1 Daemon Client] - 2026-02-19T00:05:06.098Z - [Messenger] Sending message type: GET_CONTEXT_FILE_DATA
[NX v22.5.1 Daemon Server] - 2026-02-19T00:05:06.098Z - Established a connection. Number of open connections: 9
[NX v22.5.1 Daemon Client] - 2026-02-19T00:05:06.098Z - [Messenger] Message sent
Time for 'build typescript dependencies' 0.359574000000066
[NX v22.5.1 Daemon Server] - 2026-02-19T00:05:06.098Z - Received raw message of length 32
[NX v22.5.1 Daemon Server] - 2026-02-19T00:05:06.098Z - Received json message of type GET_CONTEXT_FILE_DATA
[NX v22.5.1 Daemon Server] - 2026-02-19T00:05:06.099Z - Serializing response for GET_CONTEXT_FILE_DATA message in json mode
[NX v22.5.1 Daemon Server] - 2026-02-19T00:05:06.099Z - Responding to GET_CONTEXT_FILE_DATA message
[NX v22.5.1 Daemon Server] - 2026-02-19T00:05:06.099Z - [REQUEST]: Responding to the client. handleContextFileData
[NX v22.5.1 Daemon Server] - 2026-02-19T00:05:06.099Z - Done responding to the client handleContextFileData
[NX v22.5.1 Daemon Server] - 2026-02-19T00:05:06.099Z - Handled json message GET_CONTEXT_FILE_DATA. Handling time: 1. Response time: 0.
[NX v22.5.1 Daemon Client] - 2026-02-19T00:05:06.099Z - [Messenger] Received message, length: 19404
[NX v22.5.1 Daemon Server] - 2026-02-19T00:05:06.099Z - Closed a connection. Number of open connections: 8
[NX v22.5.1 Daemon Server] - 2026-02-19T00:05:06.124Z - [SYNC]: collect registered sync generators
[NX v22.5.1 Daemon Server] - 2026-02-19T00:05:06.125Z - [SYNC]: project graph hash is the same, not collecting task sync generators
[NX v22.5.1 Daemon Server] - 2026-02-19T00:05:06.125Z - [SYNC]: nx.json hash is the same, not collecting global sync generators
[NX v22.5.1 Daemon Server] - 2026-02-19T00:05:06.125Z - Serializing response for PROJECT_GRAPH_UPDATED message in json mode
[NX v22.5.1 Daemon Server] - 2026-02-19T00:05:06.134Z - Responding to PROJECT_GRAPH_UPDATED message
[NX v22.5.1 Daemon Server] - 2026-02-19T00:05:06.134Z - [REQUEST]: Responding to the client. Project graph updated
[NX v22.5.1 Daemon Server] - 2026-02-19T00:05:06.136Z - Time taken for 'total execution time for createProjectGraph()' 85.76828299998306ms
[NX v22.5.1 Daemon Server] - 2026-02-19T00:05:06.142Z - Done responding to the client Project graph updated
[NX v22.5.1 Daemon Server] - 2026-02-19T00:05:06.142Z - Handled json message PROJECT_GRAPH_UPDATED. Handling time: 0. Response time: 17.
[NX v22.5.1 Daemon Client] - 2026-02-19T00:05:06.144Z - [Messenger] Received message, length: 1341402
[NX v22.5.1 Daemon Server] - 2026-02-19T00:05:06.169Z - Established a connection. Number of open connections: 9
[NX v22.5.1 Daemon Client] - 2026-02-19T00:05:06.170Z - [Messenger] Sending message type: GET_CONTEXT_FILE_DATA
[NX v22.5.1 Daemon Server] - 2026-02-19T00:05:06.170Z - Closed a connection. Number of open connections: 8
[NX v22.5.1 Daemon Client] - 2026-02-19T00:05:06.170Z - [Messenger] Message sent
[NX v22.5.1 Daemon Server] - 2026-02-19T00:05:06.170Z - Received raw message of length 32
[NX v22.5.1 Daemon Server] - 2026-02-19T00:05:06.170Z - Received json message of type GET_CONTEXT_FILE_DATA
[NX v22.5.1 Daemon Server] - 2026-02-19T00:05:06.170Z - Serializing response for GET_CONTEXT_FILE_DATA message in json mode
[NX v22.5.1 Daemon Server] - 2026-02-19T00:05:06.171Z - Responding to GET_CONTEXT_FILE_DATA message
[NX v22.5.1 Daemon Server] - 2026-02-19T00:05:06.171Z - [REQUEST]: Responding to the client. handleContextFileData
[NX v22.5.1 Daemon Server] - 2026-02-19T00:05:06.171Z - Done responding to the client handleContextFileData
[NX v22.5.1 Daemon Server] - 2026-02-19T00:05:06.171Z - Handled json message GET_CONTEXT_FILE_DATA. Handling time: 0. Response time: 1.
[NX v22.5.1 Daemon Client] - 2026-02-19T00:05:06.171Z - [Messenger] Received message, length: 19404
[NX v22.5.1 Daemon Server] - 2026-02-19T00:05:06.602Z - Closed a connection. Number of open connections: 7
[NX v22.5.1 Daemon Client] - 2026-02-19T00:05:06.602Z - [ProjectGraphListener] Socket closed, triggering reconnection
[NX v22.5.1 Daemon Server] - 2026-02-19T00:05:06.606Z - Established a connection. Number of open connections: 8
[NX v22.5.1 Daemon Client] - 2026-02-19T00:05:06.607Z - [Messenger] Setting up socket listeners
[NX v22.5.1 Daemon Server] - 2026-02-19T00:05:06.607Z - Closed a connection. Number of open connections: 7
[NX v22.5.1 Daemon Client] - 2026-02-19T00:05:06.607Z - [Messenger] listen() complete
[NX v22.5.1 Daemon Client] - 2026-02-19T00:05:06.607Z - [Messenger] Sending message type: REGISTER_PROJECT_GRAPH_LISTENER
[NX v22.5.1 Daemon Server] - 2026-02-19T00:05:06.607Z - Established a connection. Number of open connections: 8
[NX v22.5.1 Daemon Client] - 2026-02-19T00:05:06.607Z - [Messenger] Message sent
[NX v22.5.1 Daemon Server] - 2026-02-19T00:05:06.609Z - Received raw message of length 42
[NX v22.5.1 Daemon Server] - 2026-02-19T00:05:06.609Z - Received json message of type REGISTER_PROJECT_GRAPH_LISTENER
[NX v22.5.1 Daemon Client] - 2026-02-19T00:05:06.722Z - [ProjectGraphListener] Socket closed, triggering reconnection
[NX v22.5.1 Daemon Server] - 2026-02-19T00:05:06.722Z - Closed a connection. Number of open connections: 7
[NX v22.5.1 Daemon Client] - 2026-02-19T00:05:06.724Z - [Messenger] Setting up socket listeners
[NX v22.5.1 Daemon Server] - 2026-02-19T00:05:06.724Z - Established a connection. Number of open connections: 8
[NX v22.5.1 Daemon Client] - 2026-02-19T00:05:06.724Z - [Messenger] listen() complete
[NX v22.5.1 Daemon Client] - 2026-02-19T00:05:06.724Z - [Messenger] Sending message type: REGISTER_PROJECT_GRAPH_LISTENER
[NX v22.5.1 Daemon Client] - 2026-02-19T00:05:06.724Z - [Messenger] Message sent
[NX v22.5.1 Daemon Server] - 2026-02-19T00:05:06.724Z - Established a connection. Number of open connections: 9
[NX v22.5.1 Daemon Server] - 2026-02-19T00:05:06.725Z - Closed a connection. Number of open connections: 8
[NX v22.5.1 Daemon Server] - 2026-02-19T00:05:06.725Z - Received raw message of length 42
[NX v22.5.1 Daemon Server] - 2026-02-19T00:05:06.725Z - Received json message of type REGISTER_PROJECT_GRAPH_LISTENER
[NX v22.5.1 Daemon Server] - 2026-02-19T00:05:10.391Z - [WATCHER]: 0 file(s) created or restored, 1 file(s) modified, 1 file(s) deleted
[NX v22.5.1 Daemon Server] - 2026-02-19T00:05:10.391Z - [SYNC]: clearing sync generators cache due to file changes
[NX v22.5.1 Daemon Server] - 2026-02-19T00:05:10.392Z - Time taken for 'changed-projects' 0.12368099996820092ms
[NX v22.5.1 Daemon Server] - 2026-02-19T00:05:10.400Z - [WATCHER]: Processing file changes in outputs
[NX v22.5.1 Daemon Server] - 2026-02-19T00:05:10.793Z - [REQUEST]: Updated workspace context based on watched changes, recomputing project graph...
[NX v22.5.1 Daemon Server] - 2026-02-19T00:05:10.793Z - [REQUEST]: prisma/dev.db
[NX v22.5.1 Daemon Server] - 2026-02-19T00:05:10.793Z - [REQUEST]: prisma/dev.db-journal
[NX v22.5.1 Daemon Server] - 2026-02-19T00:05:11.058Z - Time taken for 'hash changed files from watcher' 0.6810560000594705ms
Time for 'plugin worker 81976 code loading' 73.7496
[NX v22.5.1 Daemon Server] - 2026-02-19T00:05:11.107Z - Time taken for 'start-plugin-worker:@nx/webpack/plugin' 242.2885909997858ms
Time for 'plugin worker 81970 code loading' 15.26706999999999
Time for 'plugin worker 81992 code loading' 30.72984799999999
[NX v22.5.1 Daemon Server] - 2026-02-19T00:05:11.136Z - Time taken for 'start-plugin-worker:@nx/playwright/plugin' 308.0166550001595ms
Time for 'plugin worker 82000 code loading' 17.883370000000014
[NX v22.5.1 Daemon Server] - 2026-02-19T00:05:11.164Z - Time taken for 'start-plugin-worker:nx/js/dependencies-and-lockfile' 199.12424799986184ms
[NX v22.5.1 Daemon Server] - 2026-02-19T00:05:11.182Z - Time taken for 'start-plugin-worker:@nx/next/plugin' 378.1872560000047ms
Time for 'plugin worker 81968 code loading' 98.07367599999998
Time for 'plugin worker 81993 code loading' 23.18804
[NX v22.5.1 Daemon Server] - 2026-02-19T00:05:11.240Z - Time taken for 'start-plugin-worker:@nx/jest/plugin' 307.97549299988896ms
[NX v22.5.1 Daemon Server] - 2026-02-19T00:05:11.289Z - Time taken for 'start-plugin-worker:nx/core/package-json' 301.60328499996103ms
Time for 'plugin worker 82007 code loading' 17.641053
Time for 'plugin worker 82010 code loading' 50.324364
[NX v22.5.1 Daemon Server] - 2026-02-19T00:05:11.502Z - Time taken for 'start-plugin-worker:nx/core/project-json' 473.47915400005877ms
Time for 'nx/js/dependencies-and-lockfile:createNodes' 25.31866600000012
[NX v22.5.1 Daemon Server] - 2026-02-19T00:05:13.440Z - Established a connection. Number of open connections: 9
[NX v22.5.1 Daemon Server] - 2026-02-19T00:05:13.442Z - Closed a connection. Number of open connections: 8
[NX v22.5.1 Daemon Server] - 2026-02-19T00:05:13.443Z - Established a connection. Number of open connections: 9
[NX v22.5.1 Daemon Client] - 2026-02-19T00:05:13.443Z - [Messenger] Setting up socket listeners
[NX v22.5.1 Daemon Client] - 2026-02-19T00:05:13.444Z - [Messenger] listen() complete
[NX v22.5.1 Daemon Client] - 2026-02-19T00:05:13.445Z - [Messenger] Sending message type: HASH_MULTI_GLOB
[NX v22.5.1 Daemon Client] - 2026-02-19T00:05:13.446Z - [Messenger] Message sent
[NX v22.5.1 Daemon Server] - 2026-02-19T00:05:13.495Z - Established a connection. Number of open connections: 10
[NX v22.5.1 Daemon Server] - 2026-02-19T00:05:13.505Z - Closed a connection. Number of open connections: 9
[NX v22.5.1 Daemon Server] - 2026-02-19T00:05:13.515Z - Established a connection. Number of open connections: 10
[NX v22.5.1 Daemon Client] - 2026-02-19T00:05:13.513Z - [Messenger] Setting up socket listeners
[NX v22.5.1 Daemon Client] - 2026-02-19T00:05:13.516Z - [Messenger] listen() complete
[NX v22.5.1 Daemon Client] - 2026-02-19T00:05:13.519Z - [Messenger] Sending message type: GLOB
[NX v22.5.1 Daemon Client] - 2026-02-19T00:05:13.523Z - [Messenger] Message sent
Time for 'daemon-message-serialization-HASH_MULTI_GLOB' 0.32940700000017387
[NX v22.5.1 Daemon Server] - 2026-02-19T00:05:13.711Z - Received raw message of length 124
[NX v22.5.1 Daemon Server] - 2026-02-19T00:05:13.711Z - Received json message of type HASH_MULTI_GLOB
[NX v22.5.1 Daemon Server] - 2026-02-19T00:05:13.749Z - Serializing response for HASH_GLOB message in json mode
[NX v22.5.1 Daemon Server] - 2026-02-19T00:05:13.749Z - Responding to HASH_GLOB message
[NX v22.5.1 Daemon Server] - 2026-02-19T00:05:13.749Z - [REQUEST]: Responding to the client. handleHashMultiGlob
[NX v22.5.1 Daemon Server] - 2026-02-19T00:05:13.749Z - Done responding to the client handleHashMultiGlob
[NX v22.5.1 Daemon Server] - 2026-02-19T00:05:13.750Z - Handled json message HASH_GLOB. Handling time: 38. Response time: 1.
[NX v22.5.1 Daemon Client] - 2026-02-19T00:05:13.750Z - [Messenger] Setting up socket listeners
[NX v22.5.1 Daemon Client] - 2026-02-19T00:05:13.751Z - [Messenger] listen() complete
[NX v22.5.1 Daemon Client] - 2026-02-19T00:05:13.751Z - [Messenger] Received message, length: 92
[NX v22.5.1 Daemon Client] - 2026-02-19T00:05:13.751Z - [Messenger] Sending message type: HASH_GLOB
[NX v22.5.1 Daemon Client] - 2026-02-19T00:05:13.752Z - [Messenger] Message sent
[NX v22.5.1 Daemon Server] - 2026-02-19T00:05:13.757Z - Established a connection. Number of open connections: 11
[NX v22.5.1 Daemon Server] - 2026-02-19T00:05:13.760Z - Established a connection. Number of open connections: 12
[NX v22.5.1 Daemon Server] - 2026-02-19T00:05:13.760Z - Closed a connection. Number of open connections: 11
[NX v22.5.1 Daemon Server] - 2026-02-19T00:05:13.903Z - Closed a connection. Number of open connections: 10
[NX v22.5.1 Daemon Server] - 2026-02-19T00:05:13.915Z - Established a connection. Number of open connections: 11
[NX v22.5.1 Daemon Server] - 2026-02-19T00:05:13.919Z - Closed a connection. Number of open connections: 10
[NX v22.5.1 Daemon Server] - 2026-02-19T00:05:13.920Z - Established a connection. Number of open connections: 11
[NX v22.5.1 Daemon Client] - 2026-02-19T00:05:13.920Z - [Messenger] Setting up socket listeners
[NX v22.5.1 Daemon Client] - 2026-02-19T00:05:13.922Z - [Messenger] listen() complete
[NX v22.5.1 Daemon Client] - 2026-02-19T00:05:13.923Z - [Messenger] Sending message type: HASH_GLOB
[NX v22.5.1 Daemon Client] - 2026-02-19T00:05:13.923Z - [Messenger] Message sent
Time for 'daemon-message-serialization-GLOB' 2.426152000000002
[NX v22.5.1 Daemon Server] - 2026-02-19T00:05:13.972Z - Received raw message of length 73
[NX v22.5.1 Daemon Server] - 2026-02-19T00:05:13.972Z - Received json message of type GLOB
[NX v22.5.1 Daemon Server] - 2026-02-19T00:05:13.976Z - Serializing response for GLOB message in json mode
[NX v22.5.1 Daemon Server] - 2026-02-19T00:05:13.976Z - Responding to GLOB message
[NX v22.5.1 Daemon Server] - 2026-02-19T00:05:13.976Z - [REQUEST]: Responding to the client. handleGlob
[NX v22.5.1 Daemon Server] - 2026-02-19T00:05:13.976Z - Done responding to the client handleGlob
[NX v22.5.1 Daemon Server] - 2026-02-19T00:05:13.976Z - Handled json message GLOB. Handling time: 3. Response time: 1.
[NX v22.5.1 Daemon Client] - 2026-02-19T00:05:13.978Z - [Messenger] Received message, length: 6441
[NX v22.5.1 Daemon Client] - 2026-02-19T00:05:13.992Z - [Messenger] Sending message type: HASH_MULTI_GLOB
[NX v22.5.1 Daemon Client] - 2026-02-19T00:05:13.993Z - [Messenger] Message sent
[NX v22.5.1 Daemon Server] - 2026-02-19T00:05:13.993Z - Received raw message of length 867
[NX v22.5.1 Daemon Server] - 2026-02-19T00:05:13.994Z - Received json message of type HASH_MULTI_GLOB
[NX v22.5.1 Daemon Server] - 2026-02-19T00:05:14.021Z - Serializing response for HASH_GLOB message in json mode
[NX v22.5.1 Daemon Server] - 2026-02-19T00:05:14.021Z - Responding to HASH_GLOB message
[NX v22.5.1 Daemon Server] - 2026-02-19T00:05:14.021Z - [REQUEST]: Responding to the client. handleHashMultiGlob
[NX v22.5.1 Daemon Server] - 2026-02-19T00:05:14.021Z - Done responding to the client handleHashMultiGlob
[NX v22.5.1 Daemon Server] - 2026-02-19T00:05:14.021Z - Handled json message HASH_GLOB. Handling time: 27. Response time: 0.
Time for 'GLOB round trip' 462.7268429999999
Time for 'deserialize daemon response - GLOB' 2.0685969999999543
Time for 'daemon-message-serialization-HASH_MULTI_GLOB' 0.23889499999995678
[NX v22.5.1 Daemon Client] - 2026-02-19T00:05:14.024Z - [Messenger] Received message, length: 265
Time for 'daemon-message-serialization-HASH_GLOB' 0.2872629999997116
[NX v22.5.1 Daemon Server] - 2026-02-19T00:05:14.094Z - Received raw message of length 63
[NX v22.5.1 Daemon Server] - 2026-02-19T00:05:14.094Z - Received json message of type HASH_GLOB
[NX v22.5.1 Daemon Server] - 2026-02-19T00:05:14.097Z - Serializing response for HASH_GLOB message in json mode
[NX v22.5.1 Daemon Server] - 2026-02-19T00:05:14.097Z - Responding to HASH_GLOB message
[NX v22.5.1 Daemon Server] - 2026-02-19T00:05:14.097Z - [REQUEST]: Responding to the client. handleHashGlob
[NX v22.5.1 Daemon Server] - 2026-02-19T00:05:14.097Z - Done responding to the client handleHashGlob
[NX v22.5.1 Daemon Server] - 2026-02-19T00:05:14.097Z - Handled json message HASH_GLOB. Handling time: 3. Response time: 0.
[NX v22.5.1 Daemon Client] - 2026-02-19T00:05:14.098Z - [Messenger] Received message, length: 21
[NX v22.5.1 Daemon Client] - 2026-02-19T00:05:14.100Z - [Messenger] Sending message type: HASH_GLOB
[NX v22.5.1 Daemon Client] - 2026-02-19T00:05:14.107Z - [Messenger] Message sent
[NX v22.5.1 Daemon Server] - 2026-02-19T00:05:14.109Z - Received raw message of length 68
[NX v22.5.1 Daemon Server] - 2026-02-19T00:05:14.110Z - Received json message of type HASH_GLOB
[NX v22.5.1 Daemon Server] - 2026-02-19T00:05:14.111Z - Serializing response for HASH_GLOB message in json mode
[NX v22.5.1 Daemon Server] - 2026-02-19T00:05:14.111Z - Responding to HASH_GLOB message
[NX v22.5.1 Daemon Server] - 2026-02-19T00:05:14.111Z - [REQUEST]: Responding to the client. handleHashGlob
[NX v22.5.1 Daemon Server] - 2026-02-19T00:05:14.111Z - Done responding to the client handleHashGlob
[NX v22.5.1 Daemon Server] - 2026-02-19T00:05:14.111Z - Handled json message HASH_GLOB. Handling time: 1. Response time: 0.
Time for 'HASH_GLOB round trip' 347.47156099999984
Time for 'deserialize daemon response - HASH_GLOB' 0.15018099999997503
Time for 'daemon-message-serialization-HASH_GLOB' 0.051265000000057626
[NX v22.5.1 Daemon Client] - 2026-02-19T00:05:14.116Z - [Messenger] Received message, length: 21
Time for 'daemon-message-serialization-HASH_GLOB' 0.3730399999999463
[NX v22.5.1 Daemon Server] - 2026-02-19T00:05:14.126Z - Received raw message of length 57
[NX v22.5.1 Daemon Server] - 2026-02-19T00:05:14.126Z - Received json message of type HASH_GLOB
[NX v22.5.1 Daemon Server] - 2026-02-19T00:05:14.134Z - Serializing response for HASH_GLOB message in json mode
[NX v22.5.1 Daemon Server] - 2026-02-19T00:05:14.134Z - Responding to HASH_GLOB message
[NX v22.5.1 Daemon Server] - 2026-02-19T00:05:14.134Z - [REQUEST]: Responding to the client. handleHashGlob
[NX v22.5.1 Daemon Server] - 2026-02-19T00:05:14.135Z - Done responding to the client handleHashGlob
[NX v22.5.1 Daemon Server] - 2026-02-19T00:05:14.135Z - Handled json message HASH_GLOB. Handling time: 7. Response time: 1.
[NX v22.5.1 Daemon Client] - 2026-02-19T00:05:14.137Z - [Messenger] Received message, length: 20
[NX v22.5.1 Daemon Server] - 2026-02-19T00:05:14.182Z - Closed a connection. Number of open connections: 10
[NX v22.5.1 Daemon Server] - 2026-02-19T00:05:14.187Z - Closed a connection. Number of open connections: 9
[NX v22.5.1 Daemon Server] - 2026-02-19T00:05:14.252Z - Established a connection. Number of open connections: 10
[NX v22.5.1 Daemon Server] - 2026-02-19T00:05:14.256Z - Established a connection. Number of open connections: 11
[NX v22.5.1 Daemon Server] - 2026-02-19T00:05:14.256Z - Closed a connection. Number of open connections: 10
[NX v22.5.1 Daemon Client] - 2026-02-19T00:05:14.256Z - [Messenger] Setting up socket listeners
[NX v22.5.1 Daemon Client] - 2026-02-19T00:05:14.257Z - [Messenger] listen() complete
[NX v22.5.1 Daemon Client] - 2026-02-19T00:05:14.258Z - [Messenger] Sending message type: HASH_GLOB
[NX v22.5.1 Daemon Client] - 2026-02-19T00:05:14.259Z - [Messenger] Message sent
Time for 'daemon-message-serialization-HASH_GLOB' 0.3592079999998532
[NX v22.5.1 Daemon Server] - 2026-02-19T00:05:14.417Z - Received raw message of length 59
[NX v22.5.1 Daemon Server] - 2026-02-19T00:05:14.417Z - Received json message of type HASH_GLOB
[NX v22.5.1 Daemon Server] - 2026-02-19T00:05:14.418Z - Serializing response for HASH_GLOB message in json mode
[NX v22.5.1 Daemon Server] - 2026-02-19T00:05:14.418Z - Responding to HASH_GLOB message
[NX v22.5.1 Daemon Server] - 2026-02-19T00:05:14.418Z - [REQUEST]: Responding to the client. handleHashGlob
[NX v22.5.1 Daemon Server] - 2026-02-19T00:05:14.418Z - Done responding to the client handleHashGlob
[NX v22.5.1 Daemon Server] - 2026-02-19T00:05:14.418Z - Handled json message HASH_GLOB. Handling time: 1. Response time: 0.
[NX v22.5.1 Daemon Client] - 2026-02-19T00:05:14.423Z - [Messenger] Received message, length: 21
[NX v22.5.1 Daemon Client] - 2026-02-19T00:05:14.424Z - [Messenger] Sending message type: HASH_GLOB
[NX v22.5.1 Daemon Client] - 2026-02-19T00:05:14.425Z - [Messenger] Message sent
[NX v22.5.1 Daemon Server] - 2026-02-19T00:05:14.426Z - Received raw message of length 64
[NX v22.5.1 Daemon Server] - 2026-02-19T00:05:14.426Z - Received json message of type HASH_GLOB
[NX v22.5.1 Daemon Server] - 2026-02-19T00:05:14.429Z - Serializing response for HASH_GLOB message in json mode
[NX v22.5.1 Daemon Server] - 2026-02-19T00:05:14.429Z - Responding to HASH_GLOB message
[NX v22.5.1 Daemon Server] - 2026-02-19T00:05:14.429Z - [REQUEST]: Responding to the client. handleHashGlob
[NX v22.5.1 Daemon Server] - 2026-02-19T00:05:14.429Z - Done responding to the client handleHashGlob
[NX v22.5.1 Daemon Server] - 2026-02-19T00:05:14.429Z - Handled json message HASH_GLOB. Handling time: 3. Response time: 0.
Time for 'HASH_GLOB round trip' 165.81783300000006
Time for 'deserialize daemon response - HASH_GLOB' 0.1578479999998308
Time for 'daemon-message-serialization-HASH_GLOB' 0.04189799999994648
[NX v22.5.1 Daemon Client] - 2026-02-19T00:05:14.429Z - [Messenger] Received message, length: 21
[NX v22.5.1 Daemon Server] - 2026-02-19T00:05:14.454Z - Closed a connection. Number of open connections: 9
Time for 'HASH_MULTI_GLOB round trip' 31.493683000000146
Time for 'deserialize daemon response - HASH_MULTI_GLOB' 0.0576880000003257
[NX v22.5.1 Daemon Server] - 2026-02-19T00:05:17.672Z - Time taken for 'build-project-configs' 6838.973488999996ms
[NX v22.5.1 Daemon Server] - 2026-02-19T00:05:17.728Z - Closed a connection. Number of open connections: 8
Time for 'build typescript dependencies' 0.3605650000008609
[NX v22.5.1 Daemon Server] - 2026-02-19T00:05:17.918Z - [SYNC]: collect registered sync generators
[NX v22.5.1 Daemon Server] - 2026-02-19T00:05:17.924Z - [SYNC]: project graph hash is the same, not collecting task sync generators
[NX v22.5.1 Daemon Server] - 2026-02-19T00:05:17.925Z - [SYNC]: nx.json hash is the same, not collecting global sync generators
[NX v22.5.1 Daemon Server] - 2026-02-19T00:05:17.925Z - Serializing response for PROJECT_GRAPH_UPDATED message in json mode
[NX v22.5.1 Daemon Server] - 2026-02-19T00:05:17.958Z - Responding to PROJECT_GRAPH_UPDATED message
[NX v22.5.1 Daemon Server] - 2026-02-19T00:05:17.959Z - [REQUEST]: Responding to the client. Project graph updated
[NX v22.5.1 Daemon Server] - 2026-02-19T00:05:17.961Z - Time taken for 'total execution time for createProjectGraph()' 230.1977969999425ms
[NX v22.5.1 Daemon Server] - 2026-02-19T00:05:17.975Z - Done responding to the client Project graph updated
[NX v22.5.1 Daemon Server] - 2026-02-19T00:05:17.975Z - Handled json message PROJECT_GRAPH_UPDATED. Handling time: 0. Response time: 50.
[NX v22.5.1 Daemon Client] - 2026-02-19T00:05:17.981Z - [Messenger] Received message, length: 1341402
[NX v22.5.1 Daemon Server] - 2026-02-19T00:05:18.092Z - Established a connection. Number of open connections: 9
[NX v22.5.1 Daemon Client] - 2026-02-19T00:05:18.093Z - [Messenger] Sending message type: GET_CONTEXT_FILE_DATA
[NX v22.5.1 Daemon Client] - 2026-02-19T00:05:18.093Z - [Messenger] Message sent
[NX v22.5.1 Daemon Server] - 2026-02-19T00:05:18.095Z - Received raw message of length 32
[NX v22.5.1 Daemon Server] - 2026-02-19T00:05:18.096Z - Received json message of type GET_CONTEXT_FILE_DATA
[NX v22.5.1 Daemon Server] - 2026-02-19T00:05:18.101Z - Serializing response for GET_CONTEXT_FILE_DATA message in json mode
[NX v22.5.1 Daemon Server] - 2026-02-19T00:05:18.104Z - Responding to GET_CONTEXT_FILE_DATA message
[NX v22.5.1 Daemon Server] - 2026-02-19T00:05:18.104Z - [REQUEST]: Responding to the client. handleContextFileData
[NX v22.5.1 Daemon Server] - 2026-02-19T00:05:18.104Z - Done responding to the client handleContextFileData
[NX v22.5.1 Daemon Server] - 2026-02-19T00:05:18.104Z - Handled json message GET_CONTEXT_FILE_DATA. Handling time: 5. Response time: 3.
[NX v22.5.1 Daemon Server] - 2026-02-19T00:05:18.104Z - Closed a connection. Number of open connections: 8
[NX v22.5.1 Daemon Client] - 2026-02-19T00:05:18.108Z - [Messenger] Received message, length: 19405
[NX v22.5.1 Daemon Client] - 2026-02-19T00:05:19.381Z - [ProjectGraphListener] Socket closed, triggering reconnection
[NX v22.5.1 Daemon Server] - 2026-02-19T00:05:19.381Z - Closed a connection. Number of open connections: 7
[NX v22.5.1 Daemon Server] - 2026-02-19T00:05:19.406Z - Established a connection. Number of open connections: 8
[NX v22.5.1 Daemon Client] - 2026-02-19T00:05:19.414Z - [Messenger] Setting up socket listeners
[NX v22.5.1 Daemon Client] - 2026-02-19T00:05:19.414Z - [Messenger] listen() complete
[NX v22.5.1 Daemon Client] - 2026-02-19T00:05:19.414Z - [Messenger] Sending message type: REGISTER_PROJECT_GRAPH_LISTENER
[NX v22.5.1 Daemon Client] - 2026-02-19T00:05:19.414Z - [Messenger] Message sent
[NX v22.5.1 Daemon Server] - 2026-02-19T00:05:19.418Z - Established a connection. Number of open connections: 9
[NX v22.5.1 Daemon Server] - 2026-02-19T00:05:19.419Z - Closed a connection. Number of open connections: 8
[NX v22.5.1 Daemon Server] - 2026-02-19T00:05:19.469Z - Received raw message of length 42
[NX v22.5.1 Daemon Server] - 2026-02-19T00:05:19.469Z - Received json message of type REGISTER_PROJECT_GRAPH_LISTENER
[NX v22.5.1 Daemon Server] - 2026-02-19T00:06:44.930Z - Closed a connection. Number of open connections: 7
[NX v22.5.1 Daemon Server] - 2026-02-19T00:06:45.050Z - Closed a connection. Number of open connections: 6
[NX v22.5.1 Daemon Server] - 2026-02-19T00:06:46.149Z - Established a connection. Number of open connections: 7
[NX v22.5.1 Daemon Server] - 2026-02-19T00:06:46.151Z - Closed a connection. Number of open connections: 6
[NX v22.5.1 Daemon Server] - 2026-02-19T00:06:46.151Z - Established a connection. Number of open connections: 7
[NX v22.5.1 Daemon Client] - 2026-02-19T00:06:46.151Z - [Messenger] Setting up socket listeners
[NX v22.5.1 Daemon Client] - 2026-02-19T00:06:46.152Z - [Messenger] listen() complete
[NX v22.5.1 Daemon Client] - 2026-02-19T00:06:46.152Z - [Messenger] Sending message type: REQUEST_PROJECT_GRAPH
[NX v22.5.1 Daemon Client] - 2026-02-19T00:06:46.153Z - [Messenger] Message sent
[NX v22.5.1 Daemon Server] - 2026-02-19T00:06:46.241Z - Received raw message of length 32
[NX v22.5.1 Daemon Server] - 2026-02-19T00:06:46.241Z - Received json message of type REQUEST_PROJECT_GRAPH
[NX v22.5.1 Daemon Server] - 2026-02-19T00:06:46.241Z - [REQUEST]: Client Request for Project Graph Received
[NX v22.5.1 Daemon Server] - 2026-02-19T00:06:46.242Z - Reusing in-memory cached project graph because no files changed.
[NX v22.5.1 Daemon Server] - 2026-02-19T00:06:46.254Z - Wrote project graph cache to /home/poukam-tech/project/marizona/.nx/workspace-data/project-graph.json
[NX v22.5.1 Daemon Server] - 2026-02-19T00:06:46.254Z - Serializing response for REQUEST_PROJECT_GRAPH message in json mode
[NX v22.5.1 Daemon Server] - 2026-02-19T00:06:46.254Z - Responding to REQUEST_PROJECT_GRAPH message
[NX v22.5.1 Daemon Server] - 2026-02-19T00:06:46.254Z - [REQUEST]: Responding to the client. project-graph
[NX v22.5.1 Daemon Server] - 2026-02-19T00:06:46.256Z - Time taken for 'total for creating and serializing project graph' 12.780689000152051ms
[NX v22.5.1 Daemon Server] - 2026-02-19T00:06:46.260Z - Done responding to the client project-graph
[NX v22.5.1 Daemon Server] - 2026-02-19T00:06:46.260Z - Handled json message REQUEST_PROJECT_GRAPH. Handling time: 13. Response time: 6.
[NX v22.5.1 Daemon Client] - 2026-02-19T00:06:46.262Z - [Messenger] Received message, length: 1341409
[NX v22.5.1 Daemon Server] - 2026-02-19T00:06:46.419Z - Closed a connection. Number of open connections: 6
[NX v22.5.1 Daemon Server] - 2026-02-19T00:06:47.643Z - Established a connection. Number of open connections: 7
[NX v22.5.1 Daemon Server] - 2026-02-19T00:06:47.644Z - Closed a connection. Number of open connections: 6
[NX v22.5.1 Daemon Server] - 2026-02-19T00:06:47.645Z - Established a connection. Number of open connections: 7
[NX v22.5.1 Daemon Client] - 2026-02-19T00:06:47.645Z - [Messenger] Setting up socket listeners
[NX v22.5.1 Daemon Client] - 2026-02-19T00:06:47.646Z - [Messenger] listen() complete
[NX v22.5.1 Daemon Client] - 2026-02-19T00:06:47.646Z - [Messenger] Sending message type: REQUEST_PROJECT_GRAPH
[NX v22.5.1 Daemon Client] - 2026-02-19T00:06:47.647Z - [Messenger] Message sent
[NX v22.5.1 Daemon Server] - 2026-02-19T00:06:47.698Z - Received raw message of length 32
[NX v22.5.1 Daemon Server] - 2026-02-19T00:06:47.698Z - Received json message of type REQUEST_PROJECT_GRAPH
[NX v22.5.1 Daemon Server] - 2026-02-19T00:06:47.698Z - [REQUEST]: Client Request for Project Graph Received
[NX v22.5.1 Daemon Server] - 2026-02-19T00:06:47.699Z - Reusing in-memory cached project graph because no files changed.
[NX v22.5.1 Daemon Server] - 2026-02-19T00:06:47.708Z - Wrote project graph cache to /home/poukam-tech/project/marizona/.nx/workspace-data/project-graph.json
[NX v22.5.1 Daemon Server] - 2026-02-19T00:06:47.709Z - Serializing response for REQUEST_PROJECT_GRAPH message in json mode
[NX v22.5.1 Daemon Server] - 2026-02-19T00:06:47.709Z - Responding to REQUEST_PROJECT_GRAPH message
[NX v22.5.1 Daemon Server] - 2026-02-19T00:06:47.709Z - [REQUEST]: Responding to the client. project-graph
[NX v22.5.1 Daemon Server] - 2026-02-19T00:06:47.710Z - Time taken for 'total for creating and serializing project graph' 10.325715000042692ms
[NX v22.5.1 Daemon Server] - 2026-02-19T00:06:47.714Z - Done responding to the client project-graph
[NX v22.5.1 Daemon Server] - 2026-02-19T00:06:47.714Z - Handled json message REQUEST_PROJECT_GRAPH. Handling time: 11. Response time: 5.
[NX v22.5.1 Daemon Client] - 2026-02-19T00:06:47.716Z - [Messenger] Received message, length: 1341409
[NX v22.5.1 Daemon Server] - 2026-02-19T00:07:01.673Z - Established a connection. Number of open connections: 8
[NX v22.5.1 Daemon Server] - 2026-02-19T00:07:01.675Z - Closed a connection. Number of open connections: 7
[NX v22.5.1 Daemon Server] - 2026-02-19T00:07:01.676Z - Established a connection. Number of open connections: 8
[NX v22.5.1 Daemon Server] - 2026-02-19T00:07:01.676Z - Closed a connection. Number of open connections: 7
[NX v22.5.1 Daemon Server] - 2026-02-19T00:07:01.677Z - Established a connection. Number of open connections: 8
[NX v22.5.1 Daemon Client] - 2026-02-19T00:07:01.677Z - [Messenger] Setting up socket listeners
[NX v22.5.1 Daemon Client] - 2026-02-19T00:07:01.677Z - [Messenger] listen() complete
[NX v22.5.1 Daemon Client] - 2026-02-19T00:07:01.678Z - [Messenger] Sending message type: GET_NX_CONSOLE_STATUS
[NX v22.5.1 Daemon Client] - 2026-02-19T00:07:01.679Z - [Messenger] Message sent
[NX v22.5.1 Daemon Server] - 2026-02-19T00:07:01.766Z - Received raw message of length 32
[NX v22.5.1 Daemon Server] - 2026-02-19T00:07:01.766Z - Received json message of type GET_NX_CONSOLE_STATUS
[NX v22.5.1 Daemon Server] - 2026-02-19T00:07:01.766Z - Serializing response for GET_NX_CONSOLE_STATUS message in json mode
[NX v22.5.1 Daemon Server] - 2026-02-19T00:07:01.766Z - Responding to GET_NX_CONSOLE_STATUS message
[NX v22.5.1 Daemon Server] - 2026-02-19T00:07:01.766Z - [REQUEST]: Responding to the client. handleGetNxConsoleStatus
[NX v22.5.1 Daemon Server] - 2026-02-19T00:07:01.766Z - Done responding to the client handleGetNxConsoleStatus
[NX v22.5.1 Daemon Server] - 2026-02-19T00:07:01.766Z - Handled json message GET_NX_CONSOLE_STATUS. Handling time: 0. Response time: 0.
[NX v22.5.1 Daemon Client] - 2026-02-19T00:07:01.767Z - [Messenger] Received message, length: 22
[NX v22.5.1 Daemon Client] - 2026-02-19T00:07:01.833Z - [Messenger] Sending message type: REQUEST_PROJECT_GRAPH
[NX v22.5.1 Daemon Client] - 2026-02-19T00:07:01.833Z - [Messenger] Message sent
[NX v22.5.1 Daemon Server] - 2026-02-19T00:07:01.833Z - Received raw message of length 32
[NX v22.5.1 Daemon Server] - 2026-02-19T00:07:01.834Z - Received json message of type REQUEST_PROJECT_GRAPH
[NX v22.5.1 Daemon Server] - 2026-02-19T00:07:01.834Z - [REQUEST]: Client Request for Project Graph Received
[NX v22.5.1 Daemon Server] - 2026-02-19T00:07:01.834Z - Reusing in-memory cached project graph because no files changed.
[NX v22.5.1 Daemon Server] - 2026-02-19T00:07:01.851Z - Wrote project graph cache to /home/poukam-tech/project/marizona/.nx/workspace-data/project-graph.json
[NX v22.5.1 Daemon Server] - 2026-02-19T00:07:01.851Z - Serializing response for REQUEST_PROJECT_GRAPH message in json mode
[NX v22.5.1 Daemon Server] - 2026-02-19T00:07:01.851Z - Responding to REQUEST_PROJECT_GRAPH message
[NX v22.5.1 Daemon Server] - 2026-02-19T00:07:01.851Z - [REQUEST]: Responding to the client. project-graph
[NX v22.5.1 Daemon Server] - 2026-02-19T00:07:01.852Z - Time taken for 'total for creating and serializing project graph' 17.138747999910265ms
[NX v22.5.1 Daemon Server] - 2026-02-19T00:07:01.855Z - Done responding to the client project-graph
[NX v22.5.1 Daemon Server] - 2026-02-19T00:07:01.855Z - Handled json message REQUEST_PROJECT_GRAPH. Handling time: 17. Response time: 4.
[NX v22.5.1 Daemon Client] - 2026-02-19T00:07:01.857Z - [Messenger] Received message, length: 1341409
[NX v22.5.1 Daemon Client] - 2026-02-19T00:07:01.869Z - [Messenger] Sending message type: PRE_TASKS_EXECUTION
[NX v22.5.1 Daemon Client] - 2026-02-19T00:07:01.869Z - [Messenger] Message sent
[NX v22.5.1 Daemon Server] - 2026-02-19T00:07:01.870Z - Received raw message of length 1630
[NX v22.5.1 Daemon Server] - 2026-02-19T00:07:01.870Z - Received json message of type PRE_TASKS_EXECUTION
[NX v22.5.1 Daemon Server] - 2026-02-19T00:07:01.870Z - Serializing response for PRE_TASKS_EXECUTION message in json mode
[NX v22.5.1 Daemon Server] - 2026-02-19T00:07:01.870Z - Responding to PRE_TASKS_EXECUTION message
[NX v22.5.1 Daemon Server] - 2026-02-19T00:07:01.870Z - [REQUEST]: Responding to the client. handleRunPreTasksExecution
[NX v22.5.1 Daemon Server] - 2026-02-19T00:07:01.870Z - Done responding to the client handleRunPreTasksExecution
[NX v22.5.1 Daemon Server] - 2026-02-19T00:07:01.870Z - Handled json message PRE_TASKS_EXECUTION. Handling time: 0. Response time: 0.
[NX v22.5.1 Daemon Server] - 2026-02-19T00:07:01.870Z - Time taken for 'preTasksExecution' 0.25323099992237985ms
[NX v22.5.1 Daemon Client] - 2026-02-19T00:07:01.870Z - [Messenger] Received message, length: 2
[NX v22.5.1 Daemon Client] - 2026-02-19T00:07:01.898Z - [Messenger] Sending message type: HASH_TASKS
[NX v22.5.1 Daemon Client] - 2026-02-19T00:07:01.898Z - [Messenger] Message sent
[NX v22.5.1 Daemon Server] - 2026-02-19T00:07:01.898Z - Received raw message of length 8506
[NX v22.5.1 Daemon Server] - 2026-02-19T00:07:01.898Z - Received json message of type HASH_TASKS
[NX v22.5.1 Daemon Server] - 2026-02-19T00:07:01.899Z - Reusing in-memory cached project graph because no files changed.
[NX v22.5.1 Daemon Server] - 2026-02-19T00:07:01.909Z - Wrote project graph cache to /home/poukam-tech/project/marizona/.nx/workspace-data/project-graph.json
DEBUG nx::native::tasks::hash_planner: get_plans_internal COMPLETED in 6.001106ms - processed 1 tasks (setup: 5.612624ms, parallel_planning: 382.555µs)
DEBUG nx::native::tasks::hashers::hash_workspace_files: Hashing workspace fileset with inputs: Adding "12475982618692230973" (".gitignore") to hash
DEBUG nx::native::tasks::hashers::hash_workspace_files: Hashing workspace fileset with inputs: Adding "8516195800549599522" (".nxignore") to hash
DEBUG nx::native::tasks::hashers::hash_workspace_files: Hashing workspace fileset with inputs: Adding "614954295243266697" ("nx.json") to hash
DEBUG nx::native::tasks::hashers::hash_workspace_files: Hashing workspace fileset with inputs: Hash Value: "16382247164987548109"
DEBUG nx::native::tasks::task_hasher: hash_plans COMPLETED in 6.102717ms - processed 1 plans (setup: 792.863µs, hashing: 5.305191ms, assembly: 1.999177ms)
[NX v22.5.1 Daemon Server] - 2026-02-19T00:07:01.938Z - Serializing response for HASH_TASKS message in json mode
[NX v22.5.1 Daemon Server] - 2026-02-19T00:07:01.939Z - Responding to HASH_TASKS message
[NX v22.5.1 Daemon Server] - 2026-02-19T00:07:01.939Z - [REQUEST]: Responding to the client. handleHashTasks
[NX v22.5.1 Daemon Server] - 2026-02-19T00:07:01.939Z - Done responding to the client handleHashTasks
[NX v22.5.1 Daemon Server] - 2026-02-19T00:07:01.939Z - Handled json message HASH_TASKS. Handling time: 40. Response time: 1.
[NX v22.5.1 Daemon Server] - 2026-02-19T00:07:01.939Z - Time taken for 'write cache' 9.922570999944583ms
[NX v22.5.1 Daemon Client] - 2026-02-19T00:07:01.939Z - [Messenger] Received message, length: 96603
[NX v22.5.1 Daemon Client] - 2026-02-19T00:07:01.957Z - [Messenger] Sending message type: GET_ESTIMATED_TASK_TIMINGS
[NX v22.5.1 Daemon Client] - 2026-02-19T00:07:01.957Z - [Messenger] Message sent
[NX v22.5.1 Daemon Server] - 2026-02-19T00:07:01.957Z - Received raw message of length 119
[NX v22.5.1 Daemon Server] - 2026-02-19T00:07:01.957Z - Received json message of type GET_ESTIMATED_TASK_TIMINGS
[NX v22.5.1 Daemon Server] - 2026-02-19T00:07:01.958Z - Serializing response for GET_ESTIMATED_TASK_TIMINGS message in json mode
[NX v22.5.1 Daemon Server] - 2026-02-19T00:07:01.958Z - Responding to GET_ESTIMATED_TASK_TIMINGS message
[NX v22.5.1 Daemon Server] - 2026-02-19T00:07:01.958Z - [REQUEST]: Responding to the client. handleGetEstimatedTaskTimings
[NX v22.5.1 Daemon Server] - 2026-02-19T00:07:01.958Z - Done responding to the client handleGetEstimatedTaskTimings
[NX v22.5.1 Daemon Server] - 2026-02-19T00:07:01.958Z - Handled json message GET_ESTIMATED_TASK_TIMINGS. Handling time: 1. Response time: 0.
[NX v22.5.1 Daemon Client] - 2026-02-19T00:07:01.959Z - [Messenger] Received message, length: 2
[NX v22.5.1 Daemon Server] - 2026-02-19T00:07:03.946Z - Established a connection. Number of open connections: 9
[NX v22.5.1 Daemon Server] - 2026-02-19T00:07:03.948Z - Closed a connection. Number of open connections: 8
[NX v22.5.1 Daemon Server] - 2026-02-19T00:07:03.949Z - Established a connection. Number of open connections: 9
[NX v22.5.1 Daemon Client] - 2026-02-19T00:07:03.949Z - [Messenger] Setting up socket listeners
[NX v22.5.1 Daemon Client] - 2026-02-19T00:07:03.949Z - [Messenger] listen() complete
[NX v22.5.1 Daemon Client] - 2026-02-19T00:07:03.950Z - [Messenger] Sending message type: REQUEST_PROJECT_GRAPH
[NX v22.5.1 Daemon Client] - 2026-02-19T00:07:03.951Z - [Messenger] Message sent
[NX v22.5.1 Daemon Server] - 2026-02-19T00:07:04.047Z - Received raw message of length 32
[NX v22.5.1 Daemon Server] - 2026-02-19T00:07:04.047Z - Received json message of type REQUEST_PROJECT_GRAPH
[NX v22.5.1 Daemon Server] - 2026-02-19T00:07:04.047Z - [REQUEST]: Client Request for Project Graph Received
[NX v22.5.1 Daemon Server] - 2026-02-19T00:07:04.047Z - Reusing in-memory cached project graph because no files changed.
[NX v22.5.1 Daemon Server] - 2026-02-19T00:07:04.060Z - Wrote project graph cache to /home/poukam-tech/project/marizona/.nx/workspace-data/project-graph.json
[NX v22.5.1 Daemon Server] - 2026-02-19T00:07:04.060Z - Serializing response for REQUEST_PROJECT_GRAPH message in json mode
[NX v22.5.1 Daemon Server] - 2026-02-19T00:07:04.060Z - Responding to REQUEST_PROJECT_GRAPH message
[NX v22.5.1 Daemon Server] - 2026-02-19T00:07:04.060Z - [REQUEST]: Responding to the client. project-graph
[NX v22.5.1 Daemon Server] - 2026-02-19T00:07:04.062Z - Time taken for 'total for creating and serializing project graph' 12.600523000117391ms
[NX v22.5.1 Daemon Server] - 2026-02-19T00:07:04.066Z - Done responding to the client project-graph
[NX v22.5.1 Daemon Server] - 2026-02-19T00:07:04.066Z - Handled json message REQUEST_PROJECT_GRAPH. Handling time: 13. Response time: 6.
[NX v22.5.1 Daemon Client] - 2026-02-19T00:07:04.068Z - [Messenger] Received message, length: 1341409
[NX v22.5.1 Daemon Client] - 2026-02-19T00:07:05.254Z - [Messenger] Sending message type: REQUEST_PROJECT_GRAPH
[NX v22.5.1 Daemon Client] - 2026-02-19T00:07:05.254Z - [Messenger] Message sent
[NX v22.5.1 Daemon Server] - 2026-02-19T00:07:05.254Z - Received raw message of length 32
[NX v22.5.1 Daemon Server] - 2026-02-19T00:07:05.255Z - Received json message of type REQUEST_PROJECT_GRAPH
[NX v22.5.1 Daemon Server] - 2026-02-19T00:07:05.255Z - [REQUEST]: Client Request for Project Graph Received
[NX v22.5.1 Daemon Server] - 2026-02-19T00:07:05.255Z - Reusing in-memory cached project graph because no files changed.
[NX v22.5.1 Daemon Server] - 2026-02-19T00:07:05.267Z - Wrote project graph cache to /home/poukam-tech/project/marizona/.nx/workspace-data/project-graph.json
[NX v22.5.1 Daemon Server] - 2026-02-19T00:07:05.267Z - Serializing response for REQUEST_PROJECT_GRAPH message in json mode
[NX v22.5.1 Daemon Server] - 2026-02-19T00:07:05.267Z - Responding to REQUEST_PROJECT_GRAPH message
[NX v22.5.1 Daemon Server] - 2026-02-19T00:07:05.267Z - [REQUEST]: Responding to the client. project-graph
[NX v22.5.1 Daemon Server] - 2026-02-19T00:07:05.269Z - Time taken for 'total for creating and serializing project graph' 12.357066000113264ms
[NX v22.5.1 Daemon Server] - 2026-02-19T00:07:05.272Z - Done responding to the client project-graph
[NX v22.5.1 Daemon Server] - 2026-02-19T00:07:05.272Z - Handled json message REQUEST_PROJECT_GRAPH. Handling time: 12. Response time: 5.
[NX v22.5.1 Daemon Client] - 2026-02-19T00:07:05.274Z - [Messenger] Received message, length: 1341409
[NX v22.5.1 Daemon Server] - 2026-02-19T00:09:20.024Z - Closed a connection. Number of open connections: 8
[NX v22.5.1 Daemon Server] - 2026-02-19T00:09:20.109Z - Closed a connection. Number of open connections: 7
[NX v22.5.1 Daemon Server] - 2026-02-19T00:09:21.245Z - Established a connection. Number of open connections: 8
[NX v22.5.1 Daemon Server] - 2026-02-19T00:09:21.246Z - Closed a connection. Number of open connections: 7
[NX v22.5.1 Daemon Server] - 2026-02-19T00:09:21.247Z - Established a connection. Number of open connections: 8
[NX v22.5.1 Daemon Client] - 2026-02-19T00:09:21.247Z - [Messenger] Setting up socket listeners
[NX v22.5.1 Daemon Client] - 2026-02-19T00:09:21.248Z - [Messenger] listen() complete
[NX v22.5.1 Daemon Client] - 2026-02-19T00:09:21.248Z - [Messenger] Sending message type: REQUEST_PROJECT_GRAPH
[NX v22.5.1 Daemon Client] - 2026-02-19T00:09:21.249Z - [Messenger] Message sent
[NX v22.5.1 Daemon Server] - 2026-02-19T00:09:21.329Z - Received raw message of length 32
[NX v22.5.1 Daemon Server] - 2026-02-19T00:09:21.329Z - Received json message of type REQUEST_PROJECT_GRAPH
[NX v22.5.1 Daemon Server] - 2026-02-19T00:09:21.329Z - [REQUEST]: Client Request for Project Graph Received
[NX v22.5.1 Daemon Server] - 2026-02-19T00:09:21.329Z - Reusing in-memory cached project graph because no files changed.
[NX v22.5.1 Daemon Server] - 2026-02-19T00:09:21.339Z - Wrote project graph cache to /home/poukam-tech/project/marizona/.nx/workspace-data/project-graph.json
[NX v22.5.1 Daemon Server] - 2026-02-19T00:09:21.339Z - Serializing response for REQUEST_PROJECT_GRAPH message in json mode
[NX v22.5.1 Daemon Server] - 2026-02-19T00:09:21.339Z - Responding to REQUEST_PROJECT_GRAPH message
[NX v22.5.1 Daemon Server] - 2026-02-19T00:09:21.339Z - [REQUEST]: Responding to the client. project-graph
[NX v22.5.1 Daemon Server] - 2026-02-19T00:09:21.341Z - Time taken for 'total for creating and serializing project graph' 10.249408999923617ms
[NX v22.5.1 Daemon Server] - 2026-02-19T00:09:21.344Z - Done responding to the client project-graph
[NX v22.5.1 Daemon Server] - 2026-02-19T00:09:21.344Z - Handled json message REQUEST_PROJECT_GRAPH. Handling time: 10. Response time: 5.
[NX v22.5.1 Daemon Client] - 2026-02-19T00:09:21.346Z - [Messenger] Received message, length: 1341409
[NX v22.5.1 Daemon Server] - 2026-02-19T00:09:21.485Z - Closed a connection. Number of open connections: 7
[NX v22.5.1 Daemon Server] - 2026-02-19T00:09:22.758Z - Established a connection. Number of open connections: 8
[NX v22.5.1 Daemon Server] - 2026-02-19T00:09:22.762Z - Closed a connection. Number of open connections: 7
[NX v22.5.1 Daemon Client] - 2026-02-19T00:09:22.764Z - [Messenger] Setting up socket listeners
[NX v22.5.1 Daemon Client] - 2026-02-19T00:09:22.765Z - [Messenger] listen() complete
[NX v22.5.1 Daemon Client] - 2026-02-19T00:09:22.766Z - [Messenger] Sending message type: REQUEST_PROJECT_GRAPH
[NX v22.5.1 Daemon Server] - 2026-02-19T00:09:22.766Z - Established a connection. Number of open connections: 8
[NX v22.5.1 Daemon Client] - 2026-02-19T00:09:22.768Z - [Messenger] Message sent
[NX v22.5.1 Daemon Server] - 2026-02-19T00:09:22.849Z - Received raw message of length 32
[NX v22.5.1 Daemon Server] - 2026-02-19T00:09:22.849Z - Received json message of type REQUEST_PROJECT_GRAPH
[NX v22.5.1 Daemon Server] - 2026-02-19T00:09:22.849Z - [REQUEST]: Client Request for Project Graph Received
[NX v22.5.1 Daemon Server] - 2026-02-19T00:09:22.849Z - Reusing in-memory cached project graph because no files changed.
[NX v22.5.1 Daemon Server] - 2026-02-19T00:09:22.860Z - Wrote project graph cache to /home/poukam-tech/project/marizona/.nx/workspace-data/project-graph.json
[NX v22.5.1 Daemon Server] - 2026-02-19T00:09:22.860Z - Serializing response for REQUEST_PROJECT_GRAPH message in json mode
[NX v22.5.1 Daemon Server] - 2026-02-19T00:09:22.860Z - Responding to REQUEST_PROJECT_GRAPH message
[NX v22.5.1 Daemon Server] - 2026-02-19T00:09:22.860Z - [REQUEST]: Responding to the client. project-graph
[NX v22.5.1 Daemon Server] - 2026-02-19T00:09:22.862Z - Time taken for 'total for creating and serializing project graph' 11.332261000061408ms
[NX v22.5.1 Daemon Server] - 2026-02-19T00:09:22.865Z - Done responding to the client project-graph
[NX v22.5.1 Daemon Server] - 2026-02-19T00:09:22.865Z - Handled json message REQUEST_PROJECT_GRAPH. Handling time: 11. Response time: 5.
[NX v22.5.1 Daemon Client] - 2026-02-19T00:09:22.866Z - [Messenger] Received message, length: 1341409
[NX v22.5.1 Daemon Server] - 2026-02-19T00:09:35.686Z - [Server] lock file hash changed! old=472414183762293777, new=15340159777619437416
[NX v22.5.1 Daemon Server] - 2026-02-19T00:09:35.686Z - [Server] Daemon outdated: LOCK_FILES_CHANGED
[NX v22.5.1 Daemon Server] - 2026-02-19T00:09:35.686Z - [Server] Restarting daemon...
[NX v22.5.1 Daemon Server] - 2026-02-19T00:09:35.689Z - Restarting daemon with script: /home/poukam-tech/project/marizona/node_modules/nx/src/daemon/server/start.js
[NX v22.5.1 Daemon Server] - 2026-02-19T00:09:35.689Z - Old daemon __dirname: /home/poukam-tech/project/marizona/node_modules/nx/src/daemon/server
[NX v22.5.1 Daemon Server] - 2026-02-19T00:09:35.689Z - Current process.execPath: /home/poukam-tech/.nvm/versions/node/v22.21.1/bin/node
[NX v22.5.1 Daemon Server] - 2026-02-19T00:09:35.697Z - Started new daemon process in background
[NX v22.5.1 Daemon Client] - 2026-02-19T00:09:35.703Z - [ProjectGraphListener] Socket closed, triggering reconnection
[NX v22.5.1 Daemon Client] - 2026-02-19T00:09:35.703Z - [ProjectGraphListener] Starting reconnection for 1 callbacks
[NX v22.5.1 Daemon Client] - 2026-02-19T00:09:35.703Z - [FileWatcher] Socket closed, triggering reconnection
[NX v22.5.1 Daemon Client] - 2026-02-19T00:09:35.704Z - [FileWatcher] Starting reconnection for 1 callbacks
[NX v22.5.1 Daemon Server] - 2026-02-19T00:09:35.705Z - Closed a connection. Number of open connections: 7
[NX v22.5.1 Daemon Server] - 2026-02-19T00:09:35.705Z - Closed a connection. Number of open connections: 6
[NX v22.5.1 Daemon Server] - 2026-02-19T00:09:35.705Z - Closed a connection. Number of open connections: 5
[NX v22.5.1 Daemon Server] - 2026-02-19T00:09:35.705Z - Closed a connection. Number of open connections: 4
[NX v22.5.1 Daemon Server] - 2026-02-19T00:09:35.705Z - Closed a connection. Number of open connections: 3
[NX v22.5.1 Daemon Server] - 2026-02-19T00:09:35.705Z - Closed a connection. Number of open connections: 2
[NX v22.5.1 Daemon Server] - 2026-02-19T00:09:35.705Z - Closed a connection. Number of open connections: 1
[NX v22.5.1 Daemon Server] - 2026-02-19T00:09:35.705Z - Closed a connection. Number of open connections: 0
[NX v22.5.1 Daemon Client] - 2026-02-19T00:09:35.707Z - [Client] Waiting for server (max: 6000 attempts, 10ms interval)
[NX v22.5.1 Daemon Server] - 2026-02-19T00:09:35.710Z - [WATCHER]: Stopping the watcher for /home/poukam-tech/project/marizona (sources)
[NX v22.5.1 Daemon Client] - 2026-02-19T00:09:35.715Z - [Client] Waiting for server (max: 6000 attempts, 10ms interval)
[NX v22.5.1 Daemon Server] - 2026-02-19T00:09:36.371Z - New daemon starting from: /home/poukam-tech/project/marizona/node_modules/nx/src/daemon/server/server.js
[NX v22.5.1 Daemon Server] - 2026-02-19T00:09:36.373Z - New daemon __dirname: /home/poukam-tech/project/marizona/node_modules/nx/src/daemon/server
[NX v22.5.1 Daemon Server] - 2026-02-19T00:09:36.373Z - New daemon nxVersion: 22.5.1
[NX v22.5.1 Daemon Server] - 2026-02-19T00:09:36.374Z - New daemon getInstalledNxVersion(): 22.5.1
[NX v22.5.1 Daemon Server] - 2026-02-19T00:09:36.383Z - [Server] Starting outdated check interval (20ms)
[NX v22.5.1 Daemon Server] - 2026-02-19T00:09:36.387Z - Started listening on: /tmp/9e34b1197d8ac2f7b9f2/d.sock
[NX v22.5.1 Daemon Client] - 2026-02-19T00:09:36.391Z - [Client] Server available after 43 attempts
[NX v22.5.1 Daemon Client] - 2026-02-19T00:09:36.391Z - [Messenger] Setting up socket listeners
[NX v22.5.1 Daemon Client] - 2026-02-19T00:09:36.391Z - [Messenger] listen() complete
[NX v22.5.1 Daemon Client] - 2026-02-19T00:09:36.391Z - [Messenger] Sending message type: REGISTER_FILE_WATCHER
[NX v22.5.1 Daemon Client] - 2026-02-19T00:09:36.392Z - [Messenger] Message sent
[NX v22.5.1 Daemon Client] - 2026-02-19T00:09:36.392Z - [FileWatcher] Reconnected successfully
[NX v22.5.1 Daemon Server] - 2026-02-19T00:09:36.392Z - [WATCHER]: Subscribed to changes within: /home/poukam-tech/project/marizona (native)
[NX v22.5.1 Daemon Server] - 2026-02-19T00:09:36.394Z - [NX-CONSOLE]: Pulling latest Nx (latest) to check console status...
[NX v22.5.1 Daemon Client] - 2026-02-19T00:09:36.400Z - [Client] Server available after 47 attempts
[NX v22.5.1 Daemon Client] - 2026-02-19T00:09:36.400Z - [Messenger] Setting up socket listeners
[NX v22.5.1 Daemon Client] - 2026-02-19T00:09:36.401Z - [Messenger] listen() complete
[NX v22.5.1 Daemon Client] - 2026-02-19T00:09:36.401Z - [Messenger] Sending message type: REGISTER_PROJECT_GRAPH_LISTENER
[NX v22.5.1 Daemon Client] - 2026-02-19T00:09:36.401Z - [Messenger] Message sent
[NX v22.5.1 Daemon Client] - 2026-02-19T00:09:36.401Z - [ProjectGraphListener] Reconnected successfully
Fetching nx...
[NX v22.5.1 Daemon Client] - 2026-02-19T00:09:36.429Z - [Messenger] Setting up socket listeners
[NX v22.5.1 Daemon Client] - 2026-02-19T00:09:36.429Z - [Messenger] listen() complete
[NX v22.5.1 Daemon Client] - 2026-02-19T00:09:36.432Z - [Messenger] Sending message type: REQUEST_PROJECT_GRAPH
[NX v22.5.1 Daemon Client] - 2026-02-19T00:09:36.432Z - [Messenger] Message sent
[NX v22.5.1 Daemon Server] - 2026-02-19T00:09:36.471Z - Established a connection. Number of open connections: 1
[NX v22.5.1 Daemon Server] - 2026-02-19T00:09:36.472Z - Established a connection. Number of open connections: 2
[NX v22.5.1 Daemon Server] - 2026-02-19T00:09:36.484Z - Closed a connection. Number of open connections: 1
[NX v22.5.1 Daemon Server] - 2026-02-19T00:09:36.484Z - Established a connection. Number of open connections: 2
[NX v22.5.1 Daemon Server] - 2026-02-19T00:09:36.486Z - Received raw message of length 99
[NX v22.5.1 Daemon Server] - 2026-02-19T00:09:36.490Z - Received json message of type REGISTER_FILE_WATCHER
[NX v22.5.1 Daemon Server] - 2026-02-19T00:09:36.493Z - Established a connection. Number of open connections: 3
[NX v22.5.1 Daemon Server] - 2026-02-19T00:09:36.494Z - Closed a connection. Number of open connections: 2
[NX v22.5.1 Daemon Server] - 2026-02-19T00:09:36.674Z - Established a connection. Number of open connections: 3
[NX v22.5.1 Daemon Server] - 2026-02-19T00:09:36.674Z - Received raw message of length 42
[NX v22.5.1 Daemon Server] - 2026-02-19T00:09:36.674Z - Received json message of type REGISTER_PROJECT_GRAPH_LISTENER
Time for 'plugin worker 87620 code loading' 17.349289
[NX v22.5.1 Daemon Server] - 2026-02-19T00:09:36.700Z - Established a connection. Number of open connections: 4
[NX v22.5.1 Daemon Server] - 2026-02-19T00:09:36.710Z - Time taken for 'start-plugin-worker:/home/poukam-tech/project/marizona/node_modules/nx/src/plugins/js' 192.92215899999997ms
[NX v22.5.1 Daemon Server] - 2026-02-19T00:09:36.710Z - Closed a connection. Number of open connections: 3
[NX v22.5.1 Daemon Server] - 2026-02-19T00:09:36.723Z - Established a connection. Number of open connections: 4
Time for 'plugin worker 87634 code loading' 13.98516699999999
[NX v22.5.1 Daemon Server] - 2026-02-19T00:09:36.724Z - Closed a connection. Number of open connections: 3
[NX v22.5.1 Daemon Server] - 2026-02-19T00:09:36.728Z - Received raw message of length 32
[NX v22.5.1 Daemon Server] - 2026-02-19T00:09:36.728Z - Received json message of type REQUEST_PROJECT_GRAPH
[NX v22.5.1 Daemon Server] - 2026-02-19T00:09:36.730Z - [REQUEST]: Client Request for Project Graph Received
[NX v22.5.1 Daemon Server] - 2026-02-19T00:09:36.733Z - Time taken for 'start-plugin-worker:@nx/playwright/plugin' 148.72197100000005ms
Time for 'plugin worker 87660 code loading' 14.288532000000004
[NX v22.5.1 Daemon Server] - 2026-02-19T00:09:36.805Z - Time taken for 'start-plugin-worker:/home/poukam-tech/project/marizona/node_modules/nx/src/plugins/project-json/build-nodes/project-json' 241.38705700000003ms
Time for 'plugin worker 87624 code loading' 71.50829099999999
Time for 'plugin worker 87622 code loading' 72.190274
[NX v22.5.1 Daemon Server] - 2026-02-19T00:09:36.854Z - Time taken for 'start-plugin-worker:/home/poukam-tech/project/marizona/node_modules/nx/src/plugins/package-json' 310.2486000000001ms
Time for 'plugin worker 87621 code loading' 73.95389400000002
Time for 'plugin worker 87648 code loading' 36.23441399999999
[NX v22.5.1 Daemon Server] - 2026-02-19T00:09:36.865Z - Time taken for 'start-plugin-worker:@nx/webpack/plugin' 269.572774ms
Time for 'plugin worker 87645 code loading' 45.319158999999985
[NX v22.5.1 Daemon Server] - 2026-02-19T00:09:37.342Z - Time taken for 'Load Nx Plugin: /home/poukam-tech/project/marizona/node_modules/nx/src/plugins/package-json' 839.305457ms
[NX v22.5.1 Daemon Server] - 2026-02-19T00:09:37.497Z - Time taken for 'Load Nx Plugin: @nx/eslint/plugin' 990.6804760000001ms
[NX v22.5.1 Daemon Server] - 2026-02-19T00:09:37.608Z - Time taken for 'Load Nx Plugin: /home/poukam-tech/project/marizona/node_modules/nx/src/plugins/project-json/build-nodes/project-json' 1105.026354ms
[NX v22.5.1 Daemon Server] - 2026-02-19T00:09:37.782Z - Time taken for 'loadDefaultNxPlugins' 1282.1927959999998ms
[NX v22.5.1 Daemon Server] - 2026-02-19T00:09:37.963Z - Time taken for 'Load Nx Plugin: @nx/jest/plugin' 1451.77499ms
[NX v22.5.1 Daemon Server] - 2026-02-19T00:09:37.970Z - Time taken for 'Load Nx Plugin: @nx/playwright/plugin' 1464.8909569999998ms
[NX v22.5.1 Daemon Server] - 2026-02-19T00:09:38.045Z - Time taken for 'Load Nx Plugin: @nx/webpack/plugin' 1538.5146480000003ms
[NX v22.5.1 Daemon Server] - 2026-02-19T00:09:38.136Z - [REQUEST]: Updated workspace context based on watched changes, recomputing project graph...
[NX v22.5.1 Daemon Server] - 2026-02-19T00:09:38.136Z - [REQUEST]: 
[NX v22.5.1 Daemon Server] - 2026-02-19T00:09:38.136Z - [REQUEST]: 
[NX v22.5.1 Daemon Server] - 2026-02-19T00:09:38.147Z - Reusing in-memory cached project graph because no files changed.
[NX v22.5.1 Daemon Server] - 2026-02-19T00:09:38.172Z - Time taken for 'loadSpecifiedNxPlugins' 1631.7078159999999ms
[NX v22.5.1 Daemon Client] - 2026-02-19T00:09:38.179Z - [Messenger] Setting up socket listeners
[NX v22.5.1 Daemon Client] - 2026-02-19T00:09:38.180Z - [Messenger] listen() complete
[NX v22.5.1 Daemon Client] - 2026-02-19T00:09:38.181Z - [Messenger] Sending message type: HASH_GLOB
[NX v22.5.1 Daemon Server] - 2026-02-19T00:09:38.182Z - Established a connection. Number of open connections: 4
[NX v22.5.1 Daemon Server] - 2026-02-19T00:09:38.182Z - Established a connection. Number of open connections: 5
[NX v22.5.1 Daemon Client] - 2026-02-19T00:09:38.182Z - [Messenger] Message sent
[NX v22.5.1 Daemon Server] - 2026-02-19T00:09:38.186Z - Closed a connection. Number of open connections: 4
[NX v22.5.1 Daemon Server] - 2026-02-19T00:09:38.186Z - Established a connection. Number of open connections: 5
[NX v22.5.1 Daemon Server] - 2026-02-19T00:09:38.190Z - Closed a connection. Number of open connections: 4
[NX v22.5.1 Daemon Client] - 2026-02-19T00:09:38.191Z - [Messenger] Setting up socket listeners
[NX v22.5.1 Daemon Client] - 2026-02-19T00:09:38.192Z - [Messenger] listen() complete
[NX v22.5.1 Daemon Client] - 2026-02-19T00:09:38.193Z - [Messenger] Sending message type: HASH_GLOB
[NX v22.5.1 Daemon Client] - 2026-02-19T00:09:38.199Z - [Messenger] Setting up socket listeners
[NX v22.5.1 Daemon Client] - 2026-02-19T00:09:38.199Z - [Messenger] listen() complete
[NX v22.5.1 Daemon Client] - 2026-02-19T00:09:38.199Z - [Messenger] Message sent
[NX v22.5.1 Daemon Client] - 2026-02-19T00:09:38.200Z - [Messenger] Sending message type: GLOB
[NX v22.5.1 Daemon Client] - 2026-02-19T00:09:38.200Z - [Messenger] Message sent
[NX v22.5.1 Daemon Server] - 2026-02-19T00:09:38.209Z - Established a connection. Number of open connections: 5
[NX v22.5.1 Daemon Server] - 2026-02-19T00:09:38.211Z - Established a connection. Number of open connections: 6
[NX v22.5.1 Daemon Server] - 2026-02-19T00:09:38.211Z - Closed a connection. Number of open connections: 5
[NX v22.5.1 Daemon Server] - 2026-02-19T00:09:38.212Z - Established a connection. Number of open connections: 6
[NX v22.5.1 Daemon Server] - 2026-02-19T00:09:38.212Z - Established a connection. Number of open connections: 7
[NX v22.5.1 Daemon Server] - 2026-02-19T00:09:38.243Z - Established a connection. Number of open connections: 8
[NX v22.5.1 Daemon Client] - 2026-02-19T00:09:38.223Z - [Messenger] Setting up socket listeners
[NX v22.5.1 Daemon Client] - 2026-02-19T00:09:38.245Z - [Messenger] listen() complete
[NX v22.5.1 Daemon Client] - 2026-02-19T00:09:38.238Z - [Messenger] Setting up socket listeners
[NX v22.5.1 Daemon Client] - 2026-02-19T00:09:38.246Z - [Messenger] listen() complete
[NX v22.5.1 Daemon Client] - 2026-02-19T00:09:38.246Z - [Messenger] Sending message type: HASH_GLOB
[NX v22.5.1 Daemon Client] - 2026-02-19T00:09:38.247Z - [Messenger] Sending message type: HASH_MULTI_GLOB
[NX v22.5.1 Daemon Client] - 2026-02-19T00:09:38.247Z - [Messenger] Message sent
[NX v22.5.1 Daemon Client] - 2026-02-19T00:09:38.248Z - [Messenger] Message sent
[NX v22.5.1 Daemon Server] - 2026-02-19T00:09:38.244Z - Closed a connection. Number of open connections: 7
[NX v22.5.1 Daemon Server] - 2026-02-19T00:09:38.254Z - Established a connection. Number of open connections: 8
[NX v22.5.1 Daemon Server] - 2026-02-19T00:09:38.265Z - Established a connection. Number of open connections: 9
[NX v22.5.1 Daemon Server] - 2026-02-19T00:09:38.266Z - Closed a connection. Number of open connections: 8
Time for 'daemon-message-serialization-HASH_GLOB' 0.42728699999997843
[NX v22.5.1 Daemon Server] - 2026-02-19T00:09:38.410Z - Received raw message of length 59
[NX v22.5.1 Daemon Server] - 2026-02-19T00:09:38.416Z - Received json message of type HASH_GLOB
[NX v22.5.1 Daemon Server] - 2026-02-19T00:09:38.437Z - Serializing response for HASH_GLOB message in json mode
[NX v22.5.1 Daemon Server] - 2026-02-19T00:09:38.437Z - Responding to HASH_GLOB message
[NX v22.5.1 Daemon Server] - 2026-02-19T00:09:38.437Z - [REQUEST]: Responding to the client. handleHashGlob
[NX v22.5.1 Daemon Client] - 2026-02-19T00:09:38.438Z - [Messenger] Received message, length: 22
[NX v22.5.1 Daemon Server] - 2026-02-19T00:09:38.437Z - Done responding to the client handleHashGlob
[NX v22.5.1 Daemon Server] - 2026-02-19T00:09:38.445Z - Handled json message HASH_GLOB. Handling time: 20. Response time: 8.
Time for 'daemon-message-serialization-GLOB' 0.2042950000000019
[NX v22.5.1 Daemon Server] - 2026-02-19T00:09:38.456Z - Received raw message of length 73
[NX v22.5.1 Daemon Server] - 2026-02-19T00:09:38.456Z - Received json message of type GLOB
[NX v22.5.1 Daemon Server] - 2026-02-19T00:09:38.459Z - Serializing response for GLOB message in json mode
[NX v22.5.1 Daemon Server] - 2026-02-19T00:09:38.461Z - Responding to GLOB message
[NX v22.5.1 Daemon Server] - 2026-02-19T00:09:38.461Z - [REQUEST]: Responding to the client. handleGlob
[NX v22.5.1 Daemon Server] - 2026-02-19T00:09:38.462Z - Done responding to the client handleGlob
[NX v22.5.1 Daemon Server] - 2026-02-19T00:09:38.462Z - Handled json message GLOB. Handling time: 3. Response time: 3.
[NX v22.5.1 Daemon Client] - 2026-02-19T00:09:38.466Z - [Messenger] Received message, length: 6441
[NX v22.5.1 Daemon Client] - 2026-02-19T00:09:38.477Z - [Messenger] Sending message type: HASH_MULTI_GLOB
[NX v22.5.1 Daemon Client] - 2026-02-19T00:09:38.482Z - [Messenger] Message sent
[NX v22.5.1 Daemon Server] - 2026-02-19T00:09:38.483Z - Received raw message of length 867
[NX v22.5.1 Daemon Server] - 2026-02-19T00:09:38.483Z - Received json message of type HASH_MULTI_GLOB
[NX v22.5.1 Daemon Server] - 2026-02-19T00:09:38.508Z - Serializing response for HASH_GLOB message in json mode
[NX v22.5.1 Daemon Server] - 2026-02-19T00:09:38.508Z - Responding to HASH_GLOB message
[NX v22.5.1 Daemon Server] - 2026-02-19T00:09:38.508Z - [REQUEST]: Responding to the client. handleHashMultiGlob
[NX v22.5.1 Daemon Server] - 2026-02-19T00:09:38.508Z - Done responding to the client handleHashMultiGlob
[NX v22.5.1 Daemon Server] - 2026-02-19T00:09:38.508Z - Handled json message HASH_GLOB. Handling time: 24. Response time: 0.
Time for 'GLOB round trip' 267.663822
Time for 'deserialize daemon response - GLOB' 0.21109799999999268
Time for 'daemon-message-serialization-HASH_MULTI_GLOB' 0.07962399999996705
[NX v22.5.1 Daemon Client] - 2026-02-19T00:09:38.512Z - [Messenger] Received message, length: 271
Time for 'daemon-message-serialization-HASH_GLOB' 0.35112100000014834
[NX v22.5.1 Daemon Server] - 2026-02-19T00:09:38.612Z - Received raw message of length 57
[NX v22.5.1 Daemon Server] - 2026-02-19T00:09:38.612Z - Received json message of type HASH_GLOB
[NX v22.5.1 Daemon Server] - 2026-02-19T00:09:38.619Z - Serializing response for HASH_GLOB message in json mode
[NX v22.5.1 Daemon Server] - 2026-02-19T00:09:38.619Z - Responding to HASH_GLOB message
[NX v22.5.1 Daemon Server] - 2026-02-19T00:09:38.619Z - [REQUEST]: Responding to the client. handleHashGlob
[NX v22.5.1 Daemon Server] - 2026-02-19T00:09:38.619Z - Done responding to the client handleHashGlob
[NX v22.5.1 Daemon Server] - 2026-02-19T00:09:38.619Z - Handled json message HASH_GLOB. Handling time: 7. Response time: 0.
[NX v22.5.1 Daemon Client] - 2026-02-19T00:09:38.626Z - [Messenger] Received message, length: 21
Time for 'daemon-message-serialization-HASH_GLOB' 6.2902050000000145
[NX v22.5.1 Daemon Server] - 2026-02-19T00:09:38.630Z - Received raw message of length 63
[NX v22.5.1 Daemon Server] - 2026-02-19T00:09:38.630Z - Received json message of type HASH_GLOB
[NX v22.5.1 Daemon Server] - 2026-02-19T00:09:38.639Z - Serializing response for HASH_GLOB message in json mode
[NX v22.5.1 Daemon Server] - 2026-02-19T00:09:38.639Z - Responding to HASH_GLOB message
[NX v22.5.1 Daemon Server] - 2026-02-19T00:09:38.639Z - [REQUEST]: Responding to the client. handleHashGlob
[NX v22.5.1 Daemon Server] - 2026-02-19T00:09:38.639Z - Done responding to the client handleHashGlob
[NX v22.5.1 Daemon Server] - 2026-02-19T00:09:38.639Z - Handled json message HASH_GLOB. Handling time: 9. Response time: 0.
[NX v22.5.1 Daemon Client] - 2026-02-19T00:09:38.640Z - [Messenger] Received message, length: 22
Time for 'daemon-message-serialization-HASH_MULTI_GLOB' 0.3434139999999388
[NX v22.5.1 Daemon Server] - 2026-02-19T00:09:38.736Z - Received raw message of length 124
[NX v22.5.1 Daemon Server] - 2026-02-19T00:09:38.736Z - Received json message of type HASH_MULTI_GLOB
[NX v22.5.1 Daemon Server] - 2026-02-19T00:09:38.744Z - Serializing response for HASH_GLOB message in json mode
[NX v22.5.1 Daemon Server] - 2026-02-19T00:09:38.744Z - Responding to HASH_GLOB message
[NX v22.5.1 Daemon Server] - 2026-02-19T00:09:38.744Z - [REQUEST]: Responding to the client. handleHashMultiGlob
[NX v22.5.1 Daemon Server] - 2026-02-19T00:09:38.744Z - Done responding to the client handleHashMultiGlob
[NX v22.5.1 Daemon Server] - 2026-02-19T00:09:38.744Z - Handled json message HASH_GLOB. Handling time: 8. Response time: 0.
[NX v22.5.1 Daemon Client] - 2026-02-19T00:09:38.754Z - [Messenger] Received message, length: 92
Time for 'nx/js/dependencies-and-lockfile:createNodes' 572.2491620000001
[NX v22.5.1 Daemon Server] - 2026-02-19T00:09:38.917Z - Closed a connection. Number of open connections: 7
[NX v22.5.1 Daemon Client] - 2026-02-19T00:09:39.298Z - [Messenger] Sending message type: HASH_GLOB
[NX v22.5.1 Daemon Client] - 2026-02-19T00:09:39.298Z - [Messenger] Message sent
[NX v22.5.1 Daemon Server] - 2026-02-19T00:09:39.299Z - Received raw message of length 64
[NX v22.5.1 Daemon Server] - 2026-02-19T00:09:39.299Z - Received json message of type HASH_GLOB
[NX v22.5.1 Daemon Server] - 2026-02-19T00:09:39.302Z - Serializing response for HASH_GLOB message in json mode
[NX v22.5.1 Daemon Server] - 2026-02-19T00:09:39.302Z - Responding to HASH_GLOB message
[NX v22.5.1 Daemon Server] - 2026-02-19T00:09:39.302Z - [REQUEST]: Responding to the client. handleHashGlob
[NX v22.5.1 Daemon Server] - 2026-02-19T00:09:39.302Z - Done responding to the client handleHashGlob
[NX v22.5.1 Daemon Server] - 2026-02-19T00:09:39.302Z - Handled json message HASH_GLOB. Handling time: 3. Response time: 0.
Time for 'HASH_GLOB round trip' 257.46812899999986
Time for 'deserialize daemon response - HASH_GLOB' 0.16653499999983978
Time for 'daemon-message-serialization-HASH_GLOB' 0.041917000000012195
[NX v22.5.1 Daemon Client] - 2026-02-19T00:09:39.317Z - [Messenger] Received message, length: 22
[NX v22.5.1 Daemon Server] - 2026-02-19T00:09:39.364Z - Closed a connection. Number of open connections: 6
Time for 'HASH_MULTI_GLOB round trip' 34.86592799999994
Time for 'deserialize daemon response - HASH_MULTI_GLOB' 0.06421900000009373
[NX v22.5.1 Daemon Server] - 2026-02-19T00:09:40.184Z - Closed a connection. Number of open connections: 5
[NX v22.5.1 Daemon Server] - 2026-02-19T00:09:41.708Z - [NX-CONSOLE]: Successfully pulled latest Nx to /tmp/tmp-87519-JYvvJUppNBjJ
[NX v22.5.1 Daemon Server] - 2026-02-19T00:09:42.020Z - [NX-CONSOLE]: Using local implementation (NX_USE_LOCAL=true or inner call)
DEBUG nx::native::ide::install: Detected editor: Unknown
[NX v22.5.1 Daemon Server] - 2026-02-19T00:09:42.023Z - [NX-CONSOLE]: Console status check completed, shouldPrompt: false
[NX v22.5.1 Daemon Server] - 2026-02-19T00:09:42.196Z - Closed a connection. Number of open connections: 4
[NX v22.5.1 Daemon Client] - 2026-02-19T00:09:42.490Z - [Messenger] Sending message type: HASH_GLOB
[NX v22.5.1 Daemon Client] - 2026-02-19T00:09:42.491Z - [Messenger] Message sent
[NX v22.5.1 Daemon Server] - 2026-02-19T00:09:42.491Z - Received raw message of length 68
[NX v22.5.1 Daemon Server] - 2026-02-19T00:09:42.491Z - Received json message of type HASH_GLOB
[NX v22.5.1 Daemon Server] - 2026-02-19T00:09:42.492Z - Serializing response for HASH_GLOB message in json mode
[NX v22.5.1 Daemon Server] - 2026-02-19T00:09:42.492Z - Responding to HASH_GLOB message
[NX v22.5.1 Daemon Server] - 2026-02-19T00:09:42.492Z - [REQUEST]: Responding to the client. handleHashGlob
[NX v22.5.1 Daemon Server] - 2026-02-19T00:09:42.492Z - Done responding to the client handleHashGlob
[NX v22.5.1 Daemon Server] - 2026-02-19T00:09:42.492Z - Handled json message HASH_GLOB. Handling time: 1. Response time: 0.
Time for 'HASH_GLOB round trip' 447.71754999999985
Time for 'deserialize daemon response - HASH_GLOB' 0.13883899999996174
Time for 'daemon-message-serialization-HASH_GLOB' 0.03128000000015163
[NX v22.5.1 Daemon Client] - 2026-02-19T00:09:42.494Z - [Messenger] Received message, length: 21
[NX v22.5.1 Daemon Client] - 2026-02-19T00:09:42.507Z - [Messenger] Sending message type: GET_FILES_IN_DIRECTORY
[NX v22.5.1 Daemon Client] - 2026-02-19T00:09:42.508Z - [Messenger] Message sent
[NX v22.5.1 Daemon Server] - 2026-02-19T00:09:42.509Z - Received raw message of length 60
[NX v22.5.1 Daemon Server] - 2026-02-19T00:09:42.509Z - Received json message of type GET_FILES_IN_DIRECTORY
[NX v22.5.1 Daemon Server] - 2026-02-19T00:09:42.509Z - Serializing response for GET_FILES_IN_DIRECTORY message in json mode
[NX v22.5.1 Daemon Server] - 2026-02-19T00:09:42.509Z - Responding to GET_FILES_IN_DIRECTORY message
[NX v22.5.1 Daemon Server] - 2026-02-19T00:09:42.509Z - [REQUEST]: Responding to the client. handleNxWorkspaceFiles
[NX v22.5.1 Daemon Server] - 2026-02-19T00:09:42.510Z - Done responding to the client handleNxWorkspaceFiles
[NX v22.5.1 Daemon Server] - 2026-02-19T00:09:42.510Z - Handled json message GET_FILES_IN_DIRECTORY. Handling time: 0. Response time: 1.
(node:87634) [DEP0180] DeprecationWarning: fs.Stats constructor is deprecated.
(Use `node --trace-deprecation ...` to show where the warning was created)
Time for 'HASH_GLOB round trip' 3.7540399999998044
Time for 'deserialize daemon response - HASH_GLOB' 0.03006199999981618
Time for 'daemon-message-serialization-GET_FILES_IN_DIRECTORY' 0.049117999999907624
[NX v22.5.1 Daemon Client] - 2026-02-19T00:09:42.517Z - [Messenger] Received message, length: 38
[NX v22.5.1 Daemon Client] - 2026-02-19T00:09:42.523Z - [Messenger] Sending message type: GET_FILES_IN_DIRECTORY
[NX v22.5.1 Daemon Client] - 2026-02-19T00:09:42.523Z - [Messenger] Message sent
[NX v22.5.1 Daemon Server] - 2026-02-19T00:09:42.523Z - Received raw message of length 65
[NX v22.5.1 Daemon Server] - 2026-02-19T00:09:42.523Z - Received json message of type GET_FILES_IN_DIRECTORY
[NX v22.5.1 Daemon Server] - 2026-02-19T00:09:42.523Z - Serializing response for GET_FILES_IN_DIRECTORY message in json mode
[NX v22.5.1 Daemon Server] - 2026-02-19T00:09:42.524Z - Responding to GET_FILES_IN_DIRECTORY message
[NX v22.5.1 Daemon Server] - 2026-02-19T00:09:42.524Z - [REQUEST]: Responding to the client. handleNxWorkspaceFiles
[NX v22.5.1 Daemon Server] - 2026-02-19T00:09:42.524Z - Done responding to the client handleNxWorkspaceFiles
[NX v22.5.1 Daemon Server] - 2026-02-19T00:09:42.524Z - Handled json message GET_FILES_IN_DIRECTORY. Handling time: 0. Response time: 1.
Time for 'GET_FILES_IN_DIRECTORY round trip' 10.224436999999853
Time for 'deserialize daemon response - GET_FILES_IN_DIRECTORY' 0.02220500000021275
Time for 'daemon-message-serialization-GET_FILES_IN_DIRECTORY' 0.023043000000143365
[NX v22.5.1 Daemon Client] - 2026-02-19T00:09:42.524Z - [Messenger] Received message, length: 43
[NX v22.5.1 Daemon Server] - 2026-02-19T00:09:42.583Z - Time taken for 'build-project-configs' 4393.514816000001ms
[NX v22.5.1 Daemon Server] - 2026-02-19T00:09:42.584Z - Closed a connection. Number of open connections: 3
Time for 'build typescript dependencies' 453.3365619999995
[NX v22.5.1 Daemon Server] - 2026-02-19T00:09:43.162Z - [SYNC]: collect registered sync generators
[NX v22.5.1 Daemon Server] - 2026-02-19T00:09:43.177Z - Wrote project graph cache to /home/poukam-tech/project/marizona/.nx/workspace-data/project-graph.json
[NX v22.5.1 Daemon Server] - 2026-02-19T00:09:43.177Z - Serializing response for PROJECT_GRAPH_UPDATED message in json mode
[NX v22.5.1 Daemon Server] - 2026-02-19T00:09:43.185Z - Responding to PROJECT_GRAPH_UPDATED message
[NX v22.5.1 Daemon Server] - 2026-02-19T00:09:43.185Z - [REQUEST]: Responding to the client. Project graph updated
[NX v22.5.1 Daemon Server] - 2026-02-19T00:09:43.187Z - Serializing response for REQUEST_PROJECT_GRAPH message in json mode
[NX v22.5.1 Daemon Server] - 2026-02-19T00:09:43.187Z - Responding to REQUEST_PROJECT_GRAPH message
[NX v22.5.1 Daemon Server] - 2026-02-19T00:09:43.187Z - [REQUEST]: Responding to the client. project-graph
[NX v22.5.1 Daemon Server] - 2026-02-19T00:09:43.190Z - Time taken for 'total for creating and serializing project graph' 6457.3902020000005ms
[NX v22.5.1 Daemon Server] - 2026-02-19T00:09:43.197Z - Done responding to the client project-graph
[NX v22.5.1 Daemon Server] - 2026-02-19T00:09:43.197Z - Handled json message REQUEST_PROJECT_GRAPH. Handling time: 6459. Response time: 10.
[NX v22.5.1 Daemon Server] - 2026-02-19T00:09:43.200Z - Done responding to the client Project graph updated
[NX v22.5.1 Daemon Server] - 2026-02-19T00:09:43.200Z - Handled json message PROJECT_GRAPH_UPDATED. Handling time: 14. Response time: 23.
[NX v22.5.1 Daemon Client] - 2026-02-19T00:09:43.203Z - [Messenger] Received message, length: 1342113
[NX v22.5.1 Daemon Client] - 2026-02-19T00:09:43.215Z - [Messenger] Sending message type: GET_CONTEXT_FILE_DATA
[NX v22.5.1 Daemon Client] - 2026-02-19T00:09:43.215Z - [Messenger] Message sent
[NX v22.5.1 Daemon Server] - 2026-02-19T00:09:43.215Z - Received raw message of length 32
[NX v22.5.1 Daemon Server] - 2026-02-19T00:09:43.215Z - Received json message of type GET_CONTEXT_FILE_DATA
[NX v22.5.1 Daemon Server] - 2026-02-19T00:09:43.216Z - Serializing response for GET_CONTEXT_FILE_DATA message in json mode
[NX v22.5.1 Daemon Server] - 2026-02-19T00:09:43.217Z - Responding to GET_CONTEXT_FILE_DATA message
[NX v22.5.1 Daemon Server] - 2026-02-19T00:09:43.217Z - [REQUEST]: Responding to the client. handleContextFileData
[NX v22.5.1 Daemon Client] - 2026-02-19T00:09:43.217Z - [Messenger] Received message, length: 1342106
[NX v22.5.1 Daemon Server] - 2026-02-19T00:09:43.217Z - Done responding to the client handleContextFileData
[NX v22.5.1 Daemon Server] - 2026-02-19T00:09:43.217Z - Handled json message GET_CONTEXT_FILE_DATA. Handling time: 1. Response time: 1.
[NX v22.5.1 Daemon Client] - 2026-02-19T00:09:43.226Z - [Messenger] Received message, length: 19405
[NX v22.5.1 Daemon Server] - 2026-02-19T00:09:43.608Z - Closed a connection. Number of open connections: 2
[NX v22.5.1 Daemon Server] - 2026-02-19T00:09:43.621Z - Established a connection. Number of open connections: 3
[NX v22.5.1 Daemon Client] - 2026-02-19T00:09:43.623Z - [Messenger] Setting up socket listeners
[NX v22.5.1 Daemon Server] - 2026-02-19T00:09:43.623Z - Closed a connection. Number of open connections: 2
[NX v22.5.1 Daemon Client] - 2026-02-19T00:09:43.623Z - [Messenger] listen() complete
[NX v22.5.1 Daemon Client] - 2026-02-19T00:09:43.623Z - [Messenger] Sending message type: REGISTER_PROJECT_GRAPH_LISTENER
[NX v22.5.1 Daemon Client] - 2026-02-19T00:09:43.624Z - [Messenger] Message sent
[NX v22.5.1 Daemon Server] - 2026-02-19T00:09:43.624Z - Established a connection. Number of open connections: 3
[NX v22.5.1 Daemon Server] - 2026-02-19T00:09:43.624Z - Received raw message of length 42
[NX v22.5.1 Daemon Server] - 2026-02-19T00:09:43.624Z - Received json message of type REGISTER_PROJECT_GRAPH_LISTENER
[NX v22.5.1 Daemon Server] - 2026-02-19T00:09:43.655Z - Established a connection. Number of open connections: 4
[NX v22.5.1 Daemon Client] - 2026-02-19T00:09:43.674Z - [Messenger] Sending message type: REGISTER_PROJECT_GRAPH_LISTENER
[NX v22.5.1 Daemon Client] - 2026-02-19T00:09:43.674Z - [Messenger] Message sent
[NX v22.5.1 Daemon Server] - 2026-02-19T00:09:43.674Z - Closed a connection. Number of open connections: 3
[NX v22.5.1 Daemon Server] - 2026-02-19T00:09:43.675Z - Received raw message of length 42
[NX v22.5.1 Daemon Server] - 2026-02-19T00:09:43.675Z - Received json message of type REGISTER_PROJECT_GRAPH_LISTENER
[NX v22.5.1 Daemon Server] - 2026-02-19T00:09:56.643Z - [Server] lock file hash changed! old=15340159777619437416, new=17937934908367784034
[NX v22.5.1 Daemon Server] - 2026-02-19T00:09:56.643Z - [Server] Daemon outdated: LOCK_FILES_CHANGED
[NX v22.5.1 Daemon Server] - 2026-02-19T00:09:56.643Z - [Server] Restarting daemon...
[NX v22.5.1 Daemon Server] - 2026-02-19T00:09:56.647Z - Restarting daemon with script: /home/poukam-tech/project/marizona/node_modules/nx/src/daemon/server/start.js
[NX v22.5.1 Daemon Server] - 2026-02-19T00:09:56.647Z - Old daemon __dirname: /home/poukam-tech/project/marizona/node_modules/nx/src/daemon/server
[NX v22.5.1 Daemon Server] - 2026-02-19T00:09:56.647Z - Current process.execPath: /home/poukam-tech/.nvm/versions/node/v22.21.1/bin/node
[NX v22.5.1 Daemon Server] - 2026-02-19T00:09:56.659Z - Started new daemon process in background
[NX v22.5.1 Daemon Client] - 2026-02-19T00:09:56.661Z - [ProjectGraphListener] Socket closed, triggering reconnection
[NX v22.5.1 Daemon Client] - 2026-02-19T00:09:56.661Z - [ProjectGraphListener] Starting reconnection for 2 callbacks
[NX v22.5.1 Daemon Client] - 2026-02-19T00:09:56.661Z - [Client] Waiting for server (max: 6000 attempts, 10ms interval)
[NX v22.5.1 Daemon Server] - 2026-02-19T00:09:56.661Z - Closed a connection. Number of open connections: 2
[NX v22.5.1 Daemon Client] - 2026-02-19T00:09:56.662Z - [FileWatcher] Starting reconnection for 1 callbacks
[NX v22.5.1 Daemon Server] - 2026-02-19T00:09:56.662Z - Closed a connection. Number of open connections: 1
[NX v22.5.1 Daemon Client] - 2026-02-19T00:09:56.662Z - [Client] Waiting for server (max: 6000 attempts, 10ms interval)
[NX v22.5.1 Daemon Server] - 2026-02-19T00:09:56.662Z - Closed a connection. Number of open connections: 0
[NX v22.5.1 Daemon Server] - 2026-02-19T00:09:56.665Z - [WATCHER]: Stopping the watcher for /home/poukam-tech/project/marizona (sources)
[NX v22.5.1 Daemon Server] - 2026-02-19T00:09:57.083Z - New daemon starting from: /home/poukam-tech/project/marizona/node_modules/nx/src/daemon/server/server.js
[NX v22.5.1 Daemon Server] - 2026-02-19T00:09:57.087Z - New daemon __dirname: /home/poukam-tech/project/marizona/node_modules/nx/src/daemon/server
[NX v22.5.1 Daemon Server] - 2026-02-19T00:09:57.087Z - New daemon nxVersion: 22.5.1
[NX v22.5.1 Daemon Server] - 2026-02-19T00:09:57.088Z - New daemon getInstalledNxVersion(): 22.5.1
[NX v22.5.1 Daemon Server] - 2026-02-19T00:09:57.100Z - [Server] Starting outdated check interval (20ms)
[NX v22.5.1 Daemon Server] - 2026-02-19T00:09:57.105Z - Started listening on: /tmp/1ec1740ef1dab43143a5/d.sock
[NX v22.5.1 Daemon Client] - 2026-02-19T00:09:57.106Z - [Client] Server available after 29 attempts
[NX v22.5.1 Daemon Client] - 2026-02-19T00:09:57.107Z - [Messenger] Setting up socket listeners
[NX v22.5.1 Daemon Server] - 2026-02-19T00:09:57.108Z - [WATCHER]: Subscribed to changes within: /home/poukam-tech/project/marizona (native)
[NX v22.5.1 Daemon Client] - 2026-02-19T00:09:57.110Z - [Messenger] listen() complete
[NX v22.5.1 Daemon Client] - 2026-02-19T00:09:57.110Z - [Messenger] Sending message type: REGISTER_FILE_WATCHER
[NX v22.5.1 Daemon Client] - 2026-02-19T00:09:57.110Z - [Messenger] Message sent
[NX v22.5.1 Daemon Client] - 2026-02-19T00:09:57.110Z - [FileWatcher] Reconnected successfully
[NX v22.5.1 Daemon Client] - 2026-02-19T00:09:57.111Z - [Client] Server available after 32 attempts
[NX v22.5.1 Daemon Client] - 2026-02-19T00:09:57.111Z - [Messenger] Setting up socket listeners
[NX v22.5.1 Daemon Client] - 2026-02-19T00:09:57.112Z - [Messenger] listen() complete
[NX v22.5.1 Daemon Client] - 2026-02-19T00:09:57.112Z - [Messenger] Sending message type: REGISTER_PROJECT_GRAPH_LISTENER
[NX v22.5.1 Daemon Client] - 2026-02-19T00:09:57.112Z - [Messenger] Message sent
[NX v22.5.1 Daemon Client] - 2026-02-19T00:09:57.112Z - [ProjectGraphListener] Reconnected successfully
[NX v22.5.1 Daemon Server] - 2026-02-19T00:09:57.112Z - [NX-CONSOLE]: Pulling latest Nx (latest) to check console status...
Fetching nx...
[NX v22.5.1 Daemon Client] - 2026-02-19T00:09:57.137Z - [Messenger] Setting up socket listeners
[NX v22.5.1 Daemon Client] - 2026-02-19T00:09:57.137Z - [Messenger] listen() complete
[NX v22.5.1 Daemon Client] - 2026-02-19T00:09:57.137Z - [Messenger] Sending message type: REQUEST_PROJECT_GRAPH
[NX v22.5.1 Daemon Client] - 2026-02-19T00:09:57.137Z - [Messenger] Message sent
[NX v22.5.1 Daemon Server] - 2026-02-19T00:09:57.189Z - Established a connection. Number of open connections: 1
[NX v22.5.1 Daemon Server] - 2026-02-19T00:09:57.198Z - Established a connection. Number of open connections: 2
[NX v22.5.1 Daemon Server] - 2026-02-19T00:09:57.201Z - Closed a connection. Number of open connections: 1
[NX v22.5.1 Daemon Server] - 2026-02-19T00:09:57.207Z - Established a connection. Number of open connections: 2
[NX v22.5.1 Daemon Server] - 2026-02-19T00:09:57.208Z - Received raw message of length 99
[NX v22.5.1 Daemon Server] - 2026-02-19T00:09:57.208Z - Received json message of type REGISTER_FILE_WATCHER
[NX v22.5.1 Daemon Server] - 2026-02-19T00:09:57.218Z - Established a connection. Number of open connections: 3
[NX v22.5.1 Daemon Server] - 2026-02-19T00:09:57.218Z - Closed a connection. Number of open connections: 2
[NX v22.5.1 Daemon Server] - 2026-02-19T00:09:57.432Z - Established a connection. Number of open connections: 3
[NX v22.5.1 Daemon Server] - 2026-02-19T00:09:57.433Z - Received raw message of length 42
[NX v22.5.1 Daemon Server] - 2026-02-19T00:09:57.433Z - Received json message of type REGISTER_PROJECT_GRAPH_LISTENER
[NX v22.5.1 Daemon Server] - 2026-02-19T00:09:57.485Z - Established a connection. Number of open connections: 4
[NX v22.5.1 Daemon Server] - 2026-02-19T00:09:57.506Z - Time taken for 'start-plugin-worker:/home/poukam-tech/project/marizona/node_modules/nx/src/plugins/package-json' 235.2229460000001ms
[NX v22.5.1 Daemon Server] - 2026-02-19T00:09:57.506Z - Closed a connection. Number of open connections: 3
[NX v22.5.1 Daemon Server] - 2026-02-19T00:09:57.581Z - Established a connection. Number of open connections: 4
Time for 'plugin worker 88233 code loading' 37.894791
Time for 'plugin worker 88232 code loading' 85.652684
Time for 'plugin worker 88246 code loading' 55.716759999999994
[NX v22.5.1 Daemon Server] - 2026-02-19T00:09:57.582Z - Closed a connection. Number of open connections: 3
[NX v22.5.1 Daemon Server] - 2026-02-19T00:09:57.608Z - Received raw message of length 32
[NX v22.5.1 Daemon Server] - 2026-02-19T00:09:57.608Z - Received json message of type REQUEST_PROJECT_GRAPH
[NX v22.5.1 Daemon Server] - 2026-02-19T00:09:57.621Z - [REQUEST]: Client Request for Project Graph Received
[NX v22.5.1 Daemon Server] - 2026-02-19T00:09:57.627Z - Time taken for 'start-plugin-worker:/home/poukam-tech/project/marizona/node_modules/nx/src/plugins/js' 388.92247999999995ms
Time for 'plugin worker 88240 code loading' 52.97490299999998
[NX v22.5.1 Daemon Server] - 2026-02-19T00:09:57.637Z - Time taken for 'start-plugin-worker:@nx/next/plugin' 346.806116ms
Time for 'plugin worker 88234 code loading' 107.85994299999999
[NX v22.5.1 Daemon Server] - 2026-02-19T00:09:57.782Z - Time taken for 'start-plugin-worker:/home/poukam-tech/project/marizona/node_modules/nx/src/plugins/project-json/build-nodes/project-json' 510.760847ms
[NX v22.5.1 Daemon Server] - 2026-02-19T00:09:57.800Z - Time taken for 'start-plugin-worker:@nx/eslint/plugin' 414.37759199999994ms
Time for 'plugin worker 88258 code loading' 86.49269900000002
[NX v22.5.1 Daemon Server] - 2026-02-19T00:09:57.859Z - Time taken for 'start-plugin-worker:@nx/webpack/plugin' 493.4480359999999ms
Time for 'plugin worker 88252 code loading' 98.12629799999996
[NX v22.5.1 Daemon Server] - 2026-02-19T00:09:57.885Z - Time taken for 'start-plugin-worker:@nx/jest/plugin' 485.9125640000001ms
Time for 'plugin worker 88267 code loading' 89.16285499999998
[NX v22.5.1 Daemon Server] - 2026-02-19T00:09:58.119Z - Time taken for 'Load Nx Plugin: /home/poukam-tech/project/marizona/node_modules/nx/src/plugins/js' 898.479518ms
[NX v22.5.1 Daemon Server] - 2026-02-19T00:09:58.375Z - [NX-CONSOLE]: Successfully pulled latest Nx to /tmp/tmp-88158-D6L546KdNG8N
[NX v22.5.1 Daemon Server] - 2026-02-19T00:09:58.932Z - [NX-CONSOLE]: Using local implementation (NX_USE_LOCAL=true or inner call)
DEBUG nx::native::ide::install: Detected editor: Unknown
[NX v22.5.1 Daemon Server] - 2026-02-19T00:09:58.933Z - [NX-CONSOLE]: Console status check completed, shouldPrompt: false
[NX v22.5.1 Daemon Server] - 2026-02-19T00:09:58.946Z - Time taken for 'loadDefaultNxPlugins' 1725.0935909999998ms
[NX v22.5.1 Daemon Server] - 2026-02-19T00:09:59.105Z - Time taken for 'Load Nx Plugin: @nx/jest/plugin' 1871.8481980000001ms
[NX v22.5.1 Daemon Server] - 2026-02-19T00:09:59.161Z - Time taken for 'Load Nx Plugin: @nx/webpack/plugin' 1928.677303ms
[NX v22.5.1 Daemon Server] - 2026-02-19T00:09:59.189Z - [REQUEST]: Updated workspace context based on watched changes, recomputing project graph...
[NX v22.5.1 Daemon Server] - 2026-02-19T00:09:59.189Z - [REQUEST]: 
[NX v22.5.1 Daemon Server] - 2026-02-19T00:09:59.189Z - [REQUEST]: 
[NX v22.5.1 Daemon Server] - 2026-02-19T00:09:59.194Z - Reusing in-memory cached project graph because no files changed.
[NX v22.5.1 Daemon Server] - 2026-02-19T00:09:59.227Z - Time taken for 'loadSpecifiedNxPlugins' 1961.5083759999998ms
[NX v22.5.1 Daemon Client] - 2026-02-19T00:09:59.232Z - [Messenger] Setting up socket listeners
[NX v22.5.1 Daemon Client] - 2026-02-19T00:09:59.232Z - [Messenger] listen() complete
[NX v22.5.1 Daemon Client] - 2026-02-19T00:09:59.233Z - [Messenger] Sending message type: HASH_GLOB
[NX v22.5.1 Daemon Client] - 2026-02-19T00:09:59.234Z - [Messenger] Message sent
[NX v22.5.1 Daemon Server] - 2026-02-19T00:09:59.236Z - Established a connection. Number of open connections: 4
[NX v22.5.1 Daemon Server] - 2026-02-19T00:09:59.237Z - Established a connection. Number of open connections: 5
[NX v22.5.1 Daemon Server] - 2026-02-19T00:09:59.238Z - Closed a connection. Number of open connections: 4
[NX v22.5.1 Daemon Server] - 2026-02-19T00:09:59.249Z - Established a connection. Number of open connections: 5
[NX v22.5.1 Daemon Server] - 2026-02-19T00:09:59.251Z - Established a connection. Number of open connections: 6
[NX v22.5.1 Daemon Server] - 2026-02-19T00:09:59.251Z - Established a connection. Number of open connections: 7
[NX v22.5.1 Daemon Server] - 2026-02-19T00:09:59.252Z - Established a connection. Number of open connections: 8
[NX v22.5.1 Daemon Server] - 2026-02-19T00:09:59.257Z - Closed a connection. Number of open connections: 7
[NX v22.5.1 Daemon Server] - 2026-02-19T00:09:59.257Z - Established a connection. Number of open connections: 8
[NX v22.5.1 Daemon Client] - 2026-02-19T00:09:59.255Z - [Messenger] Setting up socket listeners
[NX v22.5.1 Daemon Client] - 2026-02-19T00:09:59.258Z - [Messenger] listen() complete
[NX v22.5.1 Daemon Server] - 2026-02-19T00:09:59.258Z - Closed a connection. Number of open connections: 7
[NX v22.5.1 Daemon Client] - 2026-02-19T00:09:59.251Z - [Messenger] Setting up socket listeners
[NX v22.5.1 Daemon Client] - 2026-02-19T00:09:59.259Z - [Messenger] listen() complete
[NX v22.5.1 Daemon Client] - 2026-02-19T00:09:59.260Z - [Messenger] Sending message type: GLOB
[NX v22.5.1 Daemon Client] - 2026-02-19T00:09:59.261Z - [Messenger] Message sent
[NX v22.5.1 Daemon Server] - 2026-02-19T00:09:59.261Z - Established a connection. Number of open connections: 8
[NX v22.5.1 Daemon Server] - 2026-02-19T00:09:59.262Z - Closed a connection. Number of open connections: 7
[NX v22.5.1 Daemon Server] - 2026-02-19T00:09:59.263Z - Established a connection. Number of open connections: 8
[NX v22.5.1 Daemon Server] - 2026-02-19T00:09:59.263Z - Closed a connection. Number of open connections: 7
[NX v22.5.1 Daemon Client] - 2026-02-19T00:09:59.264Z - [Messenger] Sending message type: HASH_GLOB
[NX v22.5.1 Daemon Server] - 2026-02-19T00:09:59.265Z - Established a connection. Number of open connections: 8
[NX v22.5.1 Daemon Client] - 2026-02-19T00:09:59.265Z - [Messenger] Message sent
[NX v22.5.1 Daemon Client] - 2026-02-19T00:09:59.265Z - [Messenger] Setting up socket listeners
[NX v22.5.1 Daemon Client] - 2026-02-19T00:09:59.266Z - [Messenger] listen() complete
[NX v22.5.1 Daemon Client] - 2026-02-19T00:09:59.266Z - [Messenger] Setting up socket listeners
[NX v22.5.1 Daemon Client] - 2026-02-19T00:09:59.266Z - [Messenger] listen() complete
[NX v22.5.1 Daemon Client] - 2026-02-19T00:09:59.267Z - [Messenger] Sending message type: HASH_MULTI_GLOB
[NX v22.5.1 Daemon Client] - 2026-02-19T00:09:59.267Z - [Messenger] Sending message type: HASH_GLOB
[NX v22.5.1 Daemon Client] - 2026-02-19T00:09:59.268Z - [Messenger] Message sent
[NX v22.5.1 Daemon Client] - 2026-02-19T00:09:59.268Z - [Messenger] Message sent
Time for 'daemon-message-serialization-HASH_MULTI_GLOB' 0.3178649999999834
[NX v22.5.1 Daemon Server] - 2026-02-19T00:09:59.457Z - Received raw message of length 124
[NX v22.5.1 Daemon Server] - 2026-02-19T00:09:59.458Z - Received json message of type HASH_MULTI_GLOB
[NX v22.5.1 Daemon Server] - 2026-02-19T00:09:59.464Z - Serializing response for HASH_GLOB message in json mode
[NX v22.5.1 Daemon Server] - 2026-02-19T00:09:59.464Z - Responding to HASH_GLOB message
[NX v22.5.1 Daemon Server] - 2026-02-19T00:09:59.465Z - [REQUEST]: Responding to the client. handleHashMultiGlob
[NX v22.5.1 Daemon Client] - 2026-02-19T00:09:59.465Z - [Messenger] Received message, length: 92
[NX v22.5.1 Daemon Server] - 2026-02-19T00:09:59.466Z - Done responding to the client handleHashMultiGlob
[NX v22.5.1 Daemon Server] - 2026-02-19T00:09:59.466Z - Handled json message HASH_GLOB. Handling time: 6. Response time: 2.
Time for 'daemon-message-serialization-HASH_GLOB' 0.31904400000007627
[NX v22.5.1 Daemon Server] - 2026-02-19T00:09:59.470Z - Received raw message of length 63
[NX v22.5.1 Daemon Server] - 2026-02-19T00:09:59.470Z - Received json message of type HASH_GLOB
[NX v22.5.1 Daemon Server] - 2026-02-19T00:09:59.474Z - Serializing response for HASH_GLOB message in json mode
[NX v22.5.1 Daemon Server] - 2026-02-19T00:09:59.475Z - Responding to HASH_GLOB message
[NX v22.5.1 Daemon Server] - 2026-02-19T00:09:59.475Z - [REQUEST]: Responding to the client. handleHashGlob
[NX v22.5.1 Daemon Server] - 2026-02-19T00:09:59.475Z - Done responding to the client handleHashGlob
[NX v22.5.1 Daemon Server] - 2026-02-19T00:09:59.475Z - Handled json message HASH_GLOB. Handling time: 4. Response time: 1.
[NX v22.5.1 Daemon Client] - 2026-02-19T00:09:59.476Z - [Messenger] Received message, length: 21
Time for 'daemon-message-serialization-HASH_GLOB' 0.28417500000000473
[NX v22.5.1 Daemon Server] - 2026-02-19T00:09:59.483Z - Received raw message of length 59
[NX v22.5.1 Daemon Server] - 2026-02-19T00:09:59.484Z - Received json message of type HASH_GLOB
[NX v22.5.1 Daemon Server] - 2026-02-19T00:09:59.488Z - Serializing response for HASH_GLOB message in json mode
[NX v22.5.1 Daemon Server] - 2026-02-19T00:09:59.488Z - Responding to HASH_GLOB message
[NX v22.5.1 Daemon Server] - 2026-02-19T00:09:59.488Z - [REQUEST]: Responding to the client. handleHashGlob
[NX v22.5.1 Daemon Server] - 2026-02-19T00:09:59.489Z - Done responding to the client handleHashGlob
[NX v22.5.1 Daemon Server] - 2026-02-19T00:09:59.489Z - Handled json message HASH_GLOB. Handling time: 4. Response time: 1.
[NX v22.5.1 Daemon Client] - 2026-02-19T00:09:59.489Z - [Messenger] Received message, length: 21
Time for 'daemon-message-serialization-GLOB' 0.2882579999998143
Time for 'daemon-message-serialization-HASH_GLOB' 0.37968399999999747
[NX v22.5.1 Daemon Server] - 2026-02-19T00:09:59.493Z - Received raw message of length 73
[NX v22.5.1 Daemon Server] - 2026-02-19T00:09:59.493Z - Received json message of type GLOB
[NX v22.5.1 Daemon Server] - 2026-02-19T00:09:59.497Z - Serializing response for GLOB message in json mode
[NX v22.5.1 Daemon Server] - 2026-02-19T00:09:59.497Z - Responding to GLOB message
[NX v22.5.1 Daemon Server] - 2026-02-19T00:09:59.497Z - [REQUEST]: Responding to the client. handleGlob
[NX v22.5.1 Daemon Server] - 2026-02-19T00:09:59.497Z - Done responding to the client handleGlob
[NX v22.5.1 Daemon Server] - 2026-02-19T00:09:59.497Z - Handled json message GLOB. Handling time: 4. Response time: 0.
[NX v22.5.1 Daemon Server] - 2026-02-19T00:09:59.497Z - Received raw message of length 57
[NX v22.5.1 Daemon Server] - 2026-02-19T00:09:59.497Z - Received json message of type HASH_GLOB
[NX v22.5.1 Daemon Client] - 2026-02-19T00:09:59.498Z - [Messenger] Received message, length: 6441
[NX v22.5.1 Daemon Server] - 2026-02-19T00:09:59.502Z - Serializing response for HASH_GLOB message in json mode
[NX v22.5.1 Daemon Server] - 2026-02-19T00:09:59.502Z - Responding to HASH_GLOB message
[NX v22.5.1 Daemon Server] - 2026-02-19T00:09:59.502Z - [REQUEST]: Responding to the client. handleHashGlob
[NX v22.5.1 Daemon Server] - 2026-02-19T00:09:59.502Z - Done responding to the client handleHashGlob
[NX v22.5.1 Daemon Server] - 2026-02-19T00:09:59.502Z - Handled json message HASH_GLOB. Handling time: 4. Response time: 0.
Time for 'nx/js/dependencies-and-lockfile:createNodes' 244.37491499999987
[NX v22.5.1 Daemon Client] - 2026-02-19T00:09:59.502Z - [Messenger] Sending message type: HASH_MULTI_GLOB
[NX v22.5.1 Daemon Server] - 2026-02-19T00:09:59.503Z - Received raw message of length 867
[NX v22.5.1 Daemon Server] - 2026-02-19T00:09:59.503Z - Received json message of type HASH_MULTI_GLOB
[NX v22.5.1 Daemon Client] - 2026-02-19T00:09:59.504Z - [Messenger] Message sent
[NX v22.5.1 Daemon Client] - 2026-02-19T00:09:59.505Z - [Messenger] Received message, length: 20
[NX v22.5.1 Daemon Server] - 2026-02-19T00:09:59.518Z - Serializing response for HASH_GLOB message in json mode
[NX v22.5.1 Daemon Server] - 2026-02-19T00:09:59.518Z - Responding to HASH_GLOB message
[NX v22.5.1 Daemon Server] - 2026-02-19T00:09:59.518Z - [REQUEST]: Responding to the client. handleHashMultiGlob
[NX v22.5.1 Daemon Server] - 2026-02-19T00:09:59.518Z - Done responding to the client handleHashMultiGlob
[NX v22.5.1 Daemon Server] - 2026-02-19T00:09:59.518Z - Handled json message HASH_GLOB. Handling time: 15. Response time: 0.
Time for 'GLOB round trip' 238.81434400000012
Time for 'deserialize daemon response - GLOB' 0.15233500000022104
Time for 'daemon-message-serialization-HASH_MULTI_GLOB' 0.06311300000015763
[NX v22.5.1 Daemon Client] - 2026-02-19T00:09:59.520Z - [Messenger] Received message, length: 264
[NX v22.5.1 Daemon Server] - 2026-02-19T00:09:59.528Z - Closed a connection. Number of open connections: 7
Time for 'HASH_MULTI_GLOB round trip' 19.39880200000016
Time for 'deserialize daemon response - HASH_MULTI_GLOB' 0.0460190000003422
[NX v22.5.1 Daemon Client] - 2026-02-19T00:10:00.470Z - [Messenger] Sending message type: HASH_GLOB
[NX v22.5.1 Daemon Client] - 2026-02-19T00:10:00.470Z - [Messenger] Message sent
[NX v22.5.1 Daemon Server] - 2026-02-19T00:10:00.471Z - Received raw message of length 64
[NX v22.5.1 Daemon Server] - 2026-02-19T00:10:00.472Z - Received json message of type HASH_GLOB
[NX v22.5.1 Daemon Server] - 2026-02-19T00:10:00.474Z - Serializing response for HASH_GLOB message in json mode
[NX v22.5.1 Daemon Server] - 2026-02-19T00:10:00.474Z - Responding to HASH_GLOB message
[NX v22.5.1 Daemon Server] - 2026-02-19T00:10:00.474Z - [REQUEST]: Responding to the client. handleHashGlob
[NX v22.5.1 Daemon Server] - 2026-02-19T00:10:00.474Z - Done responding to the client handleHashGlob
[NX v22.5.1 Daemon Server] - 2026-02-19T00:10:00.475Z - Handled json message HASH_GLOB. Handling time: 2. Response time: 1.
Time for 'HASH_GLOB round trip' 222.14466199999993
Time for 'deserialize daemon response - HASH_GLOB' 0.16037099999994098
[NX v22.5.1 Daemon Client] - 2026-02-19T00:10:00.483Z - [Messenger] Received message, length: 21
Time for 'daemon-message-serialization-HASH_GLOB' 0.05721900000025926
[NX v22.5.1 Daemon Server] - 2026-02-19T00:10:00.560Z - Closed a connection. Number of open connections: 6
[NX v22.5.1 Daemon Server] - 2026-02-19T00:10:00.876Z - Closed a connection. Number of open connections: 5
[NX v22.5.1 Daemon Client] - 2026-02-19T00:10:02.953Z - [Messenger] Sending message type: HASH_GLOB
[NX v22.5.1 Daemon Server] - 2026-02-19T00:10:02.954Z - Received raw message of length 68
[NX v22.5.1 Daemon Server] - 2026-02-19T00:10:02.954Z - Received json message of type HASH_GLOB
[NX v22.5.1 Daemon Client] - 2026-02-19T00:10:02.954Z - [Messenger] Message sent
[NX v22.5.1 Daemon Server] - 2026-02-19T00:10:02.956Z - Serializing response for HASH_GLOB message in json mode
[NX v22.5.1 Daemon Server] - 2026-02-19T00:10:02.956Z - Responding to HASH_GLOB message
[NX v22.5.1 Daemon Server] - 2026-02-19T00:10:02.956Z - [REQUEST]: Responding to the client. handleHashGlob
[NX v22.5.1 Daemon Server] - 2026-02-19T00:10:02.956Z - Done responding to the client handleHashGlob
[NX v22.5.1 Daemon Server] - 2026-02-19T00:10:02.956Z - Handled json message HASH_GLOB. Handling time: 2. Response time: 0.
Time for 'HASH_GLOB round trip' 243.97544000000016
Time for 'deserialize daemon response - HASH_GLOB' 0.1670830000002752
Time for 'daemon-message-serialization-HASH_GLOB' 0.052902000000358385
[NX v22.5.1 Daemon Client] - 2026-02-19T00:10:02.961Z - [Messenger] Received message, length: 21
[NX v22.5.1 Daemon Client] - 2026-02-19T00:10:02.983Z - [Messenger] Sending message type: GET_FILES_IN_DIRECTORY
[NX v22.5.1 Daemon Client] - 2026-02-19T00:10:02.986Z - [Messenger] Message sent
[NX v22.5.1 Daemon Server] - 2026-02-19T00:10:02.988Z - Received raw message of length 60
[NX v22.5.1 Daemon Server] - 2026-02-19T00:10:02.988Z - Received json message of type GET_FILES_IN_DIRECTORY
[NX v22.5.1 Daemon Server] - 2026-02-19T00:10:02.988Z - Serializing response for GET_FILES_IN_DIRECTORY message in json mode
[NX v22.5.1 Daemon Server] - 2026-02-19T00:10:02.989Z - Responding to GET_FILES_IN_DIRECTORY message
[NX v22.5.1 Daemon Server] - 2026-02-19T00:10:02.989Z - [REQUEST]: Responding to the client. handleNxWorkspaceFiles
[NX v22.5.1 Daemon Server] - 2026-02-19T00:10:02.989Z - Done responding to the client handleNxWorkspaceFiles
[NX v22.5.1 Daemon Server] - 2026-02-19T00:10:02.989Z - Handled json message GET_FILES_IN_DIRECTORY. Handling time: 0. Response time: 1.
[NX v22.5.1 Daemon Client] - 2026-02-19T00:10:03.018Z - [Messenger] Received message, length: 38
(node:88246) [DEP0180] DeprecationWarning: fs.Stats constructor is deprecated.
(Use `node --trace-deprecation ...` to show where the warning was created)
Time for 'HASH_GLOB round trip' 8.570036000000073
Time for 'deserialize daemon response - HASH_GLOB' 0.053119999999580614
Time for 'daemon-message-serialization-GET_FILES_IN_DIRECTORY' 0.03405899999961548
[NX v22.5.1 Daemon Client] - 2026-02-19T00:10:03.036Z - [Messenger] Sending message type: GET_FILES_IN_DIRECTORY
[NX v22.5.1 Daemon Client] - 2026-02-19T00:10:03.036Z - [Messenger] Message sent
[NX v22.5.1 Daemon Server] - 2026-02-19T00:10:03.039Z - Received raw message of length 65
[NX v22.5.1 Daemon Server] - 2026-02-19T00:10:03.039Z - Received json message of type GET_FILES_IN_DIRECTORY
[NX v22.5.1 Daemon Server] - 2026-02-19T00:10:03.040Z - Serializing response for GET_FILES_IN_DIRECTORY message in json mode
[NX v22.5.1 Daemon Server] - 2026-02-19T00:10:03.040Z - Responding to GET_FILES_IN_DIRECTORY message
[NX v22.5.1 Daemon Server] - 2026-02-19T00:10:03.040Z - [REQUEST]: Responding to the client. handleNxWorkspaceFiles
[NX v22.5.1 Daemon Server] - 2026-02-19T00:10:03.040Z - Done responding to the client handleNxWorkspaceFiles
[NX v22.5.1 Daemon Server] - 2026-02-19T00:10:03.040Z - Handled json message GET_FILES_IN_DIRECTORY. Handling time: 1. Response time: 0.
Time for 'GET_FILES_IN_DIRECTORY round trip' 34.84272899999996
Time for 'deserialize daemon response - GET_FILES_IN_DIRECTORY' 0.02921799999967334
Time for 'daemon-message-serialization-GET_FILES_IN_DIRECTORY' 0.042145999999775086
[NX v22.5.1 Daemon Client] - 2026-02-19T00:10:03.041Z - [Messenger] Received message, length: 43
[NX v22.5.1 Daemon Server] - 2026-02-19T00:10:03.224Z - Time taken for 'build-project-configs' 3940.436731ms
[NX v22.5.1 Daemon Server] - 2026-02-19T00:10:03.229Z - Closed a connection. Number of open connections: 4
[NX v22.5.1 Daemon Server] - 2026-02-19T00:10:03.229Z - Closed a connection. Number of open connections: 3
[NX v22.5.1 Daemon Server] - 2026-02-19T00:10:03.853Z - [SYNC]: collect registered sync generators
[NX v22.5.1 Daemon Server] - 2026-02-19T00:10:03.866Z - Wrote project graph cache to /home/poukam-tech/project/marizona/.nx/workspace-data/project-graph.json
[NX v22.5.1 Daemon Server] - 2026-02-19T00:10:03.867Z - Serializing response for PROJECT_GRAPH_UPDATED message in json mode
[NX v22.5.1 Daemon Server] - 2026-02-19T00:10:03.873Z - Responding to PROJECT_GRAPH_UPDATED message
[NX v22.5.1 Daemon Server] - 2026-02-19T00:10:03.873Z - [REQUEST]: Responding to the client. Project graph updated
[NX v22.5.1 Daemon Server] - 2026-02-19T00:10:03.875Z - Serializing response for REQUEST_PROJECT_GRAPH message in json mode
[NX v22.5.1 Daemon Server] - 2026-02-19T00:10:03.875Z - Responding to REQUEST_PROJECT_GRAPH message
[NX v22.5.1 Daemon Server] - 2026-02-19T00:10:03.875Z - [REQUEST]: Responding to the client. project-graph
[NX v22.5.1 Daemon Server] - 2026-02-19T00:10:03.877Z - Time taken for 'total for creating and serializing project graph' 6254.067128000001ms
[NX v22.5.1 Daemon Server] - 2026-02-19T00:10:03.882Z - Done responding to the client Project graph updated
[NX v22.5.1 Daemon Server] - 2026-02-19T00:10:03.882Z - Handled json message PROJECT_GRAPH_UPDATED. Handling time: 13. Response time: 15.
[NX v22.5.1 Daemon Client] - 2026-02-19T00:10:03.884Z - [Messenger] Received message, length: 1382557
[NX v22.5.1 Daemon Server] - 2026-02-19T00:10:03.900Z - Done responding to the client project-graph
[NX v22.5.1 Daemon Server] - 2026-02-19T00:10:03.900Z - Handled json message REQUEST_PROJECT_GRAPH. Handling time: 6255. Response time: 25.
[NX v22.5.1 Daemon Client] - 2026-02-19T00:10:03.901Z - [Messenger] Received message, length: 1382564
[NX v22.5.1 Daemon Client] - 2026-02-19T00:10:03.922Z - [Messenger] Sending message type: GET_CONTEXT_FILE_DATA
[NX v22.5.1 Daemon Client] - 2026-02-19T00:10:03.922Z - [Messenger] Message sent
[NX v22.5.1 Daemon Server] - 2026-02-19T00:10:03.924Z - Received raw message of length 32
[NX v22.5.1 Daemon Server] - 2026-02-19T00:10:03.924Z - Received json message of type GET_CONTEXT_FILE_DATA
[NX v22.5.1 Daemon Server] - 2026-02-19T00:10:03.926Z - Serializing response for GET_CONTEXT_FILE_DATA message in json mode
[NX v22.5.1 Daemon Server] - 2026-02-19T00:10:03.926Z - Responding to GET_CONTEXT_FILE_DATA message
[NX v22.5.1 Daemon Server] - 2026-02-19T00:10:03.926Z - [REQUEST]: Responding to the client. handleContextFileData
[NX v22.5.1 Daemon Server] - 2026-02-19T00:10:03.926Z - Done responding to the client handleContextFileData
[NX v22.5.1 Daemon Server] - 2026-02-19T00:10:03.926Z - Handled json message GET_CONTEXT_FILE_DATA. Handling time: 1. Response time: 0.
[NX v22.5.1 Daemon Client] - 2026-02-19T00:10:03.927Z - [Messenger] Received message, length: 19405
[NX v22.5.1 Daemon Client] - 2026-02-19T00:10:04.260Z - [Messenger] Sending message type: REGISTER_PROJECT_GRAPH_LISTENER
[NX v22.5.1 Daemon Client] - 2026-02-19T00:10:04.260Z - [Messenger] Message sent
[NX v22.5.1 Daemon Server] - 2026-02-19T00:10:04.260Z - Established a connection. Number of open connections: 4
[NX v22.5.1 Daemon Server] - 2026-02-19T00:10:04.260Z - Received raw message of length 42
[NX v22.5.1 Daemon Server] - 2026-02-19T00:10:04.261Z - Received json message of type REGISTER_PROJECT_GRAPH_LISTENER
[NX v22.5.1 Daemon Server] - 2026-02-19T00:10:04.261Z - Closed a connection. Number of open connections: 3
[NX v22.5.1 Daemon Client] - 2026-02-19T00:10:04.261Z - [Messenger] Sending message type: REGISTER_PROJECT_GRAPH_LISTENER
[NX v22.5.1 Daemon Client] - 2026-02-19T00:10:04.261Z - [Messenger] Message sent
[NX v22.5.1 Daemon Server] - 2026-02-19T00:10:04.263Z - Established a connection. Number of open connections: 4
[NX v22.5.1 Daemon Server] - 2026-02-19T00:10:04.263Z - Received raw message of length 42
[NX v22.5.1 Daemon Server] - 2026-02-19T00:10:04.263Z - Received json message of type REGISTER_PROJECT_GRAPH_LISTENER
[NX v22.5.1 Daemon Server] - 2026-02-19T00:10:04.264Z - Closed a connection. Number of open connections: 3
[NX v22.5.1 Daemon Server] - 2026-02-19T00:10:23.638Z - [Server] lock file hash changed! old=17937934908367784034, new=8349391967066556420
[NX v22.5.1 Daemon Server] - 2026-02-19T00:10:23.640Z - [Server] Daemon outdated: LOCK_FILES_CHANGED
[NX v22.5.1 Daemon Server] - 2026-02-19T00:10:23.640Z - [Server] Restarting daemon...
[NX v22.5.1 Daemon Server] - 2026-02-19T00:10:23.642Z - Restarting daemon with script: /home/poukam-tech/project/marizona/node_modules/nx/src/daemon/server/start.js
[NX v22.5.1 Daemon Server] - 2026-02-19T00:10:23.642Z - Old daemon __dirname: /home/poukam-tech/project/marizona/node_modules/nx/src/daemon/server
[NX v22.5.1 Daemon Server] - 2026-02-19T00:10:23.642Z - Current process.execPath: /home/poukam-tech/.nvm/versions/node/v22.21.1/bin/node
[NX v22.5.1 Daemon Server] - 2026-02-19T00:10:23.649Z - Started new daemon process in background
[NX v22.5.1 Daemon Server] - 2026-02-19T00:10:23.651Z - Closed a connection. Number of open connections: 2
[NX v22.5.1 Daemon Server] - 2026-02-19T00:10:23.651Z - Closed a connection. Number of open connections: 1
[NX v22.5.1 Daemon Server] - 2026-02-19T00:10:23.651Z - Closed a connection. Number of open connections: 0
[NX v22.5.1 Daemon Client] - 2026-02-19T00:10:23.652Z - [FileWatcher] Starting reconnection for 1 callbacks
[NX v22.5.1 Daemon Client] - 2026-02-19T00:10:23.652Z - [Client] Waiting for server (max: 6000 attempts, 10ms interval)
[NX v22.5.1 Daemon Client] - 2026-02-19T00:10:23.652Z - [ProjectGraphListener] Starting reconnection for 3 callbacks
[NX v22.5.1 Daemon Client] - 2026-02-19T00:10:23.652Z - [Client] Waiting for server (max: 6000 attempts, 10ms interval)
[NX v22.5.1 Daemon Server] - 2026-02-19T00:10:23.654Z - [WATCHER]: Stopping the watcher for /home/poukam-tech/project/marizona (sources)
[NX v22.5.1 Daemon Server] - 2026-02-19T00:10:23.655Z - [WATCHER]: Stopping the watcher for /home/poukam-tech/project/marizona (outputs)
[NX v22.5.1 Daemon Server] - 2026-02-19T00:10:23.655Z - [NX-CONSOLE]: Cleaning up latest Nx installation from /tmp/tmp-88158-D6L546KdNG8N
[NX v22.5.1 Daemon Server] - 2026-02-19T00:10:23.656Z - Server stopped because: "LOCK_FILES_CHANGED"
[NX v22.5.1 Daemon Server] - 2026-02-19T00:10:24.056Z - New daemon starting from: /home/poukam-tech/project/marizona/node_modules/nx/src/daemon/server/server.js
[NX v22.5.1 Daemon Server] - 2026-02-19T00:10:24.058Z - New daemon __dirname: /home/poukam-tech/project/marizona/node_modules/nx/src/daemon/server
[NX v22.5.1 Daemon Server] - 2026-02-19T00:10:24.058Z - New daemon nxVersion: 22.5.1
[NX v22.5.1 Daemon Server] - 2026-02-19T00:10:24.059Z - New daemon getInstalledNxVersion(): 22.5.1
[NX v22.5.1 Daemon Server] - 2026-02-19T00:10:24.063Z - [Server] Starting outdated check interval (20ms)
[NX v22.5.1 Daemon Server] - 2026-02-19T00:10:24.065Z - Started listening on: /tmp/a29023700b3804d1e82b/d.sock
[NX v22.5.1 Daemon Server] - 2026-02-19T00:10:24.067Z - [WATCHER]: Subscribed to changes within: /home/poukam-tech/project/marizona (native)
[NX v22.5.1 Daemon Server] - 2026-02-19T00:10:24.069Z - [NX-CONSOLE]: Pulling latest Nx (latest) to check console status...
Fetching nx...
[NX v22.5.1 Daemon Client] - 2026-02-19T00:10:24.073Z - [Client] Server available after 34 attempts
[NX v22.5.1 Daemon Client] - 2026-02-19T00:10:24.073Z - [Messenger] Setting up socket listeners
[NX v22.5.1 Daemon Client] - 2026-02-19T00:10:24.073Z - [Messenger] listen() complete
[NX v22.5.1 Daemon Client] - 2026-02-19T00:10:24.074Z - [Messenger] Sending message type: REGISTER_PROJECT_GRAPH_LISTENER
[NX v22.5.1 Daemon Client] - 2026-02-19T00:10:24.074Z - [Messenger] Message sent
[NX v22.5.1 Daemon Client] - 2026-02-19T00:10:24.074Z - [ProjectGraphListener] Reconnected successfully
[NX v22.5.1 Daemon Client] - 2026-02-19T00:10:24.081Z - [Client] Server available after 31 attempts
[NX v22.5.1 Daemon Client] - 2026-02-19T00:10:24.081Z - [Messenger] Setting up socket listeners
[NX v22.5.1 Daemon Client] - 2026-02-19T00:10:24.081Z - [Messenger] listen() complete
[NX v22.5.1 Daemon Client] - 2026-02-19T00:10:24.081Z - [Messenger] Sending message type: REGISTER_FILE_WATCHER
[NX v22.5.1 Daemon Client] - 2026-02-19T00:10:24.081Z - [Messenger] Message sent
[NX v22.5.1 Daemon Client] - 2026-02-19T00:10:24.081Z - [FileWatcher] Reconnected successfully
[NX v22.5.1 Daemon Client] - 2026-02-19T00:10:24.104Z - [Messenger] Setting up socket listeners
[NX v22.5.1 Daemon Client] - 2026-02-19T00:10:24.104Z - [Messenger] listen() complete
[NX v22.5.1 Daemon Client] - 2026-02-19T00:10:24.104Z - [Messenger] Sending message type: REQUEST_PROJECT_GRAPH
[NX v22.5.1 Daemon Client] - 2026-02-19T00:10:24.104Z - [Messenger] Message sent
[NX v22.5.1 Daemon Server] - 2026-02-19T00:10:24.115Z - Established a connection. Number of open connections: 1
[NX v22.5.1 Daemon Server] - 2026-02-19T00:10:24.123Z - Established a connection. Number of open connections: 2
[NX v22.5.1 Daemon Server] - 2026-02-19T00:10:24.133Z - Closed a connection. Number of open connections: 1
[NX v22.5.1 Daemon Server] - 2026-02-19T00:10:24.135Z - Established a connection. Number of open connections: 2
[NX v22.5.1 Daemon Server] - 2026-02-19T00:10:24.139Z - Received raw message of length 42
[NX v22.5.1 Daemon Server] - 2026-02-19T00:10:24.139Z - Received json message of type REGISTER_PROJECT_GRAPH_LISTENER
[NX v22.5.1 Daemon Server] - 2026-02-19T00:10:24.140Z - Established a connection. Number of open connections: 3
[NX v22.5.1 Daemon Server] - 2026-02-19T00:10:24.140Z - Closed a connection. Number of open connections: 2
[NX v22.5.1 Daemon Server] - 2026-02-19T00:10:24.141Z - Established a connection. Number of open connections: 3
[NX v22.5.1 Daemon Server] - 2026-02-19T00:10:24.147Z - Received raw message of length 99
[NX v22.5.1 Daemon Server] - 2026-02-19T00:10:24.147Z - Received json message of type REGISTER_FILE_WATCHER
[NX v22.5.1 Daemon Server] - 2026-02-19T00:10:24.148Z - Established a connection. Number of open connections: 4
[NX v22.5.1 Daemon Server] - 2026-02-19T00:10:24.152Z - Closed a connection. Number of open connections: 3
[NX v22.5.1 Daemon Server] - 2026-02-19T00:10:24.156Z - Established a connection. Number of open connections: 4
[NX v22.5.1 Daemon Server] - 2026-02-19T00:10:24.160Z - Closed a connection. Number of open connections: 3
[NX v22.5.1 Daemon Server] - 2026-02-19T00:10:24.162Z - Received raw message of length 32
[NX v22.5.1 Daemon Server] - 2026-02-19T00:10:24.162Z - Received json message of type REQUEST_PROJECT_GRAPH
[NX v22.5.1 Daemon Server] - 2026-02-19T00:10:24.167Z - [REQUEST]: Client Request for Project Graph Received
[NX v22.5.1 Daemon Server] - 2026-02-19T00:10:24.444Z - Time taken for 'start-plugin-worker:/home/poukam-tech/project/marizona/node_modules/nx/src/plugins/js' 242.95617300000004ms
Time for 'plugin worker 88954 code loading' 77.73232000000002
[NX v22.5.1 Daemon Server] - 2026-02-19T00:10:24.478Z - Time taken for 'start-plugin-worker:@nx/playwright/plugin' 225.665572ms
Time for 'plugin worker 88966 code loading' 62.344847
Time for 'plugin worker 88956 code loading' 88.67506800000001
[NX v22.5.1 Daemon Server] - 2026-02-19T00:10:24.542Z - Time taken for 'start-plugin-worker:/home/poukam-tech/project/marizona/node_modules/nx/src/plugins/package-json' 331.34516699999995ms
Time for 'plugin worker 88983 code loading' 86.83723800000001
[NX v22.5.1 Daemon Server] - 2026-02-19T00:10:24.611Z - Time taken for 'start-plugin-worker:@nx/eslint/plugin' 314.931521ms
[NX v22.5.1 Daemon Server] - 2026-02-19T00:10:24.642Z - Time taken for 'start-plugin-worker:@nx/jest/plugin' 328.8686650000001ms
Time for 'plugin worker 88963 code loading' 132.62251799999999
Time for 'plugin worker 88991 code loading' 80.23017900000002
[NX v22.5.1 Daemon Server] - 2026-02-19T00:10:24.668Z - Time taken for 'start-plugin-worker:/home/poukam-tech/project/marizona/node_modules/nx/src/plugins/project-json/build-nodes/project-json' 441.378882ms
Time for 'plugin worker 88964 code loading' 99.03796299999996
Time for 'plugin worker 88976 code loading' 84.91820100000001
[NX v22.5.1 Daemon Server] - 2026-02-19T00:10:24.717Z - Time taken for 'start-plugin-worker:@nx/webpack/plugin' 450.117125ms
[NX v22.5.1 Daemon Server] - 2026-02-19T00:10:25.357Z - [NX-CONSOLE]: Successfully pulled latest Nx to /tmp/tmp-88875-CEYbUen7zPtU
[NX v22.5.1 Daemon Server] - 2026-02-19T00:10:25.817Z - [NX-CONSOLE]: Using local implementation (NX_USE_LOCAL=true or inner call)
DEBUG nx::native::ide::install: Detected editor: Unknown
[NX v22.5.1 Daemon Server] - 2026-02-19T00:10:25.817Z - [NX-CONSOLE]: Console status check completed, shouldPrompt: false
[NX v22.5.1 Daemon Server] - 2026-02-19T00:10:25.927Z - Time taken for 'Load Nx Plugin: /home/poukam-tech/project/marizona/node_modules/nx/src/plugins/package-json' 1747.526585ms
[NX v22.5.1 Daemon Server] - 2026-02-19T00:10:26.074Z - Time taken for 'Load Nx Plugin: @nx/jest/plugin' 1884.896695ms
[NX v22.5.1 Daemon Server] - 2026-02-19T00:10:26.238Z - Time taken for 'loadDefaultNxPlugins' 2065.901086ms
[NX v22.5.1 Daemon Server] - 2026-02-19T00:10:26.384Z - Time taken for 'Load Nx Plugin: @nx/webpack/plugin' 2195.631738ms
[NX v22.5.1 Daemon Server] - 2026-02-19T00:10:26.413Z - Time taken for 'Load Nx Plugin: @nx/next/plugin' 2233.076322ms
[NX v22.5.1 Daemon Server] - 2026-02-19T00:10:26.533Z - Time taken for 'Load Nx Plugin: @nx/playwright/plugin' 2344.763323ms
[NX v22.5.1 Daemon Server] - 2026-02-19T00:10:26.582Z - [REQUEST]: Updated workspace context based on watched changes, recomputing project graph...
[NX v22.5.1 Daemon Server] - 2026-02-19T00:10:26.582Z - [REQUEST]: 
[NX v22.5.1 Daemon Server] - 2026-02-19T00:10:26.582Z - [REQUEST]: 
[NX v22.5.1 Daemon Server] - 2026-02-19T00:10:26.588Z - No files changed, but no in-memory cached project graph found. Recomputing it...
[NX v22.5.1 Daemon Server] - 2026-02-19T00:10:26.612Z - Time taken for 'loadSpecifiedNxPlugins' 2401.465385ms
[NX v22.5.1 Daemon Server] - 2026-02-19T00:10:26.621Z - Established a connection. Number of open connections: 4
[NX v22.5.1 Daemon Server] - 2026-02-19T00:10:26.621Z - Established a connection. Number of open connections: 5
[NX v22.5.1 Daemon Client] - 2026-02-19T00:10:26.623Z - [Messenger] Setting up socket listeners
[NX v22.5.1 Daemon Client] - 2026-02-19T00:10:26.623Z - [Messenger] listen() complete
[NX v22.5.1 Daemon Client] - 2026-02-19T00:10:26.624Z - [Messenger] Sending message type: HASH_GLOB
[NX v22.5.1 Daemon Server] - 2026-02-19T00:10:26.625Z - Established a connection. Number of open connections: 6
[NX v22.5.1 Daemon Server] - 2026-02-19T00:10:26.625Z - Closed a connection. Number of open connections: 5
[NX v22.5.1 Daemon Server] - 2026-02-19T00:10:26.625Z - Established a connection. Number of open connections: 6
[NX v22.5.1 Daemon Server] - 2026-02-19T00:10:26.626Z - Established a connection. Number of open connections: 7
[NX v22.5.1 Daemon Server] - 2026-02-19T00:10:26.626Z - Closed a connection. Number of open connections: 6
[NX v22.5.1 Daemon Server] - 2026-02-19T00:10:26.626Z - Established a connection. Number of open connections: 7
[NX v22.5.1 Daemon Server] - 2026-02-19T00:10:26.627Z - Closed a connection. Number of open connections: 6
[NX v22.5.1 Daemon Client] - 2026-02-19T00:10:26.628Z - [Messenger] Message sent
[NX v22.5.1 Daemon Client] - 2026-02-19T00:10:26.627Z - [Messenger] Setting up socket listeners
[NX v22.5.1 Daemon Client] - 2026-02-19T00:10:26.628Z - [Messenger] listen() complete
[NX v22.5.1 Daemon Client] - 2026-02-19T00:10:26.629Z - [Messenger] Sending message type: GLOB
[NX v22.5.1 Daemon Server] - 2026-02-19T00:10:26.630Z - Closed a connection. Number of open connections: 5
[NX v22.5.1 Daemon Client] - 2026-02-19T00:10:26.630Z - [Messenger] Setting up socket listeners
[NX v22.5.1 Daemon Client] - 2026-02-19T00:10:26.630Z - [Messenger] listen() complete
[NX v22.5.1 Daemon Server] - 2026-02-19T00:10:26.630Z - Established a connection. Number of open connections: 6
[NX v22.5.1 Daemon Server] - 2026-02-19T00:10:26.631Z - Established a connection. Number of open connections: 7
[NX v22.5.1 Daemon Client] - 2026-02-19T00:10:26.631Z - [Messenger] Sending message type: HASH_GLOB
[NX v22.5.1 Daemon Client] - 2026-02-19T00:10:26.631Z - [Messenger] Setting up socket listeners
[NX v22.5.1 Daemon Client] - 2026-02-19T00:10:26.632Z - [Messenger] listen() complete
[NX v22.5.1 Daemon Client] - 2026-02-19T00:10:26.632Z - [Messenger] Message sent
[NX v22.5.1 Daemon Client] - 2026-02-19T00:10:26.632Z - [Messenger] Sending message type: HASH_GLOB
[NX v22.5.1 Daemon Client] - 2026-02-19T00:10:26.633Z - [Messenger] Message sent
[NX v22.5.1 Daemon Client] - 2026-02-19T00:10:26.633Z - [Messenger] Message sent
[NX v22.5.1 Daemon Server] - 2026-02-19T00:10:26.644Z - Established a connection. Number of open connections: 8
[NX v22.5.1 Daemon Server] - 2026-02-19T00:10:26.645Z - Closed a connection. Number of open connections: 7
[NX v22.5.1 Daemon Server] - 2026-02-19T00:10:26.646Z - Established a connection. Number of open connections: 8
[NX v22.5.1 Daemon Client] - 2026-02-19T00:10:26.647Z - [Messenger] Setting up socket listeners
[NX v22.5.1 Daemon Client] - 2026-02-19T00:10:26.648Z - [Messenger] listen() complete
[NX v22.5.1 Daemon Client] - 2026-02-19T00:10:26.651Z - [Messenger] Sending message type: HASH_MULTI_GLOB
[NX v22.5.1 Daemon Client] - 2026-02-19T00:10:26.654Z - [Messenger] Message sent
Time for 'daemon-message-serialization-GLOB' 3.376303000000007
[NX v22.5.1 Daemon Server] - 2026-02-19T00:10:26.836Z - Received raw message of length 73
[NX v22.5.1 Daemon Server] - 2026-02-19T00:10:26.836Z - Received json message of type GLOB
[NX v22.5.1 Daemon Server] - 2026-02-19T00:10:26.839Z - Serializing response for GLOB message in json mode
[NX v22.5.1 Daemon Server] - 2026-02-19T00:10:26.839Z - Responding to GLOB message
[NX v22.5.1 Daemon Server] - 2026-02-19T00:10:26.840Z - [REQUEST]: Responding to the client. handleGlob
[NX v22.5.1 Daemon Server] - 2026-02-19T00:10:26.843Z - Done responding to the client handleGlob
[NX v22.5.1 Daemon Server] - 2026-02-19T00:10:26.844Z - Handled json message GLOB. Handling time: 3. Response time: 4.
Time for 'daemon-message-serialization-HASH_GLOB' 0.3093479999997726
[NX v22.5.1 Daemon Server] - 2026-02-19T00:10:26.844Z - Received raw message of length 59
[NX v22.5.1 Daemon Client] - 2026-02-19T00:10:26.844Z - [Messenger] Received message, length: 6441
[NX v22.5.1 Daemon Server] - 2026-02-19T00:10:26.844Z - Received json message of type HASH_GLOB
[NX v22.5.1 Daemon Server] - 2026-02-19T00:10:26.846Z - Serializing response for HASH_GLOB message in json mode
[NX v22.5.1 Daemon Server] - 2026-02-19T00:10:26.847Z - Responding to HASH_GLOB message
[NX v22.5.1 Daemon Server] - 2026-02-19T00:10:26.847Z - [REQUEST]: Responding to the client. handleHashGlob
[NX v22.5.1 Daemon Server] - 2026-02-19T00:10:26.847Z - Done responding to the client handleHashGlob
[NX v22.5.1 Daemon Client] - 2026-02-19T00:10:26.847Z - [Messenger] Received message, length: 22
[NX v22.5.1 Daemon Server] - 2026-02-19T00:10:26.848Z - Handled json message HASH_GLOB. Handling time: 2. Response time: 2.
[NX v22.5.1 Daemon Client] - 2026-02-19T00:10:26.851Z - [Messenger] Sending message type: HASH_MULTI_GLOB
[NX v22.5.1 Daemon Client] - 2026-02-19T00:10:26.852Z - [Messenger] Message sent
Time for 'daemon-message-serialization-HASH_GLOB' 3.360070999999607
[NX v22.5.1 Daemon Server] - 2026-02-19T00:10:26.852Z - Received raw message of length 63
[NX v22.5.1 Daemon Server] - 2026-02-19T00:10:26.853Z - Received json message of type HASH_GLOB
[NX v22.5.1 Daemon Server] - 2026-02-19T00:10:26.857Z - Serializing response for HASH_GLOB message in json mode
[NX v22.5.1 Daemon Server] - 2026-02-19T00:10:26.858Z - Responding to HASH_GLOB message
[NX v22.5.1 Daemon Server] - 2026-02-19T00:10:26.858Z - [REQUEST]: Responding to the client. handleHashGlob
[NX v22.5.1 Daemon Server] - 2026-02-19T00:10:26.858Z - Done responding to the client handleHashGlob
[NX v22.5.1 Daemon Server] - 2026-02-19T00:10:26.858Z - Handled json message HASH_GLOB. Handling time: 4. Response time: 1.
[NX v22.5.1 Daemon Server] - 2026-02-19T00:10:26.858Z - Received raw message of length 867
[NX v22.5.1 Daemon Server] - 2026-02-19T00:10:26.858Z - Received json message of type HASH_MULTI_GLOB
[NX v22.5.1 Daemon Client] - 2026-02-19T00:10:26.859Z - [Messenger] Received message, length: 21
[NX v22.5.1 Daemon Server] - 2026-02-19T00:10:26.870Z - Serializing response for HASH_GLOB message in json mode
[NX v22.5.1 Daemon Server] - 2026-02-19T00:10:26.870Z - Responding to HASH_GLOB message
[NX v22.5.1 Daemon Server] - 2026-02-19T00:10:26.870Z - [REQUEST]: Responding to the client. handleHashMultiGlob
[NX v22.5.1 Daemon Server] - 2026-02-19T00:10:26.870Z - Done responding to the client handleHashMultiGlob
[NX v22.5.1 Daemon Server] - 2026-02-19T00:10:26.870Z - Handled json message HASH_GLOB. Handling time: 12. Response time: 0.
[NX v22.5.1 Daemon Client] - 2026-02-19T00:10:26.871Z - [Messenger] Received message, length: 270
Time for 'GLOB round trip' 215.600191
Time for 'deserialize daemon response - GLOB' 0.17562999999972817
Time for 'daemon-message-serialization-HASH_MULTI_GLOB' 0.06399899999996705
Time for 'daemon-message-serialization-HASH_GLOB' 0.33911399999988134
[NX v22.5.1 Daemon Server] - 2026-02-19T00:10:26.876Z - Received raw message of length 57
[NX v22.5.1 Daemon Server] - 2026-02-19T00:10:26.876Z - Received json message of type HASH_GLOB
[NX v22.5.1 Daemon Server] - 2026-02-19T00:10:26.877Z - Serializing response for HASH_GLOB message in json mode
[NX v22.5.1 Daemon Server] - 2026-02-19T00:10:26.878Z - Responding to HASH_GLOB message
[NX v22.5.1 Daemon Server] - 2026-02-19T00:10:26.878Z - [REQUEST]: Responding to the client. handleHashGlob
[NX v22.5.1 Daemon Server] - 2026-02-19T00:10:26.878Z - Done responding to the client handleHashGlob
[NX v22.5.1 Daemon Server] - 2026-02-19T00:10:26.878Z - Handled json message HASH_GLOB. Handling time: 1. Response time: 1.
[NX v22.5.1 Daemon Client] - 2026-02-19T00:10:26.879Z - [Messenger] Received message, length: 21
Time for 'daemon-message-serialization-HASH_MULTI_GLOB' 2.8312260000002425
[NX v22.5.1 Daemon Server] - 2026-02-19T00:10:26.883Z - Received raw message of length 124
[NX v22.5.1 Daemon Server] - 2026-02-19T00:10:26.883Z - Received json message of type HASH_MULTI_GLOB
[NX v22.5.1 Daemon Server] - 2026-02-19T00:10:26.887Z - Serializing response for HASH_GLOB message in json mode
[NX v22.5.1 Daemon Server] - 2026-02-19T00:10:26.887Z - Responding to HASH_GLOB message
[NX v22.5.1 Daemon Server] - 2026-02-19T00:10:26.888Z - [REQUEST]: Responding to the client. handleHashMultiGlob
[NX v22.5.1 Daemon Server] - 2026-02-19T00:10:26.888Z - Done responding to the client handleHashMultiGlob
[NX v22.5.1 Daemon Server] - 2026-02-19T00:10:26.888Z - Handled json message HASH_GLOB. Handling time: 4. Response time: 1.
[NX v22.5.1 Daemon Client] - 2026-02-19T00:10:26.888Z - [Messenger] Received message, length: 92
Time for 'nx/js/dependencies-and-lockfile:createNodes' 311.67388800000026
[NX v22.5.1 Daemon Server] - 2026-02-19T00:10:26.954Z - Closed a connection. Number of open connections: 7
Time for 'HASH_MULTI_GLOB round trip' 20.152402000000166
Time for 'deserialize daemon response - HASH_MULTI_GLOB' 0.05585800000017116
[NX v22.5.1 Daemon Client] - 2026-02-19T00:10:27.982Z - [Messenger] Sending message type: HASH_GLOB
[NX v22.5.1 Daemon Client] - 2026-02-19T00:10:27.982Z - [Messenger] Message sent
[NX v22.5.1 Daemon Server] - 2026-02-19T00:10:27.983Z - Received raw message of length 64
[NX v22.5.1 Daemon Server] - 2026-02-19T00:10:27.984Z - Received json message of type HASH_GLOB
[NX v22.5.1 Daemon Server] - 2026-02-19T00:10:27.986Z - Serializing response for HASH_GLOB message in json mode
[NX v22.5.1 Daemon Server] - 2026-02-19T00:10:27.986Z - Responding to HASH_GLOB message
[NX v22.5.1 Daemon Server] - 2026-02-19T00:10:27.986Z - [REQUEST]: Responding to the client. handleHashGlob
[NX v22.5.1 Daemon Server] - 2026-02-19T00:10:27.987Z - Done responding to the client handleHashGlob
[NX v22.5.1 Daemon Server] - 2026-02-19T00:10:27.987Z - Handled json message HASH_GLOB. Handling time: 2. Response time: 1.
Time for 'HASH_GLOB round trip' 215.55540599999995
Time for 'deserialize daemon response - HASH_GLOB' 0.17230700000027355
Time for 'daemon-message-serialization-HASH_GLOB' 0.049795000000358414
[NX v22.5.1 Daemon Client] - 2026-02-19T00:10:27.999Z - [Messenger] Received message, length: 22
[NX v22.5.1 Daemon Server] - 2026-02-19T00:10:28.062Z - Closed a connection. Number of open connections: 6
[NX v22.5.1 Daemon Server] - 2026-02-19T00:10:28.086Z - Closed a connection. Number of open connections: 5
[NX v22.5.1 Daemon Client] - 2026-02-19T00:10:29.556Z - [Messenger] Sending message type: HASH_GLOB
[NX v22.5.1 Daemon Client] - 2026-02-19T00:10:29.556Z - [Messenger] Message sent
[NX v22.5.1 Daemon Server] - 2026-02-19T00:10:29.557Z - Received raw message of length 68
[NX v22.5.1 Daemon Server] - 2026-02-19T00:10:29.557Z - Received json message of type HASH_GLOB
[NX v22.5.1 Daemon Server] - 2026-02-19T00:10:29.563Z - Serializing response for HASH_GLOB message in json mode
[NX v22.5.1 Daemon Server] - 2026-02-19T00:10:29.563Z - Responding to HASH_GLOB message
[NX v22.5.1 Daemon Server] - 2026-02-19T00:10:29.563Z - [REQUEST]: Responding to the client. handleHashGlob
[NX v22.5.1 Daemon Server] - 2026-02-19T00:10:29.563Z - Done responding to the client handleHashGlob
[NX v22.5.1 Daemon Server] - 2026-02-19T00:10:29.564Z - Handled json message HASH_GLOB. Handling time: 6. Response time: 1.
Time for 'HASH_GLOB round trip' 236.78052000000025
Time for 'deserialize daemon response - HASH_GLOB' 1.388061000000107
Time for 'daemon-message-serialization-HASH_GLOB' 0.0531089999994947
[NX v22.5.1 Daemon Client] - 2026-02-19T00:10:29.579Z - [Messenger] Received message, length: 21
(node:88966) [DEP0180] DeprecationWarning: fs.Stats constructor is deprecated.
(Use `node --trace-deprecation ...` to show where the warning was created)
[NX v22.5.1 Daemon Client] - 2026-02-19T00:10:29.643Z - [Messenger] Sending message type: GET_FILES_IN_DIRECTORY
[NX v22.5.1 Daemon Client] - 2026-02-19T00:10:29.643Z - [Messenger] Message sent
[NX v22.5.1 Daemon Server] - 2026-02-19T00:10:29.644Z - Received raw message of length 60
[NX v22.5.1 Daemon Server] - 2026-02-19T00:10:29.644Z - Received json message of type GET_FILES_IN_DIRECTORY
[NX v22.5.1 Daemon Server] - 2026-02-19T00:10:29.645Z - Serializing response for GET_FILES_IN_DIRECTORY message in json mode
[NX v22.5.1 Daemon Server] - 2026-02-19T00:10:29.645Z - Responding to GET_FILES_IN_DIRECTORY message
[NX v22.5.1 Daemon Server] - 2026-02-19T00:10:29.645Z - [REQUEST]: Responding to the client. handleNxWorkspaceFiles
[NX v22.5.1 Daemon Server] - 2026-02-19T00:10:29.645Z - Done responding to the client handleNxWorkspaceFiles
[NX v22.5.1 Daemon Server] - 2026-02-19T00:10:29.645Z - Handled json message GET_FILES_IN_DIRECTORY. Handling time: 1. Response time: 0.
[NX v22.5.1 Daemon Client] - 2026-02-19T00:10:29.648Z - [Messenger] Received message, length: 38
Time for 'HASH_GLOB round trip' 23.927259999999478
Time for 'deserialize daemon response - HASH_GLOB' 0.046591999999691325
Time for 'daemon-message-serialization-GET_FILES_IN_DIRECTORY' 0.0292330000002039
[NX v22.5.1 Daemon Client] - 2026-02-19T00:10:29.663Z - [Messenger] Sending message type: GET_FILES_IN_DIRECTORY
[NX v22.5.1 Daemon Client] - 2026-02-19T00:10:29.663Z - [Messenger] Message sent
[NX v22.5.1 Daemon Server] - 2026-02-19T00:10:29.664Z - Received raw message of length 65
[NX v22.5.1 Daemon Server] - 2026-02-19T00:10:29.665Z - Received json message of type GET_FILES_IN_DIRECTORY
[NX v22.5.1 Daemon Server] - 2026-02-19T00:10:29.665Z - Serializing response for GET_FILES_IN_DIRECTORY message in json mode
[NX v22.5.1 Daemon Server] - 2026-02-19T00:10:29.665Z - Responding to GET_FILES_IN_DIRECTORY message
[NX v22.5.1 Daemon Server] - 2026-02-19T00:10:29.665Z - [REQUEST]: Responding to the client. handleNxWorkspaceFiles
[NX v22.5.1 Daemon Server] - 2026-02-19T00:10:29.665Z - Done responding to the client handleNxWorkspaceFiles
[NX v22.5.1 Daemon Server] - 2026-02-19T00:10:29.665Z - Handled json message GET_FILES_IN_DIRECTORY. Handling time: 0. Response time: 0.
Time for 'GET_FILES_IN_DIRECTORY round trip' 5.186181000000033
Time for 'deserialize daemon response - GET_FILES_IN_DIRECTORY' 0.028342999999949825
Time for 'daemon-message-serialization-GET_FILES_IN_DIRECTORY' 0.029286999999385444
[NX v22.5.1 Daemon Client] - 2026-02-19T00:10:29.665Z - [Messenger] Received message, length: 43
[NX v22.5.1 Daemon Server] - 2026-02-19T00:10:29.764Z - Closed a connection. Number of open connections: 4
[NX v22.5.1 Daemon Server] - 2026-02-19T00:10:29.884Z - Time taken for 'build-project-configs' 3205.7046339999997ms
[NX v22.5.1 Daemon Server] - 2026-02-19T00:10:29.969Z - Closed a connection. Number of open connections: 3
Time for 'build typescript dependencies' 508.5445609999997
[NX v22.5.1 Daemon Server] - 2026-02-19T00:10:30.689Z - [SYNC]: collect registered sync generators
[NX v22.5.1 Daemon Server] - 2026-02-19T00:10:30.703Z - Wrote project graph cache to /home/poukam-tech/project/marizona/.nx/workspace-data/project-graph.json
[NX v22.5.1 Daemon Server] - 2026-02-19T00:10:30.703Z - Serializing response for PROJECT_GRAPH_UPDATED message in json mode
[NX v22.5.1 Daemon Server] - 2026-02-19T00:10:30.710Z - Responding to PROJECT_GRAPH_UPDATED message
[NX v22.5.1 Daemon Server] - 2026-02-19T00:10:30.710Z - [REQUEST]: Responding to the client. Project graph updated
[NX v22.5.1 Daemon Server] - 2026-02-19T00:10:30.712Z - Serializing response for REQUEST_PROJECT_GRAPH message in json mode
[NX v22.5.1 Daemon Server] - 2026-02-19T00:10:30.713Z - Responding to REQUEST_PROJECT_GRAPH message
[NX v22.5.1 Daemon Server] - 2026-02-19T00:10:30.713Z - [REQUEST]: Responding to the client. project-graph
[NX v22.5.1 Daemon Server] - 2026-02-19T00:10:30.715Z - Time taken for 'total for creating and serializing project graph' 6545.092179ms
[NX v22.5.1 Daemon Server] - 2026-02-19T00:10:30.721Z - Done responding to the client Project graph updated
[NX v22.5.1 Daemon Server] - 2026-02-19T00:10:30.721Z - Handled json message PROJECT_GRAPH_UPDATED. Handling time: 13. Response time: 18.
[NX v22.5.1 Daemon Client] - 2026-02-19T00:10:30.724Z - [Messenger] Received message, length: 1385148
[NX v22.5.1 Daemon Server] - 2026-02-19T00:10:30.740Z - Done responding to the client project-graph
[NX v22.5.1 Daemon Server] - 2026-02-19T00:10:30.740Z - Handled json message REQUEST_PROJECT_GRAPH. Handling time: 6550. Response time: 28.
[NX v22.5.1 Daemon Client] - 2026-02-19T00:10:30.748Z - [Messenger] Received message, length: 1385155
[NX v22.5.1 Daemon Client] - 2026-02-19T00:10:30.762Z - [Messenger] Sending message type: GET_CONTEXT_FILE_DATA
[NX v22.5.1 Daemon Client] - 2026-02-19T00:10:30.762Z - [Messenger] Message sent
[NX v22.5.1 Daemon Server] - 2026-02-19T00:10:30.762Z - Received raw message of length 32
[NX v22.5.1 Daemon Server] - 2026-02-19T00:10:30.762Z - Received json message of type GET_CONTEXT_FILE_DATA
[NX v22.5.1 Daemon Server] - 2026-02-19T00:10:30.764Z - Serializing response for GET_CONTEXT_FILE_DATA message in json mode
[NX v22.5.1 Daemon Server] - 2026-02-19T00:10:30.764Z - Responding to GET_CONTEXT_FILE_DATA message
[NX v22.5.1 Daemon Server] - 2026-02-19T00:10:30.764Z - [REQUEST]: Responding to the client. handleContextFileData
[NX v22.5.1 Daemon Server] - 2026-02-19T00:10:30.764Z - Done responding to the client handleContextFileData
[NX v22.5.1 Daemon Server] - 2026-02-19T00:10:30.764Z - Handled json message GET_CONTEXT_FILE_DATA. Handling time: 2. Response time: 0.
[NX v22.5.1 Daemon Client] - 2026-02-19T00:10:30.765Z - [Messenger] Received message, length: 19405
[NX v22.5.1 Daemon Server] - 2026-02-19T00:10:31.242Z - Established a connection. Number of open connections: 4
[NX v22.5.1 Daemon Server] - 2026-02-19T00:10:31.243Z - Established a connection. Number of open connections: 5
[NX v22.5.1 Daemon Server] - 2026-02-19T00:10:31.243Z - Established a connection. Number of open connections: 6
[NX v22.5.1 Daemon Server] - 2026-02-19T00:10:31.243Z - Established a connection. Number of open connections: 7
[NX v22.5.1 Daemon Client] - 2026-02-19T00:10:31.244Z - [Messenger] Sending message type: REGISTER_PROJECT_GRAPH_LISTENER
[NX v22.5.1 Daemon Client] - 2026-02-19T00:10:31.244Z - [Messenger] Message sent
[NX v22.5.1 Daemon Server] - 2026-02-19T00:10:31.244Z - Received raw message of length 42
[NX v22.5.1 Daemon Client] - 2026-02-19T00:10:31.244Z - [Messenger] Sending message type: REGISTER_PROJECT_GRAPH_LISTENER
[NX v22.5.1 Daemon Client] - 2026-02-19T00:10:31.245Z - [Messenger] Message sent
[NX v22.5.1 Daemon Client] - 2026-02-19T00:10:31.245Z - [Messenger] Sending message type: REGISTER_PROJECT_GRAPH_LISTENER
[NX v22.5.1 Daemon Client] - 2026-02-19T00:10:31.245Z - [Messenger] Message sent
[NX v22.5.1 Daemon Server] - 2026-02-19T00:10:31.246Z - Received json message of type REGISTER_PROJECT_GRAPH_LISTENER
[NX v22.5.1 Daemon Client] - 2026-02-19T00:10:31.246Z - [Messenger] Sending message type: REGISTER_PROJECT_GRAPH_LISTENER
[NX v22.5.1 Daemon Client] - 2026-02-19T00:10:31.246Z - [Messenger] Message sent
[NX v22.5.1 Daemon Server] - 2026-02-19T00:10:31.246Z - Closed a connection. Number of open connections: 6
[NX v22.5.1 Daemon Server] - 2026-02-19T00:10:31.246Z - Received raw message of length 42
[NX v22.5.1 Daemon Server] - 2026-02-19T00:10:31.247Z - Received json message of type REGISTER_PROJECT_GRAPH_LISTENER
[NX v22.5.1 Daemon Server] - 2026-02-19T00:10:31.247Z - Received raw message of length 42
[NX v22.5.1 Daemon Server] - 2026-02-19T00:10:31.247Z - Received json message of type REGISTER_PROJECT_GRAPH_LISTENER
[NX v22.5.1 Daemon Server] - 2026-02-19T00:10:31.247Z - Received raw message of length 42
[NX v22.5.1 Daemon Server] - 2026-02-19T00:10:31.247Z - Received json message of type REGISTER_PROJECT_GRAPH_LISTENER
[NX v22.5.1 Daemon Server] - 2026-02-19T00:10:31.248Z - Closed a connection. Number of open connections: 5
[NX v22.5.1 Daemon Server] - 2026-02-19T00:10:31.248Z - Closed a connection. Number of open connections: 4
[NX v22.5.1 Daemon Server] - 2026-02-19T00:10:31.248Z - Closed a connection. Number of open connections: 3
[NX v22.5.1 Daemon Server] - 2026-02-19T00:10:51.551Z - Established a connection. Number of open connections: 4
[NX v22.5.1 Daemon Server] - 2026-02-19T00:10:51.554Z - Closed a connection. Number of open connections: 3
[NX v22.5.1 Daemon Server] - 2026-02-19T00:10:51.555Z - Established a connection. Number of open connections: 4
[NX v22.5.1 Daemon Server] - 2026-02-19T00:10:51.556Z - Closed a connection. Number of open connections: 3
[NX v22.5.1 Daemon Server] - 2026-02-19T00:10:51.556Z - Established a connection. Number of open connections: 4
[NX v22.5.1 Daemon Client] - 2026-02-19T00:10:51.556Z - [Messenger] Setting up socket listeners
[NX v22.5.1 Daemon Client] - 2026-02-19T00:10:51.557Z - [Messenger] listen() complete
[NX v22.5.1 Daemon Client] - 2026-02-19T00:10:51.558Z - [Messenger] Sending message type: GET_NX_CONSOLE_STATUS
[NX v22.5.1 Daemon Client] - 2026-02-19T00:10:51.559Z - [Messenger] Message sent
[NX v22.5.1 Daemon Server] - 2026-02-19T00:10:51.640Z - Received raw message of length 32
[NX v22.5.1 Daemon Server] - 2026-02-19T00:10:51.640Z - Received json message of type GET_NX_CONSOLE_STATUS
[NX v22.5.1 Daemon Server] - 2026-02-19T00:10:51.641Z - Serializing response for GET_NX_CONSOLE_STATUS message in json mode
[NX v22.5.1 Daemon Server] - 2026-02-19T00:10:51.641Z - Responding to GET_NX_CONSOLE_STATUS message
[NX v22.5.1 Daemon Server] - 2026-02-19T00:10:51.641Z - [REQUEST]: Responding to the client. handleGetNxConsoleStatus
[NX v22.5.1 Daemon Server] - 2026-02-19T00:10:51.641Z - Done responding to the client handleGetNxConsoleStatus
[NX v22.5.1 Daemon Server] - 2026-02-19T00:10:51.641Z - Handled json message GET_NX_CONSOLE_STATUS. Handling time: 1. Response time: 0.
[NX v22.5.1 Daemon Client] - 2026-02-19T00:10:51.641Z - [Messenger] Received message, length: 22
[NX v22.5.1 Daemon Client] - 2026-02-19T00:10:51.700Z - [Messenger] Sending message type: REQUEST_PROJECT_GRAPH
[NX v22.5.1 Daemon Client] - 2026-02-19T00:10:51.701Z - [Messenger] Message sent
[NX v22.5.1 Daemon Server] - 2026-02-19T00:10:51.701Z - Received raw message of length 32
[NX v22.5.1 Daemon Server] - 2026-02-19T00:10:51.701Z - Received json message of type REQUEST_PROJECT_GRAPH
[NX v22.5.1 Daemon Server] - 2026-02-19T00:10:51.701Z - [REQUEST]: Client Request for Project Graph Received
[NX v22.5.1 Daemon Server] - 2026-02-19T00:10:51.701Z - Reusing in-memory cached project graph because no files changed.
[NX v22.5.1 Daemon Server] - 2026-02-19T00:10:51.717Z - Wrote project graph cache to /home/poukam-tech/project/marizona/.nx/workspace-data/project-graph.json
[NX v22.5.1 Daemon Server] - 2026-02-19T00:10:51.717Z - Serializing response for REQUEST_PROJECT_GRAPH message in json mode
[NX v22.5.1 Daemon Server] - 2026-02-19T00:10:51.717Z - Responding to REQUEST_PROJECT_GRAPH message
[NX v22.5.1 Daemon Server] - 2026-02-19T00:10:51.717Z - [REQUEST]: Responding to the client. project-graph
[NX v22.5.1 Daemon Server] - 2026-02-19T00:10:51.719Z - Time taken for 'total for creating and serializing project graph' 15.882166000003053ms
[NX v22.5.1 Daemon Server] - 2026-02-19T00:10:51.722Z - Done responding to the client project-graph
[NX v22.5.1 Daemon Server] - 2026-02-19T00:10:51.722Z - Handled json message REQUEST_PROJECT_GRAPH. Handling time: 16. Response time: 5.
[NX v22.5.1 Daemon Client] - 2026-02-19T00:10:51.724Z - [Messenger] Received message, length: 1385155
[NX v22.5.1 Daemon Client] - 2026-02-19T00:10:51.736Z - [Messenger] Sending message type: PRE_TASKS_EXECUTION
[NX v22.5.1 Daemon Client] - 2026-02-19T00:10:51.737Z - [Messenger] Message sent
[NX v22.5.1 Daemon Server] - 2026-02-19T00:10:51.737Z - Received raw message of length 1628
[NX v22.5.1 Daemon Server] - 2026-02-19T00:10:51.737Z - Received json message of type PRE_TASKS_EXECUTION
[NX v22.5.1 Daemon Server] - 2026-02-19T00:10:51.738Z - Serializing response for PRE_TASKS_EXECUTION message in json mode
[NX v22.5.1 Daemon Server] - 2026-02-19T00:10:51.738Z - Responding to PRE_TASKS_EXECUTION message
[NX v22.5.1 Daemon Server] - 2026-02-19T00:10:51.738Z - [REQUEST]: Responding to the client. handleRunPreTasksExecution
[NX v22.5.1 Daemon Server] - 2026-02-19T00:10:51.738Z - Done responding to the client handleRunPreTasksExecution
[NX v22.5.1 Daemon Server] - 2026-02-19T00:10:51.738Z - Handled json message PRE_TASKS_EXECUTION. Handling time: 1. Response time: 0.
[NX v22.5.1 Daemon Client] - 2026-02-19T00:10:51.738Z - [Messenger] Received message, length: 2
[NX v22.5.1 Daemon Server] - 2026-02-19T00:10:51.738Z - Time taken for 'preTasksExecution' 0.8748129999985395ms
[NX v22.5.1 Daemon Client] - 2026-02-19T00:10:51.764Z - [Messenger] Sending message type: HASH_TASKS
[NX v22.5.1 Daemon Client] - 2026-02-19T00:10:51.764Z - [Messenger] Message sent
[NX v22.5.1 Daemon Server] - 2026-02-19T00:10:51.764Z - Received raw message of length 8506
[NX v22.5.1 Daemon Server] - 2026-02-19T00:10:51.765Z - Received json message of type HASH_TASKS
[NX v22.5.1 Daemon Server] - 2026-02-19T00:10:51.765Z - Reusing in-memory cached project graph because no files changed.
[NX v22.5.1 Daemon Server] - 2026-02-19T00:10:51.776Z - Wrote project graph cache to /home/poukam-tech/project/marizona/.nx/workspace-data/project-graph.json
DEBUG nx::native::tasks::hash_planner: get_plans_internal COMPLETED in 6.658665ms - processed 1 tasks (setup: 6.159686ms, parallel_planning: 479.025µs)
DEBUG nx::native::tasks::hashers::hash_workspace_files: Hashing workspace fileset with inputs: Adding "12475982618692230973" (".gitignore") to hash
DEBUG nx::native::tasks::hashers::hash_workspace_files: Hashing workspace fileset with inputs: Adding "8516195800549599522" (".nxignore") to hash
DEBUG nx::native::tasks::hashers::hash_workspace_files: Hashing workspace fileset with inputs: Adding "614954295243266697" ("nx.json") to hash
DEBUG nx::native::tasks::hashers::hash_workspace_files: Hashing workspace fileset with inputs: Hash Value: "16382247164987548109"
DEBUG nx::native::tasks::task_hasher: hash_plans COMPLETED in 9.091071ms - processed 1 plans (setup: 900.785µs, hashing: 8.184557ms, assembly: 2.74732ms)
[NX v22.5.1 Daemon Server] - 2026-02-19T00:10:51.813Z - Serializing response for HASH_TASKS message in json mode
[NX v22.5.1 Daemon Server] - 2026-02-19T00:10:51.813Z - Responding to HASH_TASKS message
[NX v22.5.1 Daemon Server] - 2026-02-19T00:10:51.813Z - [REQUEST]: Responding to the client. handleHashTasks
[NX v22.5.1 Daemon Server] - 2026-02-19T00:10:51.814Z - Done responding to the client handleHashTasks
[NX v22.5.1 Daemon Server] - 2026-02-19T00:10:51.814Z - Handled json message HASH_TASKS. Handling time: 48. Response time: 1.
[NX v22.5.1 Daemon Server] - 2026-02-19T00:10:51.814Z - Time taken for 'write cache' 10.697985999999219ms
[NX v22.5.1 Daemon Client] - 2026-02-19T00:10:51.814Z - [Messenger] Received message, length: 100997
[NX v22.5.1 Daemon Client] - 2026-02-19T00:10:51.831Z - [Messenger] Sending message type: GET_ESTIMATED_TASK_TIMINGS
[NX v22.5.1 Daemon Client] - 2026-02-19T00:10:51.831Z - [Messenger] Message sent
[NX v22.5.1 Daemon Server] - 2026-02-19T00:10:51.831Z - Received raw message of length 119
[NX v22.5.1 Daemon Server] - 2026-02-19T00:10:51.831Z - Received json message of type GET_ESTIMATED_TASK_TIMINGS
[NX v22.5.1 Daemon Server] - 2026-02-19T00:10:51.833Z - Serializing response for GET_ESTIMATED_TASK_TIMINGS message in json mode
[NX v22.5.1 Daemon Server] - 2026-02-19T00:10:51.833Z - Responding to GET_ESTIMATED_TASK_TIMINGS message
[NX v22.5.1 Daemon Server] - 2026-02-19T00:10:51.833Z - [REQUEST]: Responding to the client. handleGetEstimatedTaskTimings
[NX v22.5.1 Daemon Server] - 2026-02-19T00:10:51.833Z - Done responding to the client handleGetEstimatedTaskTimings
[NX v22.5.1 Daemon Server] - 2026-02-19T00:10:51.833Z - Handled json message GET_ESTIMATED_TASK_TIMINGS. Handling time: 2. Response time: 0.
[NX v22.5.1 Daemon Client] - 2026-02-19T00:10:51.834Z - [Messenger] Received message, length: 2
[NX v22.5.1 Daemon Server] - 2026-02-19T00:10:53.670Z - Established a connection. Number of open connections: 5
[NX v22.5.1 Daemon Server] - 2026-02-19T00:10:53.672Z - Closed a connection. Number of open connections: 4
[NX v22.5.1 Daemon Server] - 2026-02-19T00:10:53.672Z - Established a connection. Number of open connections: 5
[NX v22.5.1 Daemon Client] - 2026-02-19T00:10:53.672Z - [Messenger] Setting up socket listeners
[NX v22.5.1 Daemon Client] - 2026-02-19T00:10:53.673Z - [Messenger] listen() complete
[NX v22.5.1 Daemon Client] - 2026-02-19T00:10:53.674Z - [Messenger] Sending message type: REQUEST_PROJECT_GRAPH
[NX v22.5.1 Daemon Client] - 2026-02-19T00:10:53.675Z - [Messenger] Message sent
[NX v22.5.1 Daemon Server] - 2026-02-19T00:10:53.746Z - Received raw message of length 32
[NX v22.5.1 Daemon Server] - 2026-02-19T00:10:53.747Z - Received json message of type REQUEST_PROJECT_GRAPH
[NX v22.5.1 Daemon Server] - 2026-02-19T00:10:53.747Z - [REQUEST]: Client Request for Project Graph Received
[NX v22.5.1 Daemon Server] - 2026-02-19T00:10:53.747Z - Reusing in-memory cached project graph because no files changed.
[NX v22.5.1 Daemon Server] - 2026-02-19T00:10:53.758Z - Wrote project graph cache to /home/poukam-tech/project/marizona/.nx/workspace-data/project-graph.json
[NX v22.5.1 Daemon Server] - 2026-02-19T00:10:53.758Z - Serializing response for REQUEST_PROJECT_GRAPH message in json mode
[NX v22.5.1 Daemon Server] - 2026-02-19T00:10:53.759Z - Responding to REQUEST_PROJECT_GRAPH message
[NX v22.5.1 Daemon Server] - 2026-02-19T00:10:53.759Z - [REQUEST]: Responding to the client. project-graph
[NX v22.5.1 Daemon Server] - 2026-02-19T00:10:53.760Z - Time taken for 'total for creating and serializing project graph' 11.859209999998711ms
[NX v22.5.1 Daemon Server] - 2026-02-19T00:10:53.764Z - Done responding to the client project-graph
[NX v22.5.1 Daemon Server] - 2026-02-19T00:10:53.764Z - Handled json message REQUEST_PROJECT_GRAPH. Handling time: 11. Response time: 6.
[NX v22.5.1 Daemon Client] - 2026-02-19T00:10:53.766Z - [Messenger] Received message, length: 1385155
[NX v22.5.1 Daemon Client] - 2026-02-19T00:10:54.592Z - [Messenger] Sending message type: REQUEST_PROJECT_GRAPH
[NX v22.5.1 Daemon Client] - 2026-02-19T00:10:54.593Z - [Messenger] Message sent
[NX v22.5.1 Daemon Server] - 2026-02-19T00:10:54.594Z - Received raw message of length 32
[NX v22.5.1 Daemon Server] - 2026-02-19T00:10:54.594Z - Received json message of type REQUEST_PROJECT_GRAPH
[NX v22.5.1 Daemon Server] - 2026-02-19T00:10:54.594Z - [REQUEST]: Client Request for Project Graph Received
[NX v22.5.1 Daemon Server] - 2026-02-19T00:10:54.595Z - Reusing in-memory cached project graph because no files changed.
[NX v22.5.1 Daemon Server] - 2026-02-19T00:10:54.609Z - Wrote project graph cache to /home/poukam-tech/project/marizona/.nx/workspace-data/project-graph.json
[NX v22.5.1 Daemon Server] - 2026-02-19T00:10:54.609Z - Serializing response for REQUEST_PROJECT_GRAPH message in json mode
[NX v22.5.1 Daemon Server] - 2026-02-19T00:10:54.609Z - Responding to REQUEST_PROJECT_GRAPH message
[NX v22.5.1 Daemon Server] - 2026-02-19T00:10:54.609Z - [REQUEST]: Responding to the client. project-graph
[NX v22.5.1 Daemon Server] - 2026-02-19T00:10:54.611Z - Time taken for 'total for creating and serializing project graph' 14.502165000001696ms
[NX v22.5.1 Daemon Server] - 2026-02-19T00:10:54.614Z - Done responding to the client project-graph
[NX v22.5.1 Daemon Server] - 2026-02-19T00:10:54.616Z - Handled json message REQUEST_PROJECT_GRAPH. Handling time: 15. Response time: 7.
[NX v22.5.1 Daemon Client] - 2026-02-19T00:10:54.617Z - [Messenger] Received message, length: 1385155
[NX v22.5.1 Daemon Server] - 2026-02-19T00:14:22.441Z - Closed a connection. Number of open connections: 4
[NX v22.5.1 Daemon Server] - 2026-02-19T00:14:22.554Z - Closed a connection. Number of open connections: 3
[NX v22.5.1 Daemon Server] - 2026-02-19T00:14:23.548Z - Established a connection. Number of open connections: 4
[NX v22.5.1 Daemon Server] - 2026-02-19T00:14:23.548Z - Closed a connection. Number of open connections: 3
[NX v22.5.1 Daemon Server] - 2026-02-19T00:14:23.549Z - Established a connection. Number of open connections: 4
[NX v22.5.1 Daemon Client] - 2026-02-19T00:14:23.549Z - [Messenger] Setting up socket listeners
[NX v22.5.1 Daemon Client] - 2026-02-19T00:14:23.550Z - [Messenger] listen() complete
[NX v22.5.1 Daemon Client] - 2026-02-19T00:14:23.551Z - [Messenger] Sending message type: REQUEST_PROJECT_GRAPH
[NX v22.5.1 Daemon Client] - 2026-02-19T00:14:23.551Z - [Messenger] Message sent
[NX v22.5.1 Daemon Server] - 2026-02-19T00:14:23.638Z - Received raw message of length 32
[NX v22.5.1 Daemon Server] - 2026-02-19T00:14:23.638Z - Received json message of type REQUEST_PROJECT_GRAPH
[NX v22.5.1 Daemon Server] - 2026-02-19T00:14:23.638Z - [REQUEST]: Client Request for Project Graph Received
[NX v22.5.1 Daemon Server] - 2026-02-19T00:14:23.638Z - Reusing in-memory cached project graph because no files changed.
[NX v22.5.1 Daemon Server] - 2026-02-19T00:14:23.649Z - Wrote project graph cache to /home/poukam-tech/project/marizona/.nx/workspace-data/project-graph.json
[NX v22.5.1 Daemon Server] - 2026-02-19T00:14:23.650Z - Serializing response for REQUEST_PROJECT_GRAPH message in json mode
[NX v22.5.1 Daemon Server] - 2026-02-19T00:14:23.650Z - Responding to REQUEST_PROJECT_GRAPH message
[NX v22.5.1 Daemon Server] - 2026-02-19T00:14:23.650Z - [REQUEST]: Responding to the client. project-graph
[NX v22.5.1 Daemon Server] - 2026-02-19T00:14:23.652Z - Time taken for 'total for creating and serializing project graph' 11.482492000010097ms
[NX v22.5.1 Daemon Server] - 2026-02-19T00:14:23.655Z - Done responding to the client project-graph
[NX v22.5.1 Daemon Server] - 2026-02-19T00:14:23.655Z - Handled json message REQUEST_PROJECT_GRAPH. Handling time: 12. Response time: 5.
[NX v22.5.1 Daemon Client] - 2026-02-19T00:14:23.657Z - [Messenger] Received message, length: 1385155
[NX v22.5.1 Daemon Server] - 2026-02-19T00:14:23.818Z - Closed a connection. Number of open connections: 3
[NX v22.5.1 Daemon Server] - 2026-02-19T00:14:25.031Z - Established a connection. Number of open connections: 4
[NX v22.5.1 Daemon Server] - 2026-02-19T00:14:25.032Z - Closed a connection. Number of open connections: 3
[NX v22.5.1 Daemon Server] - 2026-02-19T00:14:25.033Z - Established a connection. Number of open connections: 4
[NX v22.5.1 Daemon Client] - 2026-02-19T00:14:25.033Z - [Messenger] Setting up socket listeners
[NX v22.5.1 Daemon Client] - 2026-02-19T00:14:25.034Z - [Messenger] listen() complete
[NX v22.5.1 Daemon Client] - 2026-02-19T00:14:25.035Z - [Messenger] Sending message type: REQUEST_PROJECT_GRAPH
[NX v22.5.1 Daemon Client] - 2026-02-19T00:14:25.036Z - [Messenger] Message sent
[NX v22.5.1 Daemon Server] - 2026-02-19T00:14:25.089Z - Received raw message of length 32
[NX v22.5.1 Daemon Server] - 2026-02-19T00:14:25.089Z - Received json message of type REQUEST_PROJECT_GRAPH
[NX v22.5.1 Daemon Server] - 2026-02-19T00:14:25.089Z - [REQUEST]: Client Request for Project Graph Received
[NX v22.5.1 Daemon Server] - 2026-02-19T00:14:25.090Z - Reusing in-memory cached project graph because no files changed.
[NX v22.5.1 Daemon Server] - 2026-02-19T00:14:25.100Z - Wrote project graph cache to /home/poukam-tech/project/marizona/.nx/workspace-data/project-graph.json
[NX v22.5.1 Daemon Server] - 2026-02-19T00:14:25.101Z - Serializing response for REQUEST_PROJECT_GRAPH message in json mode
[NX v22.5.1 Daemon Server] - 2026-02-19T00:14:25.101Z - Responding to REQUEST_PROJECT_GRAPH message
[NX v22.5.1 Daemon Server] - 2026-02-19T00:14:25.101Z - [REQUEST]: Responding to the client. project-graph
[NX v22.5.1 Daemon Server] - 2026-02-19T00:14:25.103Z - Time taken for 'total for creating and serializing project graph' 11.11844900000142ms
[NX v22.5.1 Daemon Server] - 2026-02-19T00:14:25.106Z - Done responding to the client project-graph
[NX v22.5.1 Daemon Server] - 2026-02-19T00:14:25.106Z - Handled json message REQUEST_PROJECT_GRAPH. Handling time: 12. Response time: 5.
[NX v22.5.1 Daemon Client] - 2026-02-19T00:14:25.108Z - [Messenger] Received message, length: 1385155
[NX v22.5.1 Daemon Server] - 2026-02-19T00:18:55.606Z - Established a connection. Number of open connections: 5
[NX v22.5.1 Daemon Server] - 2026-02-19T00:18:55.609Z - Closed a connection. Number of open connections: 4
[NX v22.5.1 Daemon Server] - 2026-02-19T00:18:55.610Z - Established a connection. Number of open connections: 5
[NX v22.5.1 Daemon Server] - 2026-02-19T00:18:55.610Z - Closed a connection. Number of open connections: 4
[NX v22.5.1 Daemon Server] - 2026-02-19T00:18:55.611Z - Established a connection. Number of open connections: 5
[NX v22.5.1 Daemon Client] - 2026-02-19T00:18:55.611Z - [Messenger] Setting up socket listeners
[NX v22.5.1 Daemon Client] - 2026-02-19T00:18:55.612Z - [Messenger] listen() complete
[NX v22.5.1 Daemon Client] - 2026-02-19T00:18:55.613Z - [Messenger] Sending message type: GET_NX_CONSOLE_STATUS
[NX v22.5.1 Daemon Client] - 2026-02-19T00:18:55.614Z - [Messenger] Message sent
[NX v22.5.1 Daemon Server] - 2026-02-19T00:18:55.690Z - Received raw message of length 32
[NX v22.5.1 Daemon Server] - 2026-02-19T00:18:55.690Z - Received json message of type GET_NX_CONSOLE_STATUS
[NX v22.5.1 Daemon Server] - 2026-02-19T00:18:55.691Z - Serializing response for GET_NX_CONSOLE_STATUS message in json mode
[NX v22.5.1 Daemon Server] - 2026-02-19T00:18:55.691Z - Responding to GET_NX_CONSOLE_STATUS message
[NX v22.5.1 Daemon Server] - 2026-02-19T00:18:55.691Z - [REQUEST]: Responding to the client. handleGetNxConsoleStatus
[NX v22.5.1 Daemon Server] - 2026-02-19T00:18:55.691Z - Done responding to the client handleGetNxConsoleStatus
[NX v22.5.1 Daemon Server] - 2026-02-19T00:18:55.691Z - Handled json message GET_NX_CONSOLE_STATUS. Handling time: 1. Response time: 0.
[NX v22.5.1 Daemon Client] - 2026-02-19T00:18:55.691Z - [Messenger] Received message, length: 22
[NX v22.5.1 Daemon Client] - 2026-02-19T00:18:55.758Z - [Messenger] Sending message type: REQUEST_PROJECT_GRAPH
[NX v22.5.1 Daemon Client] - 2026-02-19T00:18:55.758Z - [Messenger] Message sent
[NX v22.5.1 Daemon Server] - 2026-02-19T00:18:55.759Z - Received raw message of length 32
[NX v22.5.1 Daemon Server] - 2026-02-19T00:18:55.759Z - Received json message of type REQUEST_PROJECT_GRAPH
[NX v22.5.1 Daemon Server] - 2026-02-19T00:18:55.759Z - [REQUEST]: Client Request for Project Graph Received
[NX v22.5.1 Daemon Server] - 2026-02-19T00:18:55.759Z - Reusing in-memory cached project graph because no files changed.
[NX v22.5.1 Daemon Server] - 2026-02-19T00:18:55.777Z - Wrote project graph cache to /home/poukam-tech/project/marizona/.nx/workspace-data/project-graph.json
[NX v22.5.1 Daemon Server] - 2026-02-19T00:18:55.777Z - Serializing response for REQUEST_PROJECT_GRAPH message in json mode
[NX v22.5.1 Daemon Server] - 2026-02-19T00:18:55.777Z - Responding to REQUEST_PROJECT_GRAPH message
[NX v22.5.1 Daemon Server] - 2026-02-19T00:18:55.777Z - [REQUEST]: Responding to the client. project-graph
[NX v22.5.1 Daemon Server] - 2026-02-19T00:18:55.779Z - Time taken for 'total for creating and serializing project graph' 18.286939000012353ms
[NX v22.5.1 Daemon Server] - 2026-02-19T00:18:55.782Z - Done responding to the client project-graph
[NX v22.5.1 Daemon Server] - 2026-02-19T00:18:55.782Z - Handled json message REQUEST_PROJECT_GRAPH. Handling time: 18. Response time: 5.
[NX v22.5.1 Daemon Client] - 2026-02-19T00:18:55.784Z - [Messenger] Received message, length: 1385155
[NX v22.5.1 Daemon Client] - 2026-02-19T00:18:55.796Z - [Messenger] Sending message type: PRE_TASKS_EXECUTION
[NX v22.5.1 Daemon Client] - 2026-02-19T00:18:55.796Z - [Messenger] Message sent
[NX v22.5.1 Daemon Server] - 2026-02-19T00:18:55.796Z - Received raw message of length 1628
[NX v22.5.1 Daemon Server] - 2026-02-19T00:18:55.796Z - Received json message of type PRE_TASKS_EXECUTION
[NX v22.5.1 Daemon Server] - 2026-02-19T00:18:55.797Z - Serializing response for PRE_TASKS_EXECUTION message in json mode
[NX v22.5.1 Daemon Server] - 2026-02-19T00:18:55.797Z - Responding to PRE_TASKS_EXECUTION message
[NX v22.5.1 Daemon Server] - 2026-02-19T00:18:55.797Z - [REQUEST]: Responding to the client. handleRunPreTasksExecution
[NX v22.5.1 Daemon Server] - 2026-02-19T00:18:55.797Z - Done responding to the client handleRunPreTasksExecution
[NX v22.5.1 Daemon Server] - 2026-02-19T00:18:55.797Z - Handled json message PRE_TASKS_EXECUTION. Handling time: 1. Response time: 0.
[NX v22.5.1 Daemon Server] - 2026-02-19T00:18:55.797Z - Time taken for 'preTasksExecution' 0.22168899996904656ms
[NX v22.5.1 Daemon Client] - 2026-02-19T00:18:55.797Z - [Messenger] Received message, length: 2
[NX v22.5.1 Daemon Client] - 2026-02-19T00:18:55.822Z - [Messenger] Sending message type: HASH_TASKS
[NX v22.5.1 Daemon Client] - 2026-02-19T00:18:55.822Z - [Messenger] Message sent
[NX v22.5.1 Daemon Server] - 2026-02-19T00:18:55.823Z - Received raw message of length 8506
[NX v22.5.1 Daemon Server] - 2026-02-19T00:18:55.823Z - Received json message of type HASH_TASKS
[NX v22.5.1 Daemon Server] - 2026-02-19T00:18:55.823Z - Reusing in-memory cached project graph because no files changed.
[NX v22.5.1 Daemon Server] - 2026-02-19T00:18:55.833Z - Wrote project graph cache to /home/poukam-tech/project/marizona/.nx/workspace-data/project-graph.json
DEBUG nx::native::tasks::hash_planner: get_plans_internal COMPLETED in 6.748177ms - processed 1 tasks (setup: 6.206651ms, parallel_planning: 529.633µs)
DEBUG nx::native::tasks::hashers::hash_workspace_files: Hashing workspace fileset with inputs: Adding "12475982618692230973" (".gitignore") to hash
DEBUG nx::native::tasks::hashers::hash_workspace_files: Hashing workspace fileset with inputs: Adding "8516195800549599522" (".nxignore") to hash
DEBUG nx::native::tasks::hashers::hash_workspace_files: Hashing workspace fileset with inputs: Adding "614954295243266697" ("nx.json") to hash
DEBUG nx::native::tasks::hashers::hash_workspace_files: Hashing workspace fileset with inputs: Hash Value: "16382247164987548109"
DEBUG nx::native::tasks::task_hasher: hash_plans COMPLETED in 6.393066ms - processed 1 plans (setup: 1.089181ms, hashing: 5.298359ms, assembly: 2.015601ms)
[NX v22.5.1 Daemon Server] - 2026-02-19T00:18:55.849Z - Serializing response for HASH_TASKS message in json mode
[NX v22.5.1 Daemon Server] - 2026-02-19T00:18:55.849Z - Responding to HASH_TASKS message
[NX v22.5.1 Daemon Server] - 2026-02-19T00:18:55.849Z - [REQUEST]: Responding to the client. handleHashTasks
[NX v22.5.1 Daemon Server] - 2026-02-19T00:18:55.849Z - Done responding to the client handleHashTasks
[NX v22.5.1 Daemon Server] - 2026-02-19T00:18:55.850Z - Handled json message HASH_TASKS. Handling time: 26. Response time: 1.
[NX v22.5.1 Daemon Server] - 2026-02-19T00:18:55.850Z - Time taken for 'write cache' 10.314004999992903ms
[NX v22.5.1 Daemon Client] - 2026-02-19T00:18:55.850Z - [Messenger] Received message, length: 100997
[NX v22.5.1 Daemon Client] - 2026-02-19T00:18:55.865Z - [Messenger] Sending message type: GET_ESTIMATED_TASK_TIMINGS
[NX v22.5.1 Daemon Client] - 2026-02-19T00:18:55.866Z - [Messenger] Message sent
[NX v22.5.1 Daemon Server] - 2026-02-19T00:18:55.866Z - Received raw message of length 119
[NX v22.5.1 Daemon Server] - 2026-02-19T00:18:55.866Z - Received json message of type GET_ESTIMATED_TASK_TIMINGS
[NX v22.5.1 Daemon Server] - 2026-02-19T00:18:55.867Z - Serializing response for GET_ESTIMATED_TASK_TIMINGS message in json mode
[NX v22.5.1 Daemon Server] - 2026-02-19T00:18:55.867Z - Responding to GET_ESTIMATED_TASK_TIMINGS message
[NX v22.5.1 Daemon Server] - 2026-02-19T00:18:55.867Z - [REQUEST]: Responding to the client. handleGetEstimatedTaskTimings
[NX v22.5.1 Daemon Server] - 2026-02-19T00:18:55.867Z - Done responding to the client handleGetEstimatedTaskTimings
[NX v22.5.1 Daemon Server] - 2026-02-19T00:18:55.867Z - Handled json message GET_ESTIMATED_TASK_TIMINGS. Handling time: 1. Response time: 0.
[NX v22.5.1 Daemon Client] - 2026-02-19T00:18:55.868Z - [Messenger] Received message, length: 2
[NX v22.5.1 Daemon Server] - 2026-02-19T00:18:57.691Z - Established a connection. Number of open connections: 6
[NX v22.5.1 Daemon Server] - 2026-02-19T00:18:57.693Z - Closed a connection. Number of open connections: 5
[NX v22.5.1 Daemon Server] - 2026-02-19T00:18:57.694Z - Established a connection. Number of open connections: 6
[NX v22.5.1 Daemon Client] - 2026-02-19T00:18:57.694Z - [Messenger] Setting up socket listeners
[NX v22.5.1 Daemon Client] - 2026-02-19T00:18:57.694Z - [Messenger] listen() complete
[NX v22.5.1 Daemon Client] - 2026-02-19T00:18:57.695Z - [Messenger] Sending message type: REQUEST_PROJECT_GRAPH
[NX v22.5.1 Daemon Client] - 2026-02-19T00:18:57.696Z - [Messenger] Message sent
[NX v22.5.1 Daemon Server] - 2026-02-19T00:18:57.780Z - Received raw message of length 32
[NX v22.5.1 Daemon Server] - 2026-02-19T00:18:57.780Z - Received json message of type REQUEST_PROJECT_GRAPH
[NX v22.5.1 Daemon Server] - 2026-02-19T00:18:57.780Z - [REQUEST]: Client Request for Project Graph Received
[NX v22.5.1 Daemon Server] - 2026-02-19T00:18:57.781Z - Reusing in-memory cached project graph because no files changed.
[NX v22.5.1 Daemon Server] - 2026-02-19T00:18:57.791Z - Wrote project graph cache to /home/poukam-tech/project/marizona/.nx/workspace-data/project-graph.json
[NX v22.5.1 Daemon Server] - 2026-02-19T00:18:57.792Z - Serializing response for REQUEST_PROJECT_GRAPH message in json mode
[NX v22.5.1 Daemon Server] - 2026-02-19T00:18:57.792Z - Responding to REQUEST_PROJECT_GRAPH message
[NX v22.5.1 Daemon Server] - 2026-02-19T00:18:57.792Z - [REQUEST]: Responding to the client. project-graph
[NX v22.5.1 Daemon Server] - 2026-02-19T00:18:57.794Z - Time taken for 'total for creating and serializing project graph' 11.354623000021093ms
[NX v22.5.1 Daemon Server] - 2026-02-19T00:18:57.797Z - Done responding to the client project-graph
[NX v22.5.1 Daemon Server] - 2026-02-19T00:18:57.797Z - Handled json message REQUEST_PROJECT_GRAPH. Handling time: 12. Response time: 5.
[NX v22.5.1 Daemon Client] - 2026-02-19T00:18:57.798Z - [Messenger] Received message, length: 1385155
[NX v22.5.1 Daemon Client] - 2026-02-19T00:18:58.742Z - [Messenger] Sending message type: REQUEST_PROJECT_GRAPH
[NX v22.5.1 Daemon Client] - 2026-02-19T00:18:58.743Z - [Messenger] Message sent
[NX v22.5.1 Daemon Server] - 2026-02-19T00:18:58.743Z - Received raw message of length 32
[NX v22.5.1 Daemon Server] - 2026-02-19T00:18:58.743Z - Received json message of type REQUEST_PROJECT_GRAPH
[NX v22.5.1 Daemon Server] - 2026-02-19T00:18:58.743Z - [REQUEST]: Client Request for Project Graph Received
[NX v22.5.1 Daemon Server] - 2026-02-19T00:18:58.743Z - Reusing in-memory cached project graph because no files changed.
[NX v22.5.1 Daemon Server] - 2026-02-19T00:18:58.755Z - Wrote project graph cache to /home/poukam-tech/project/marizona/.nx/workspace-data/project-graph.json
[NX v22.5.1 Daemon Server] - 2026-02-19T00:18:58.755Z - Serializing response for REQUEST_PROJECT_GRAPH message in json mode
[NX v22.5.1 Daemon Server] - 2026-02-19T00:18:58.755Z - Responding to REQUEST_PROJECT_GRAPH message
[NX v22.5.1 Daemon Server] - 2026-02-19T00:18:58.755Z - [REQUEST]: Responding to the client. project-graph
[NX v22.5.1 Daemon Server] - 2026-02-19T00:18:58.757Z - Time taken for 'total for creating and serializing project graph' 12.161300999985542ms
[NX v22.5.1 Daemon Server] - 2026-02-19T00:18:58.759Z - Done responding to the client project-graph
[NX v22.5.1 Daemon Server] - 2026-02-19T00:18:58.759Z - Handled json message REQUEST_PROJECT_GRAPH. Handling time: 12. Response time: 4.
[NX v22.5.1 Daemon Client] - 2026-02-19T00:18:58.761Z - [Messenger] Received message, length: 1385155
[NX v22.5.1 Daemon Server] - 2026-02-19T00:19:54.918Z - [Server] lock file hash changed! old=8349391967066556420, new=14570848610732633557
[NX v22.5.1 Daemon Server] - 2026-02-19T00:19:54.918Z - [Server] Daemon outdated: LOCK_FILES_CHANGED
[NX v22.5.1 Daemon Server] - 2026-02-19T00:19:54.918Z - [Server] Restarting daemon...
[NX v22.5.1 Daemon Server] - 2026-02-19T00:19:54.928Z - Restarting daemon with script: /home/poukam-tech/project/marizona/node_modules/nx/src/daemon/server/start.js
[NX v22.5.1 Daemon Server] - 2026-02-19T00:19:54.929Z - Old daemon __dirname: /home/poukam-tech/project/marizona/node_modules/nx/src/daemon/server
[NX v22.5.1 Daemon Server] - 2026-02-19T00:19:54.929Z - Current process.execPath: /home/poukam-tech/.nvm/versions/node/v22.21.1/bin/node
[NX v22.5.1 Daemon Server] - 2026-02-19T00:19:54.949Z - Started new daemon process in background
[NX v22.5.1 Daemon Server] - 2026-02-19T00:19:54.951Z - Closed a connection. Number of open connections: 5
[NX v22.5.1 Daemon Server] - 2026-02-19T00:19:54.951Z - Closed a connection. Number of open connections: 4
[NX v22.5.1 Daemon Server] - 2026-02-19T00:19:54.951Z - Closed a connection. Number of open connections: 3
[NX v22.5.1 Daemon Server] - 2026-02-19T00:19:54.951Z - Closed a connection. Number of open connections: 2
[NX v22.5.1 Daemon Server] - 2026-02-19T00:19:54.951Z - Closed a connection. Number of open connections: 1
[NX v22.5.1 Daemon Server] - 2026-02-19T00:19:54.951Z - Closed a connection. Number of open connections: 0
[NX v22.5.1 Daemon Server] - 2026-02-19T00:19:54.952Z - [WATCHER]: Stopping the watcher for /home/poukam-tech/project/marizona (sources)
[NX v22.5.1 Daemon Client] - 2026-02-19T00:19:54.954Z - [ProjectGraphListener] Starting reconnection for 6 callbacks
[NX v22.5.1 Daemon Client] - 2026-02-19T00:19:54.955Z - [Client] Waiting for server (max: 6000 attempts, 10ms interval)
[NX v22.5.1 Daemon Client] - 2026-02-19T00:19:54.959Z - [FileWatcher] Starting reconnection for 1 callbacks
[NX v22.5.1 Daemon Client] - 2026-02-19T00:19:54.961Z - [Client] Waiting for server (max: 6000 attempts, 10ms interval)
[NX v22.5.1 Daemon Server] - 2026-02-19T00:19:54.961Z - [WATCHER]: Stopping the watcher for /home/poukam-tech/project/marizona (outputs)
[NX v22.5.1 Daemon Server] - 2026-02-19T00:19:54.962Z - [NX-CONSOLE]: Cleaning up latest Nx installation from /tmp/tmp-88875-CEYbUen7zPtU
[NX v22.5.1 Daemon Server] - 2026-02-19T00:19:54.970Z - Server stopped because: "LOCK_FILES_CHANGED"
[NX v22.5.1 Daemon Server] - 2026-02-19T00:19:55.436Z - New daemon starting from: /home/poukam-tech/project/marizona/node_modules/nx/src/daemon/server/server.js
[NX v22.5.1 Daemon Server] - 2026-02-19T00:19:55.437Z - New daemon __dirname: /home/poukam-tech/project/marizona/node_modules/nx/src/daemon/server
[NX v22.5.1 Daemon Server] - 2026-02-19T00:19:55.438Z - New daemon nxVersion: 22.5.1
[NX v22.5.1 Daemon Server] - 2026-02-19T00:19:55.438Z - New daemon getInstalledNxVersion(): 22.5.1
[NX v22.5.1 Daemon Server] - 2026-02-19T00:19:55.459Z - [Server] Starting outdated check interval (20ms)
[NX v22.5.1 Daemon Server] - 2026-02-19T00:19:55.465Z - Started listening on: /tmp/57266a08c6a51869969c/d.sock
[NX v22.5.1 Daemon Server] - 2026-02-19T00:19:55.469Z - [WATCHER]: Subscribed to changes within: /home/poukam-tech/project/marizona (native)
[NX v22.5.1 Daemon Server] - 2026-02-19T00:19:55.470Z - [NX-CONSOLE]: Pulling latest Nx (latest) to check console status...
Fetching nx...
[NX v22.5.1 Daemon Client] - 2026-02-19T00:19:55.475Z - [Client] Server available after 29 attempts
[NX v22.5.1 Daemon Client] - 2026-02-19T00:19:55.475Z - [Messenger] Setting up socket listeners
[NX v22.5.1 Daemon Client] - 2026-02-19T00:19:55.475Z - [Messenger] listen() complete
[NX v22.5.1 Daemon Client] - 2026-02-19T00:19:55.476Z - [Messenger] Sending message type: REGISTER_FILE_WATCHER
[NX v22.5.1 Daemon Client] - 2026-02-19T00:19:55.477Z - [Messenger] Message sent
[NX v22.5.1 Daemon Client] - 2026-02-19T00:19:55.477Z - [FileWatcher] Reconnected successfully
[NX v22.5.1 Daemon Client] - 2026-02-19T00:19:55.480Z - [Client] Server available after 32 attempts
[NX v22.5.1 Daemon Client] - 2026-02-19T00:19:55.480Z - [Messenger] Setting up socket listeners
[NX v22.5.1 Daemon Client] - 2026-02-19T00:19:55.480Z - [Messenger] listen() complete
[NX v22.5.1 Daemon Client] - 2026-02-19T00:19:55.480Z - [Messenger] Sending message type: REGISTER_PROJECT_GRAPH_LISTENER
[NX v22.5.1 Daemon Client] - 2026-02-19T00:19:55.483Z - [Messenger] Message sent
[NX v22.5.1 Daemon Client] - 2026-02-19T00:19:55.483Z - [ProjectGraphListener] Reconnected successfully
[NX v22.5.1 Daemon Server] - 2026-02-19T00:19:55.540Z - Established a connection. Number of open connections: 1
[NX v22.5.1 Daemon Client] - 2026-02-19T00:19:55.544Z - [Messenger] Setting up socket listeners
[NX v22.5.1 Daemon Client] - 2026-02-19T00:19:55.546Z - [Messenger] listen() complete
[NX v22.5.1 Daemon Client] - 2026-02-19T00:19:55.546Z - [Messenger] Sending message type: REQUEST_PROJECT_GRAPH
[NX v22.5.1 Daemon Client] - 2026-02-19T00:19:55.546Z - [Messenger] Message sent
[NX v22.5.1 Daemon Server] - 2026-02-19T00:19:55.551Z - Established a connection. Number of open connections: 2
[NX v22.5.1 Daemon Server] - 2026-02-19T00:19:55.570Z - Closed a connection. Number of open connections: 1
[NX v22.5.1 Daemon Server] - 2026-02-19T00:19:55.764Z - Established a connection. Number of open connections: 2
[NX v22.5.1 Daemon Server] - 2026-02-19T00:19:55.768Z - Received raw message of length 99
[NX v22.5.1 Daemon Server] - 2026-02-19T00:19:55.768Z - Received json message of type REGISTER_FILE_WATCHER
[NX v22.5.1 Daemon Server] - 2026-02-19T00:19:55.783Z - Established a connection. Number of open connections: 3
[NX v22.5.1 Daemon Server] - 2026-02-19T00:19:55.786Z - Closed a connection. Number of open connections: 2
[NX v22.5.1 Daemon Server] - 2026-02-19T00:19:55.793Z - Established a connection. Number of open connections: 3
Time for 'plugin worker 100078 code loading' 14.433363
[NX v22.5.1 Daemon Server] - 2026-02-19T00:19:55.794Z - Received raw message of length 42
[NX v22.5.1 Daemon Server] - 2026-02-19T00:19:55.794Z - Received json message of type REGISTER_PROJECT_GRAPH_LISTENER
[NX v22.5.1 Daemon Server] - 2026-02-19T00:19:55.798Z - Time taken for 'start-plugin-worker:@nx/next/plugin' 136.035933ms
[NX v22.5.1 Daemon Server] - 2026-02-19T00:19:55.812Z - Established a connection. Number of open connections: 4
[NX v22.5.1 Daemon Server] - 2026-02-19T00:19:55.813Z - Closed a connection. Number of open connections: 3
[NX v22.5.1 Daemon Server] - 2026-02-19T00:19:55.813Z - Established a connection. Number of open connections: 4
[NX v22.5.1 Daemon Server] - 2026-02-19T00:19:55.824Z - Closed a connection. Number of open connections: 3
[NX v22.5.1 Daemon Server] - 2026-02-19T00:19:55.832Z - Received raw message of length 32
[NX v22.5.1 Daemon Server] - 2026-02-19T00:19:55.832Z - Received json message of type REQUEST_PROJECT_GRAPH
[NX v22.5.1 Daemon Server] - 2026-02-19T00:19:55.838Z - [REQUEST]: Client Request for Project Graph Received
Time for 'plugin worker 100094 code loading' 14.119640999999987
[NX v22.5.1 Daemon Server] - 2026-02-19T00:19:55.878Z - Time taken for 'start-plugin-worker:@nx/eslint/plugin' 158.664486ms
Time for 'plugin worker 100064 code loading' 93.322599
[NX v22.5.1 Daemon Server] - 2026-02-19T00:19:55.937Z - Time taken for 'start-plugin-worker:/home/poukam-tech/project/marizona/node_modules/nx/src/plugins/js' 343.9218830000001ms
[NX v22.5.1 Daemon Server] - 2026-02-19T00:19:55.991Z - Time taken for 'start-plugin-worker:/home/poukam-tech/project/marizona/node_modules/nx/src/plugins/project-json/build-nodes/project-json' 344.379995ms
Time for 'plugin worker 100073 code loading' 96.39397499999998
Time for 'plugin worker 100087 code loading' 40.894199000000015
Time for 'plugin worker 100093 code loading' 40.343648
[NX v22.5.1 Daemon Server] - 2026-02-19T00:19:56.044Z - Time taken for 'start-plugin-worker:@nx/playwright/plugin' 364.63467300000013ms
Time for 'plugin worker 100065 code loading' 106.85597099999998
[NX v22.5.1 Daemon Server] - 2026-02-19T00:19:56.060Z - Time taken for 'start-plugin-worker:/home/poukam-tech/project/marizona/node_modules/nx/src/plugins/package-json' 452.040293ms
[NX v22.5.1 Daemon Server] - 2026-02-19T00:19:56.275Z - Time taken for 'start-plugin-worker:@nx/jest/plugin' 523.4598649999999ms
Time for 'plugin worker 100095 code loading' 75.97416600000003
[NX v22.5.1 Daemon Server] - 2026-02-19T00:19:56.440Z - Time taken for 'Load Nx Plugin: /home/poukam-tech/project/marizona/node_modules/nx/src/plugins/js' 866.461188ms
[NX v22.5.1 Daemon Server] - 2026-02-19T00:19:56.713Z - Time taken for 'Load Nx Plugin: /home/poukam-tech/project/marizona/node_modules/nx/src/plugins/project-json/build-nodes/project-json' 1133.6655500000002ms
[NX v22.5.1 Daemon Server] - 2026-02-19T00:19:57.514Z - Time taken for 'Load Nx Plugin: @nx/next/plugin' 1931.107872ms
[NX v22.5.1 Daemon Server] - 2026-02-19T00:19:57.732Z - Time taken for 'loadDefaultNxPlugins' 2157.921692ms
[NX v22.5.1 Daemon Server] - 2026-02-19T00:19:57.982Z - Time taken for 'Load Nx Plugin: @nx/playwright/plugin' 2398.2864200000004ms
[NX v22.5.1 Daemon Server] - 2026-02-19T00:19:58.122Z - Time taken for 'Load Nx Plugin: @nx/eslint/plugin' 2537.3693049999997ms
[NX v22.5.1 Daemon Server] - 2026-02-19T00:19:58.202Z - Time taken for 'Load Nx Plugin: @nx/jest/plugin' 2616.4336569999996ms
[NX v22.5.1 Daemon Server] - 2026-02-19T00:19:58.254Z - [REQUEST]: Updated workspace context based on watched changes, recomputing project graph...
[NX v22.5.1 Daemon Server] - 2026-02-19T00:19:58.254Z - [REQUEST]: 
[NX v22.5.1 Daemon Server] - 2026-02-19T00:19:58.254Z - [REQUEST]: 
[NX v22.5.1 Daemon Server] - 2026-02-19T00:19:58.269Z - Reusing in-memory cached project graph because no files changed.
[NX v22.5.1 Daemon Server] - 2026-02-19T00:19:58.331Z - Time taken for 'loadSpecifiedNxPlugins' 2672.5030580000002ms
[NX v22.5.1 Daemon Server] - 2026-02-19T00:19:58.380Z - Established a connection. Number of open connections: 4
[NX v22.5.1 Daemon Server] - 2026-02-19T00:19:58.380Z - Established a connection. Number of open connections: 5
[NX v22.5.1 Daemon Server] - 2026-02-19T00:19:58.380Z - Established a connection. Number of open connections: 6
[NX v22.5.1 Daemon Server] - 2026-02-19T00:19:58.381Z - Closed a connection. Number of open connections: 5
[NX v22.5.1 Daemon Server] - 2026-02-19T00:19:58.381Z - Established a connection. Number of open connections: 6
[NX v22.5.1 Daemon Server] - 2026-02-19T00:19:58.381Z - Established a connection. Number of open connections: 7
[NX v22.5.1 Daemon Server] - 2026-02-19T00:19:58.394Z - Closed a connection. Number of open connections: 6
[NX v22.5.1 Daemon Client] - 2026-02-19T00:19:58.395Z - [Messenger] Setting up socket listeners
[NX v22.5.1 Daemon Client] - 2026-02-19T00:19:58.396Z - [Messenger] listen() complete
[NX v22.5.1 Daemon Client] - 2026-02-19T00:19:58.396Z - [Messenger] Sending message type: HASH_GLOB
[NX v22.5.1 Daemon Client] - 2026-02-19T00:19:58.381Z - [Messenger] Setting up socket listeners
[NX v22.5.1 Daemon Client] - 2026-02-19T00:19:58.397Z - [Messenger] listen() complete
[NX v22.5.1 Daemon Client] - 2026-02-19T00:19:58.398Z - [Messenger] Sending message type: HASH_GLOB
[NX v22.5.1 Daemon Client] - 2026-02-19T00:19:58.399Z - [Messenger] Message sent
[NX v22.5.1 Daemon Client] - 2026-02-19T00:19:58.378Z - [Messenger] Setting up socket listeners
[NX v22.5.1 Daemon Client] - 2026-02-19T00:19:58.399Z - [Messenger] listen() complete
[NX v22.5.1 Daemon Client] - 2026-02-19T00:19:58.400Z - [Messenger] Sending message type: GLOB
[NX v22.5.1 Daemon Client] - 2026-02-19T00:19:58.400Z - [Messenger] Message sent
[NX v22.5.1 Daemon Client] - 2026-02-19T00:19:58.384Z - [Messenger] Setting up socket listeners
[NX v22.5.1 Daemon Client] - 2026-02-19T00:19:58.402Z - [Messenger] listen() complete
[NX v22.5.1 Daemon Client] - 2026-02-19T00:19:58.402Z - [Messenger] Sending message type: HASH_GLOB
[NX v22.5.1 Daemon Client] - 2026-02-19T00:19:58.403Z - [Messenger] Message sent
[NX v22.5.1 Daemon Server] - 2026-02-19T00:19:58.399Z - Established a connection. Number of open connections: 7
[NX v22.5.1 Daemon Server] - 2026-02-19T00:19:58.406Z - Closed a connection. Number of open connections: 6
[NX v22.5.1 Daemon Server] - 2026-02-19T00:19:58.406Z - Closed a connection. Number of open connections: 5
[NX v22.5.1 Daemon Server] - 2026-02-19T00:19:58.406Z - Established a connection. Number of open connections: 6
[NX v22.5.1 Daemon Server] - 2026-02-19T00:19:58.407Z - Established a connection. Number of open connections: 7
[NX v22.5.1 Daemon Client] - 2026-02-19T00:19:58.415Z - [Messenger] Message sent
[NX v22.5.1 Daemon Server] - 2026-02-19T00:19:58.417Z - Established a connection. Number of open connections: 8
[NX v22.5.1 Daemon Server] - 2026-02-19T00:19:58.432Z - Closed a connection. Number of open connections: 7
[NX v22.5.1 Daemon Client] - 2026-02-19T00:19:58.438Z - [Messenger] Setting up socket listeners
[NX v22.5.1 Daemon Client] - 2026-02-19T00:19:58.439Z - [Messenger] listen() complete
[NX v22.5.1 Daemon Server] - 2026-02-19T00:19:58.443Z - Established a connection. Number of open connections: 8
[NX v22.5.1 Daemon Client] - 2026-02-19T00:19:58.447Z - [Messenger] Sending message type: HASH_MULTI_GLOB
[NX v22.5.1 Daemon Client] - 2026-02-19T00:19:58.448Z - [Messenger] Message sent
Time for 'daemon-message-serialization-HASH_GLOB' 0.4113080000001901
[NX v22.5.1 Daemon Server] - 2026-02-19T00:19:58.665Z - Received raw message of length 63
[NX v22.5.1 Daemon Server] - 2026-02-19T00:19:58.665Z - Received json message of type HASH_GLOB
[NX v22.5.1 Daemon Server] - 2026-02-19T00:19:58.668Z - Serializing response for HASH_GLOB message in json mode
[NX v22.5.1 Daemon Server] - 2026-02-19T00:19:58.668Z - Responding to HASH_GLOB message
[NX v22.5.1 Daemon Server] - 2026-02-19T00:19:58.668Z - [REQUEST]: Responding to the client. handleHashGlob
[NX v22.5.1 Daemon Client] - 2026-02-19T00:19:58.668Z - [Messenger] Received message, length: 21
[NX v22.5.1 Daemon Server] - 2026-02-19T00:19:58.670Z - Done responding to the client handleHashGlob
[NX v22.5.1 Daemon Server] - 2026-02-19T00:19:58.671Z - Handled json message HASH_GLOB. Handling time: 3. Response time: 3.
Time for 'daemon-message-serialization-HASH_MULTI_GLOB' 0.3377909999999247
[NX v22.5.1 Daemon Server] - 2026-02-19T00:19:58.695Z - Received raw message of length 124
[NX v22.5.1 Daemon Server] - 2026-02-19T00:19:58.695Z - Received json message of type HASH_MULTI_GLOB
[NX v22.5.1 Daemon Server] - 2026-02-19T00:19:58.706Z - Serializing response for HASH_GLOB message in json mode
[NX v22.5.1 Daemon Server] - 2026-02-19T00:19:58.707Z - Responding to HASH_GLOB message
[NX v22.5.1 Daemon Server] - 2026-02-19T00:19:58.707Z - [REQUEST]: Responding to the client. handleHashMultiGlob
[NX v22.5.1 Daemon Server] - 2026-02-19T00:19:58.707Z - Done responding to the client handleHashMultiGlob
[NX v22.5.1 Daemon Server] - 2026-02-19T00:19:58.707Z - Handled json message HASH_GLOB. Handling time: 10. Response time: 1.
[NX v22.5.1 Daemon Client] - 2026-02-19T00:19:58.707Z - [Messenger] Received message, length: 92
[NX v22.5.1 Daemon Server] - 2026-02-19T00:19:58.769Z - Closed a connection. Number of open connections: 7
Time for 'daemon-message-serialization-HASH_GLOB' 0.4545459999999366
[NX v22.5.1 Daemon Server] - 2026-02-19T00:19:58.836Z - Received raw message of length 57
[NX v22.5.1 Daemon Server] - 2026-02-19T00:19:58.836Z - Received json message of type HASH_GLOB
[NX v22.5.1 Daemon Server] - 2026-02-19T00:19:58.839Z - Serializing response for HASH_GLOB message in json mode
[NX v22.5.1 Daemon Server] - 2026-02-19T00:19:58.839Z - Responding to HASH_GLOB message
[NX v22.5.1 Daemon Server] - 2026-02-19T00:19:58.839Z - [REQUEST]: Responding to the client. handleHashGlob
[NX v22.5.1 Daemon Server] - 2026-02-19T00:19:58.839Z - Done responding to the client handleHashGlob
[NX v22.5.1 Daemon Server] - 2026-02-19T00:19:58.839Z - Handled json message HASH_GLOB. Handling time: 3. Response time: 0.
[NX v22.5.1 Daemon Client] - 2026-02-19T00:19:58.841Z - [Messenger] Received message, length: 21
Time for 'daemon-message-serialization-GLOB' 0.27667200000041703
[NX v22.5.1 Daemon Server] - 2026-02-19T00:19:58.866Z - Received raw message of length 73
[NX v22.5.1 Daemon Server] - 2026-02-19T00:19:58.866Z - Received json message of type GLOB
[NX v22.5.1 Daemon Server] - 2026-02-19T00:19:58.868Z - Serializing response for GLOB message in json mode
[NX v22.5.1 Daemon Server] - 2026-02-19T00:19:58.869Z - Responding to GLOB message
[NX v22.5.1 Daemon Server] - 2026-02-19T00:19:58.869Z - [REQUEST]: Responding to the client. handleGlob
[NX v22.5.1 Daemon Client] - 2026-02-19T00:19:58.869Z - [Messenger] Received message, length: 6441
[NX v22.5.1 Daemon Server] - 2026-02-19T00:19:58.871Z - Done responding to the client handleGlob
[NX v22.5.1 Daemon Server] - 2026-02-19T00:19:58.871Z - Handled json message GLOB. Handling time: 2. Response time: 3.
[NX v22.5.1 Daemon Client] - 2026-02-19T00:19:58.873Z - [Messenger] Sending message type: HASH_MULTI_GLOB
[NX v22.5.1 Daemon Client] - 2026-02-19T00:19:58.875Z - [Messenger] Message sent
[NX v22.5.1 Daemon Server] - 2026-02-19T00:19:58.876Z - Received raw message of length 867
[NX v22.5.1 Daemon Server] - 2026-02-19T00:19:58.876Z - Received json message of type HASH_MULTI_GLOB
[NX v22.5.1 Daemon Server] - 2026-02-19T00:19:58.891Z - Serializing response for HASH_GLOB message in json mode
[NX v22.5.1 Daemon Server] - 2026-02-19T00:19:58.891Z - Responding to HASH_GLOB message
[NX v22.5.1 Daemon Server] - 2026-02-19T00:19:58.891Z - [REQUEST]: Responding to the client. handleHashMultiGlob
[NX v22.5.1 Daemon Server] - 2026-02-19T00:19:58.891Z - Done responding to the client handleHashMultiGlob
[NX v22.5.1 Daemon Server] - 2026-02-19T00:19:58.891Z - Handled json message HASH_GLOB. Handling time: 15. Response time: 0.
Time for 'GLOB round trip' 469.5858910000002
Time for 'deserialize daemon response - GLOB' 0.16853200000014112
Time for 'daemon-message-serialization-HASH_MULTI_GLOB' 0.0680090000000746
[NX v22.5.1 Daemon Client] - 2026-02-19T00:19:58.892Z - [Messenger] Received message, length: 269
Time for 'daemon-message-serialization-HASH_GLOB' 0.32018299999981537
[NX v22.5.1 Daemon Server] - 2026-02-19T00:19:58.955Z - Received raw message of length 59
[NX v22.5.1 Daemon Server] - 2026-02-19T00:19:58.955Z - Received json message of type HASH_GLOB
[NX v22.5.1 Daemon Server] - 2026-02-19T00:19:58.960Z - Serializing response for HASH_GLOB message in json mode
[NX v22.5.1 Daemon Server] - 2026-02-19T00:19:58.961Z - Responding to HASH_GLOB message
[NX v22.5.1 Daemon Server] - 2026-02-19T00:19:58.961Z - [REQUEST]: Responding to the client. handleHashGlob
[NX v22.5.1 Daemon Server] - 2026-02-19T00:19:58.961Z - Done responding to the client handleHashGlob
[NX v22.5.1 Daemon Server] - 2026-02-19T00:19:58.961Z - Handled json message HASH_GLOB. Handling time: 5. Response time: 1.
[NX v22.5.1 Daemon Client] - 2026-02-19T00:19:58.973Z - [Messenger] Received message, length: 22
Time for 'nx/js/dependencies-and-lockfile:createNodes' 786.337309
Time for 'HASH_MULTI_GLOB round trip' 19.527787999999873
Time for 'deserialize daemon response - HASH_MULTI_GLOB' 0.06048099999998158
[NX v22.5.1 Daemon Server] - 2026-02-19T00:20:00.415Z - [NX-CONSOLE]: Successfully pulled latest Nx to /tmp/tmp-99959-ZMdCYJkQ4YdG
[NX v22.5.1 Daemon Server] - 2026-02-19T00:20:00.947Z - [NX-CONSOLE]: Using local implementation (NX_USE_LOCAL=true or inner call)
DEBUG nx::native::ide::install: Detected editor: Unknown
[NX v22.5.1 Daemon Server] - 2026-02-19T00:20:00.947Z - [NX-CONSOLE]: Console status check completed, shouldPrompt: false
[NX v22.5.1 Daemon Server] - 2026-02-19T00:20:01.045Z - Closed a connection. Number of open connections: 6
[NX v22.5.1 Daemon Client] - 2026-02-19T00:20:01.134Z - [Messenger] Sending message type: HASH_GLOB
[NX v22.5.1 Daemon Client] - 2026-02-19T00:20:01.134Z - [Messenger] Message sent
[NX v22.5.1 Daemon Server] - 2026-02-19T00:20:01.137Z - Received raw message of length 64
[NX v22.5.1 Daemon Server] - 2026-02-19T00:20:01.137Z - Received json message of type HASH_GLOB
[NX v22.5.1 Daemon Server] - 2026-02-19T00:20:01.140Z - Serializing response for HASH_GLOB message in json mode
[NX v22.5.1 Daemon Server] - 2026-02-19T00:20:01.140Z - Responding to HASH_GLOB message
[NX v22.5.1 Daemon Server] - 2026-02-19T00:20:01.140Z - [REQUEST]: Responding to the client. handleHashGlob
[NX v22.5.1 Daemon Server] - 2026-02-19T00:20:01.141Z - Done responding to the client handleHashGlob
[NX v22.5.1 Daemon Server] - 2026-02-19T00:20:01.141Z - Handled json message HASH_GLOB. Handling time: 3. Response time: 1.
Time for 'HASH_GLOB round trip' 571.7195280000001
Time for 'deserialize daemon response - HASH_GLOB' 0.1449959999999919
Time for 'daemon-message-serialization-HASH_GLOB' 0.07001099999979488
[NX v22.5.1 Daemon Client] - 2026-02-19T00:20:01.148Z - [Messenger] Received message, length: 21
[NX v22.5.1 Daemon Server] - 2026-02-19T00:20:01.205Z - Closed a connection. Number of open connections: 5
[NX v22.5.1 Daemon Server] - 2026-02-19T00:20:03.855Z - Closed a connection. Number of open connections: 4
[NX v22.5.1 Daemon Client] - 2026-02-19T00:20:04.144Z - [Messenger] Sending message type: HASH_GLOB
[NX v22.5.1 Daemon Client] - 2026-02-19T00:20:04.145Z - [Messenger] Message sent
[NX v22.5.1 Daemon Server] - 2026-02-19T00:20:04.146Z - Received raw message of length 68
[NX v22.5.1 Daemon Server] - 2026-02-19T00:20:04.146Z - Received json message of type HASH_GLOB
[NX v22.5.1 Daemon Server] - 2026-02-19T00:20:04.148Z - Serializing response for HASH_GLOB message in json mode
[NX v22.5.1 Daemon Server] - 2026-02-19T00:20:04.148Z - Responding to HASH_GLOB message
[NX v22.5.1 Daemon Server] - 2026-02-19T00:20:04.148Z - [REQUEST]: Responding to the client. handleHashGlob
[NX v22.5.1 Daemon Server] - 2026-02-19T00:20:04.150Z - Done responding to the client handleHashGlob
[NX v22.5.1 Daemon Server] - 2026-02-19T00:20:04.150Z - Handled json message HASH_GLOB. Handling time: 2. Response time: 2.
Time for 'HASH_GLOB round trip' 271.00538099999994
[NX v22.5.1 Daemon Client] - 2026-02-19T00:20:04.159Z - [Messenger] Received message, length: 22
Time for 'deserialize daemon response - HASH_GLOB' 0.14685800000006566
Time for 'daemon-message-serialization-HASH_GLOB' 0.06167499999901338
[NX v22.5.1 Daemon Client] - 2026-02-19T00:20:04.209Z - [Messenger] Sending message type: GET_FILES_IN_DIRECTORY
[NX v22.5.1 Daemon Client] - 2026-02-19T00:20:04.209Z - [Messenger] Message sent
[NX v22.5.1 Daemon Server] - 2026-02-19T00:20:04.212Z - Received raw message of length 60
[NX v22.5.1 Daemon Server] - 2026-02-19T00:20:04.212Z - Received json message of type GET_FILES_IN_DIRECTORY
[NX v22.5.1 Daemon Server] - 2026-02-19T00:20:04.213Z - Serializing response for GET_FILES_IN_DIRECTORY message in json mode
[NX v22.5.1 Daemon Server] - 2026-02-19T00:20:04.213Z - Responding to GET_FILES_IN_DIRECTORY message
[NX v22.5.1 Daemon Server] - 2026-02-19T00:20:04.213Z - [REQUEST]: Responding to the client. handleNxWorkspaceFiles
[NX v22.5.1 Daemon Server] - 2026-02-19T00:20:04.213Z - Done responding to the client handleNxWorkspaceFiles
[NX v22.5.1 Daemon Server] - 2026-02-19T00:20:04.213Z - Handled json message GET_FILES_IN_DIRECTORY. Handling time: 1. Response time: 0.
[NX v22.5.1 Daemon Client] - 2026-02-19T00:20:04.235Z - [Messenger] Received message, length: 38
(node:100087) [DEP0180] DeprecationWarning: fs.Stats constructor is deprecated.
(Use `node --trace-deprecation ...` to show where the warning was created)
Time for 'HASH_GLOB round trip' 14.662498000001506
Time for 'deserialize daemon response - HASH_GLOB' 0.043794000001071254
Time for 'daemon-message-serialization-GET_FILES_IN_DIRECTORY' 0.04426400000011199
[NX v22.5.1 Daemon Client] - 2026-02-19T00:20:04.248Z - [Messenger] Sending message type: GET_FILES_IN_DIRECTORY
[NX v22.5.1 Daemon Client] - 2026-02-19T00:20:04.248Z - [Messenger] Message sent
[NX v22.5.1 Daemon Server] - 2026-02-19T00:20:04.248Z - Received raw message of length 65
[NX v22.5.1 Daemon Server] - 2026-02-19T00:20:04.248Z - Received json message of type GET_FILES_IN_DIRECTORY
[NX v22.5.1 Daemon Server] - 2026-02-19T00:20:04.249Z - Serializing response for GET_FILES_IN_DIRECTORY message in json mode
[NX v22.5.1 Daemon Server] - 2026-02-19T00:20:04.249Z - Responding to GET_FILES_IN_DIRECTORY message
[NX v22.5.1 Daemon Server] - 2026-02-19T00:20:04.249Z - [REQUEST]: Responding to the client. handleNxWorkspaceFiles
[NX v22.5.1 Daemon Server] - 2026-02-19T00:20:04.249Z - Done responding to the client handleNxWorkspaceFiles
[NX v22.5.1 Daemon Server] - 2026-02-19T00:20:04.249Z - Handled json message GET_FILES_IN_DIRECTORY. Handling time: 1. Response time: 0.
[NX v22.5.1 Daemon Client] - 2026-02-19T00:20:04.251Z - [Messenger] Received message, length: 43
Time for 'GET_FILES_IN_DIRECTORY round trip' 26.766179000000193
Time for 'deserialize daemon response - GET_FILES_IN_DIRECTORY' 0.036493999999947846
Time for 'daemon-message-serialization-GET_FILES_IN_DIRECTORY' 0.036793999999645166
[NX v22.5.1 Daemon Server] - 2026-02-19T00:20:04.377Z - Time taken for 'build-project-configs' 6015.29767ms
[NX v22.5.1 Daemon Server] - 2026-02-19T00:20:04.381Z - Closed a connection. Number of open connections: 3
[NX v22.5.1 Daemon Server] - 2026-02-19T00:20:05.012Z - [SYNC]: collect registered sync generators
[NX v22.5.1 Daemon Server] - 2026-02-19T00:20:05.027Z - Wrote project graph cache to /home/poukam-tech/project/marizona/.nx/workspace-data/project-graph.json
[NX v22.5.1 Daemon Server] - 2026-02-19T00:20:05.028Z - Serializing response for PROJECT_GRAPH_UPDATED message in json mode
[NX v22.5.1 Daemon Server] - 2026-02-19T00:20:05.035Z - Responding to PROJECT_GRAPH_UPDATED message
[NX v22.5.1 Daemon Server] - 2026-02-19T00:20:05.035Z - [REQUEST]: Responding to the client. Project graph updated
[NX v22.5.1 Daemon Server] - 2026-02-19T00:20:05.039Z - Serializing response for REQUEST_PROJECT_GRAPH message in json mode
[NX v22.5.1 Daemon Server] - 2026-02-19T00:20:05.039Z - Responding to REQUEST_PROJECT_GRAPH message
[NX v22.5.1 Daemon Server] - 2026-02-19T00:20:05.039Z - [REQUEST]: Responding to the client. project-graph
[NX v22.5.1 Daemon Server] - 2026-02-19T00:20:05.042Z - Time taken for 'total for creating and serializing project graph' 9200.738326ms
[NX v22.5.1 Daemon Server] - 2026-02-19T00:20:05.046Z - Done responding to the client Project graph updated
[NX v22.5.1 Daemon Server] - 2026-02-19T00:20:05.046Z - Handled json message PROJECT_GRAPH_UPDATED. Handling time: 14. Response time: 18.
[NX v22.5.1 Daemon Client] - 2026-02-19T00:20:05.048Z - [Messenger] Received message, length: 1386586
[NX v22.5.1 Daemon Server] - 2026-02-19T00:20:05.065Z - Done responding to the client project-graph
[NX v22.5.1 Daemon Server] - 2026-02-19T00:20:05.065Z - Handled json message REQUEST_PROJECT_GRAPH. Handling time: 9201. Response time: 26.
[NX v22.5.1 Daemon Client] - 2026-02-19T00:20:05.067Z - [Messenger] Received message, length: 1386593
[NX v22.5.1 Daemon Client] - 2026-02-19T00:20:05.079Z - [Messenger] Sending message type: GET_CONTEXT_FILE_DATA
[NX v22.5.1 Daemon Client] - 2026-02-19T00:20:05.080Z - [Messenger] Message sent
[NX v22.5.1 Daemon Server] - 2026-02-19T00:20:05.080Z - Received raw message of length 32
[NX v22.5.1 Daemon Server] - 2026-02-19T00:20:05.080Z - Received json message of type GET_CONTEXT_FILE_DATA
[NX v22.5.1 Daemon Server] - 2026-02-19T00:20:05.081Z - Serializing response for GET_CONTEXT_FILE_DATA message in json mode
[NX v22.5.1 Daemon Server] - 2026-02-19T00:20:05.082Z - Responding to GET_CONTEXT_FILE_DATA message
[NX v22.5.1 Daemon Server] - 2026-02-19T00:20:05.082Z - [REQUEST]: Responding to the client. handleContextFileData
[NX v22.5.1 Daemon Server] - 2026-02-19T00:20:05.082Z - Done responding to the client handleContextFileData
[NX v22.5.1 Daemon Server] - 2026-02-19T00:20:05.082Z - Handled json message GET_CONTEXT_FILE_DATA. Handling time: 1. Response time: 1.
[NX v22.5.1 Daemon Client] - 2026-02-19T00:20:05.084Z - [Messenger] Received message, length: 19406
[NX v22.5.1 Daemon Server] - 2026-02-19T00:20:06.336Z - Established a connection. Number of open connections: 4
[NX v22.5.1 Daemon Server] - 2026-02-19T00:20:06.337Z - Established a connection. Number of open connections: 5
[NX v22.5.1 Daemon Client] - 2026-02-19T00:20:06.338Z - [Messenger] Sending message type: REGISTER_PROJECT_GRAPH_LISTENER
[NX v22.5.1 Daemon Client] - 2026-02-19T00:20:06.338Z - [Messenger] Message sent
[NX v22.5.1 Daemon Server] - 2026-02-19T00:20:06.338Z - Closed a connection. Number of open connections: 4
[NX v22.5.1 Daemon Server] - 2026-02-19T00:20:06.338Z - Received raw message of length 42
[NX v22.5.1 Daemon Server] - 2026-02-19T00:20:06.338Z - Received json message of type REGISTER_PROJECT_GRAPH_LISTENER
[NX v22.5.1 Daemon Server] - 2026-02-19T00:20:06.339Z - Established a connection. Number of open connections: 5
[NX v22.5.1 Daemon Server] - 2026-02-19T00:20:06.341Z - Established a connection. Number of open connections: 6
[NX v22.5.1 Daemon Client] - 2026-02-19T00:20:06.342Z - [Messenger] Sending message type: REGISTER_PROJECT_GRAPH_LISTENER
[NX v22.5.1 Daemon Client] - 2026-02-19T00:20:06.342Z - [Messenger] Message sent
[NX v22.5.1 Daemon Server] - 2026-02-19T00:20:06.343Z - Closed a connection. Number of open connections: 5
[NX v22.5.1 Daemon Server] - 2026-02-19T00:20:06.343Z - Received raw message of length 42
[NX v22.5.1 Daemon Server] - 2026-02-19T00:20:06.343Z - Received json message of type REGISTER_PROJECT_GRAPH_LISTENER
[NX v22.5.1 Daemon Server] - 2026-02-19T00:20:06.359Z - Established a connection. Number of open connections: 6
[NX v22.5.1 Daemon Client] - 2026-02-19T00:20:06.360Z - [Messenger] Sending message type: REGISTER_PROJECT_GRAPH_LISTENER
[NX v22.5.1 Daemon Client] - 2026-02-19T00:20:06.360Z - [Messenger] Message sent
[NX v22.5.1 Daemon Client] - 2026-02-19T00:20:06.360Z - [Messenger] Sending message type: REGISTER_PROJECT_GRAPH_LISTENER
[NX v22.5.1 Daemon Client] - 2026-02-19T00:20:06.360Z - [Messenger] Message sent
[NX v22.5.1 Daemon Server] - 2026-02-19T00:20:06.361Z - Received raw message of length 42
[NX v22.5.1 Daemon Server] - 2026-02-19T00:20:06.361Z - Received json message of type REGISTER_PROJECT_GRAPH_LISTENER
[NX v22.5.1 Daemon Server] - 2026-02-19T00:20:06.361Z - Received raw message of length 42
[NX v22.5.1 Daemon Server] - 2026-02-19T00:20:06.361Z - Received json message of type REGISTER_PROJECT_GRAPH_LISTENER
[NX v22.5.1 Daemon Server] - 2026-02-19T00:20:06.361Z - Closed a connection. Number of open connections: 5
[NX v22.5.1 Daemon Server] - 2026-02-19T00:20:06.362Z - Closed a connection. Number of open connections: 4
[NX v22.5.1 Daemon Server] - 2026-02-19T00:20:06.362Z - Established a connection. Number of open connections: 5
[NX v22.5.1 Daemon Server] - 2026-02-19T00:20:06.362Z - Established a connection. Number of open connections: 6
[NX v22.5.1 Daemon Client] - 2026-02-19T00:20:06.362Z - [Messenger] Sending message type: REGISTER_PROJECT_GRAPH_LISTENER
[NX v22.5.1 Daemon Server] - 2026-02-19T00:20:06.362Z - Established a connection. Number of open connections: 7
[NX v22.5.1 Daemon Client] - 2026-02-19T00:20:06.363Z - [Messenger] Message sent
[NX v22.5.1 Daemon Server] - 2026-02-19T00:20:06.363Z - Closed a connection. Number of open connections: 6
[NX v22.5.1 Daemon Server] - 2026-02-19T00:20:06.363Z - Received raw message of length 42
[NX v22.5.1 Daemon Server] - 2026-02-19T00:20:06.363Z - Received json message of type REGISTER_PROJECT_GRAPH_LISTENER
[NX v22.5.1 Daemon Client] - 2026-02-19T00:20:06.374Z - [Messenger] Sending message type: REGISTER_PROJECT_GRAPH_LISTENER
[NX v22.5.1 Daemon Server] - 2026-02-19T00:20:06.374Z - Established a connection. Number of open connections: 7
[NX v22.5.1 Daemon Client] - 2026-02-19T00:20:06.374Z - [Messenger] Message sent
[NX v22.5.1 Daemon Client] - 2026-02-19T00:20:06.375Z - [Messenger] Sending message type: REGISTER_PROJECT_GRAPH_LISTENER
[NX v22.5.1 Daemon Server] - 2026-02-19T00:20:06.375Z - Received raw message of length 42
[NX v22.5.1 Daemon Client] - 2026-02-19T00:20:06.375Z - [Messenger] Message sent
[NX v22.5.1 Daemon Server] - 2026-02-19T00:20:06.375Z - Received json message of type REGISTER_PROJECT_GRAPH_LISTENER
[NX v22.5.1 Daemon Server] - 2026-02-19T00:20:06.375Z - Closed a connection. Number of open connections: 6
[NX v22.5.1 Daemon Client] - 2026-02-19T00:20:06.375Z - [Messenger] Sending message type: REGISTER_PROJECT_GRAPH_LISTENER
[NX v22.5.1 Daemon Server] - 2026-02-19T00:20:06.375Z - Received raw message of length 42
[NX v22.5.1 Daemon Client] - 2026-02-19T00:20:06.375Z - [Messenger] Message sent
[NX v22.5.1 Daemon Server] - 2026-02-19T00:20:06.375Z - Received json message of type REGISTER_PROJECT_GRAPH_LISTENER
[NX v22.5.1 Daemon Server] - 2026-02-19T00:20:06.375Z - Closed a connection. Number of open connections: 5
[NX v22.5.1 Daemon Server] - 2026-02-19T00:20:06.376Z - Closed a connection. Number of open connections: 4
[NX v22.5.1 Daemon Server] - 2026-02-19T00:20:06.376Z - Received raw message of length 42
[NX v22.5.1 Daemon Server] - 2026-02-19T00:20:06.376Z - Received json message of type REGISTER_PROJECT_GRAPH_LISTENER
[NX v22.5.1 Daemon Client] - 2026-02-19T00:20:06.387Z - [Messenger] Sending message type: REGISTER_PROJECT_GRAPH_LISTENER
[NX v22.5.1 Daemon Client] - 2026-02-19T00:20:06.387Z - [Messenger] Message sent
[NX v22.5.1 Daemon Server] - 2026-02-19T00:20:06.387Z - Established a connection. Number of open connections: 5
[NX v22.5.1 Daemon Server] - 2026-02-19T00:20:06.388Z - Received raw message of length 42
[NX v22.5.1 Daemon Server] - 2026-02-19T00:20:06.388Z - Received json message of type REGISTER_PROJECT_GRAPH_LISTENER
[NX v22.5.1 Daemon Server] - 2026-02-19T00:20:06.388Z - Closed a connection. Number of open connections: 4
[NX v22.5.1 Daemon Client] - 2026-02-19T00:20:06.388Z - [Messenger] Sending message type: REGISTER_PROJECT_GRAPH_LISTENER
[NX v22.5.1 Daemon Server] - 2026-02-19T00:20:06.388Z - Closed a connection. Number of open connections: 3
[NX v22.5.1 Daemon Client] - 2026-02-19T00:20:06.388Z - [Messenger] Message sent
[NX v22.5.1 Daemon Server] - 2026-02-19T00:20:06.388Z - Received raw message of length 42
[NX v22.5.1 Daemon Server] - 2026-02-19T00:20:06.388Z - Received json message of type REGISTER_PROJECT_GRAPH_LISTENER
[NX v22.5.1 Daemon Server] - 2026-02-19T00:20:10.815Z - Established a connection. Number of open connections: 4
[NX v22.5.1 Daemon Server] - 2026-02-19T00:20:10.816Z - Closed a connection. Number of open connections: 3
[NX v22.5.1 Daemon Server] - 2026-02-19T00:20:10.817Z - Established a connection. Number of open connections: 4
[NX v22.5.1 Daemon Client] - 2026-02-19T00:20:10.817Z - [Messenger] Setting up socket listeners
[NX v22.5.1 Daemon Client] - 2026-02-19T00:20:10.818Z - [Messenger] listen() complete
[NX v22.5.1 Daemon Client] - 2026-02-19T00:20:10.818Z - [Messenger] Sending message type: REQUEST_PROJECT_GRAPH
[NX v22.5.1 Daemon Client] - 2026-02-19T00:20:10.819Z - [Messenger] Message sent
[NX v22.5.1 Daemon Server] - 2026-02-19T00:20:10.927Z - Received raw message of length 32
[NX v22.5.1 Daemon Server] - 2026-02-19T00:20:10.927Z - Received json message of type REQUEST_PROJECT_GRAPH
[NX v22.5.1 Daemon Server] - 2026-02-19T00:20:10.927Z - [REQUEST]: Client Request for Project Graph Received
[NX v22.5.1 Daemon Server] - 2026-02-19T00:20:10.927Z - Reusing in-memory cached project graph because no files changed.
[NX v22.5.1 Daemon Server] - 2026-02-19T00:20:10.942Z - Wrote project graph cache to /home/poukam-tech/project/marizona/.nx/workspace-data/project-graph.json
[NX v22.5.1 Daemon Server] - 2026-02-19T00:20:10.942Z - Serializing response for REQUEST_PROJECT_GRAPH message in json mode
[NX v22.5.1 Daemon Server] - 2026-02-19T00:20:10.942Z - Responding to REQUEST_PROJECT_GRAPH message
[NX v22.5.1 Daemon Server] - 2026-02-19T00:20:10.942Z - [REQUEST]: Responding to the client. project-graph
[NX v22.5.1 Daemon Server] - 2026-02-19T00:20:10.944Z - Time taken for 'total for creating and serializing project graph' 15.32810900000004ms
[NX v22.5.1 Daemon Server] - 2026-02-19T00:20:10.948Z - Done responding to the client project-graph
[NX v22.5.1 Daemon Server] - 2026-02-19T00:20:10.948Z - Handled json message REQUEST_PROJECT_GRAPH. Handling time: 15. Response time: 6.
[NX v22.5.1 Daemon Client] - 2026-02-19T00:20:10.951Z - [Messenger] Received message, length: 1386593
[NX v22.5.1 Daemon Server] - 2026-02-19T00:20:11.190Z - Closed a connection. Number of open connections: 3
[NX v22.5.1 Daemon Server] - 2026-02-19T00:20:12.658Z - Established a connection. Number of open connections: 4
[NX v22.5.1 Daemon Server] - 2026-02-19T00:20:12.659Z - Closed a connection. Number of open connections: 3
[NX v22.5.1 Daemon Server] - 2026-02-19T00:20:12.660Z - Established a connection. Number of open connections: 4
[NX v22.5.1 Daemon Client] - 2026-02-19T00:20:12.660Z - [Messenger] Setting up socket listeners
[NX v22.5.1 Daemon Client] - 2026-02-19T00:20:12.660Z - [Messenger] listen() complete
[NX v22.5.1 Daemon Client] - 2026-02-19T00:20:12.661Z - [Messenger] Sending message type: REQUEST_PROJECT_GRAPH
[NX v22.5.1 Daemon Client] - 2026-02-19T00:20:12.662Z - [Messenger] Message sent
[NX v22.5.1 Daemon Server] - 2026-02-19T00:20:12.713Z - Received raw message of length 32
[NX v22.5.1 Daemon Server] - 2026-02-19T00:20:12.713Z - Received json message of type REQUEST_PROJECT_GRAPH
[NX v22.5.1 Daemon Server] - 2026-02-19T00:20:12.713Z - [REQUEST]: Client Request for Project Graph Received
[NX v22.5.1 Daemon Server] - 2026-02-19T00:20:12.713Z - Reusing in-memory cached project graph because no files changed.
[NX v22.5.1 Daemon Server] - 2026-02-19T00:20:12.724Z - Wrote project graph cache to /home/poukam-tech/project/marizona/.nx/workspace-data/project-graph.json
[NX v22.5.1 Daemon Server] - 2026-02-19T00:20:12.724Z - Serializing response for REQUEST_PROJECT_GRAPH message in json mode
[NX v22.5.1 Daemon Server] - 2026-02-19T00:20:12.725Z - Responding to REQUEST_PROJECT_GRAPH message
[NX v22.5.1 Daemon Server] - 2026-02-19T00:20:12.725Z - [REQUEST]: Responding to the client. project-graph
[NX v22.5.1 Daemon Server] - 2026-02-19T00:20:12.726Z - Time taken for 'total for creating and serializing project graph' 11.45748900000035ms
[NX v22.5.1 Daemon Server] - 2026-02-19T00:20:12.729Z - Done responding to the client project-graph
[NX v22.5.1 Daemon Server] - 2026-02-19T00:20:12.729Z - Handled json message REQUEST_PROJECT_GRAPH. Handling time: 11. Response time: 5.
[NX v22.5.1 Daemon Client] - 2026-02-19T00:20:12.731Z - [Messenger] Received message, length: 1386593
[NX v22.5.1 Daemon Server] - 2026-02-19T00:20:14.620Z - Established a connection. Number of open connections: 5
[NX v22.5.1 Daemon Server] - 2026-02-19T00:20:14.622Z - Closed a connection. Number of open connections: 4
[NX v22.5.1 Daemon Server] - 2026-02-19T00:20:14.624Z - Established a connection. Number of open connections: 5
[NX v22.5.1 Daemon Server] - 2026-02-19T00:20:14.624Z - Established a connection. Number of open connections: 6
[NX v22.5.1 Daemon Client] - 2026-02-19T00:20:14.624Z - [Messenger] Setting up socket listeners
[NX v22.5.1 Daemon Server] - 2026-02-19T00:20:14.625Z - Closed a connection. Number of open connections: 5
[NX v22.5.1 Daemon Client] - 2026-02-19T00:20:14.625Z - [Messenger] listen() complete
[NX v22.5.1 Daemon Client] - 2026-02-19T00:20:14.626Z - [Messenger] Sending message type: GET_NX_CONSOLE_STATUS
[NX v22.5.1 Daemon Client] - 2026-02-19T00:20:14.627Z - [Messenger] Message sent
[NX v22.5.1 Daemon Server] - 2026-02-19T00:20:14.705Z - Received raw message of length 32
[NX v22.5.1 Daemon Server] - 2026-02-19T00:20:14.705Z - Received json message of type GET_NX_CONSOLE_STATUS
[NX v22.5.1 Daemon Server] - 2026-02-19T00:20:14.705Z - Serializing response for GET_NX_CONSOLE_STATUS message in json mode
[NX v22.5.1 Daemon Server] - 2026-02-19T00:20:14.705Z - Responding to GET_NX_CONSOLE_STATUS message
[NX v22.5.1 Daemon Server] - 2026-02-19T00:20:14.705Z - [REQUEST]: Responding to the client. handleGetNxConsoleStatus
[NX v22.5.1 Daemon Server] - 2026-02-19T00:20:14.705Z - Done responding to the client handleGetNxConsoleStatus
[NX v22.5.1 Daemon Server] - 2026-02-19T00:20:14.705Z - Handled json message GET_NX_CONSOLE_STATUS. Handling time: 0. Response time: 0.
[NX v22.5.1 Daemon Client] - 2026-02-19T00:20:14.706Z - [Messenger] Received message, length: 22
[NX v22.5.1 Daemon Client] - 2026-02-19T00:20:14.765Z - [Messenger] Sending message type: REQUEST_PROJECT_GRAPH
[NX v22.5.1 Daemon Client] - 2026-02-19T00:20:14.766Z - [Messenger] Message sent
[NX v22.5.1 Daemon Server] - 2026-02-19T00:20:14.766Z - Received raw message of length 32
[NX v22.5.1 Daemon Server] - 2026-02-19T00:20:14.766Z - Received json message of type REQUEST_PROJECT_GRAPH
[NX v22.5.1 Daemon Server] - 2026-02-19T00:20:14.766Z - [REQUEST]: Client Request for Project Graph Received
[NX v22.5.1 Daemon Server] - 2026-02-19T00:20:14.766Z - Reusing in-memory cached project graph because no files changed.
[NX v22.5.1 Daemon Server] - 2026-02-19T00:20:14.782Z - Wrote project graph cache to /home/poukam-tech/project/marizona/.nx/workspace-data/project-graph.json
[NX v22.5.1 Daemon Server] - 2026-02-19T00:20:14.782Z - Serializing response for REQUEST_PROJECT_GRAPH message in json mode
[NX v22.5.1 Daemon Server] - 2026-02-19T00:20:14.782Z - Responding to REQUEST_PROJECT_GRAPH message
[NX v22.5.1 Daemon Server] - 2026-02-19T00:20:14.782Z - [REQUEST]: Responding to the client. project-graph
[NX v22.5.1 Daemon Server] - 2026-02-19T00:20:14.784Z - Time taken for 'total for creating and serializing project graph' 16.359371000002284ms
[NX v22.5.1 Daemon Server] - 2026-02-19T00:20:14.787Z - Done responding to the client project-graph
[NX v22.5.1 Daemon Server] - 2026-02-19T00:20:14.788Z - Handled json message REQUEST_PROJECT_GRAPH. Handling time: 16. Response time: 6.
[NX v22.5.1 Daemon Client] - 2026-02-19T00:20:14.790Z - [Messenger] Received message, length: 1386593
[NX v22.5.1 Daemon Client] - 2026-02-19T00:20:14.802Z - [Messenger] Sending message type: PRE_TASKS_EXECUTION
[NX v22.5.1 Daemon Client] - 2026-02-19T00:20:14.802Z - [Messenger] Message sent
[NX v22.5.1 Daemon Server] - 2026-02-19T00:20:14.802Z - Received raw message of length 1630
[NX v22.5.1 Daemon Server] - 2026-02-19T00:20:14.802Z - Received json message of type PRE_TASKS_EXECUTION
[NX v22.5.1 Daemon Server] - 2026-02-19T00:20:14.803Z - Serializing response for PRE_TASKS_EXECUTION message in json mode
[NX v22.5.1 Daemon Server] - 2026-02-19T00:20:14.804Z - Responding to PRE_TASKS_EXECUTION message
[NX v22.5.1 Daemon Server] - 2026-02-19T00:20:14.804Z - [REQUEST]: Responding to the client. handleRunPreTasksExecution
[NX v22.5.1 Daemon Server] - 2026-02-19T00:20:14.804Z - Done responding to the client handleRunPreTasksExecution
[NX v22.5.1 Daemon Server] - 2026-02-19T00:20:14.804Z - Handled json message PRE_TASKS_EXECUTION. Handling time: 1. Response time: 1.
[NX v22.5.1 Daemon Client] - 2026-02-19T00:20:14.804Z - [Messenger] Received message, length: 2
[NX v22.5.1 Daemon Server] - 2026-02-19T00:20:14.804Z - Time taken for 'preTasksExecution' 0.8107180000006338ms
[NX v22.5.1 Daemon Client] - 2026-02-19T00:20:14.832Z - [Messenger] Sending message type: HASH_TASKS
[NX v22.5.1 Daemon Client] - 2026-02-19T00:20:14.833Z - [Messenger] Message sent
[NX v22.5.1 Daemon Server] - 2026-02-19T00:20:14.833Z - Received raw message of length 8506
[NX v22.5.1 Daemon Server] - 2026-02-19T00:20:14.833Z - Received json message of type HASH_TASKS
[NX v22.5.1 Daemon Server] - 2026-02-19T00:20:14.834Z - Reusing in-memory cached project graph because no files changed.
[NX v22.5.1 Daemon Server] - 2026-02-19T00:20:14.846Z - Wrote project graph cache to /home/poukam-tech/project/marizona/.nx/workspace-data/project-graph.json
DEBUG nx::native::tasks::hash_planner: get_plans_internal COMPLETED in 7.650844ms - processed 1 tasks (setup: 7.136076ms, parallel_planning: 492.727µs)
DEBUG nx::native::tasks::hashers::hash_workspace_files: Hashing workspace fileset with inputs: Adding "12475982618692230973" (".gitignore") to hash
DEBUG nx::native::tasks::hashers::hash_workspace_files: Hashing workspace fileset with inputs: Adding "8516195800549599522" (".nxignore") to hash
DEBUG nx::native::tasks::hashers::hash_workspace_files: Hashing workspace fileset with inputs: Adding "614954295243266697" ("nx.json") to hash
DEBUG nx::native::tasks::hashers::hash_workspace_files: Hashing workspace fileset with inputs: Hash Value: "16382247164987548109"
DEBUG nx::native::tasks::task_hasher: hash_plans COMPLETED in 7.2574ms - processed 1 plans (setup: 1.263969ms, hashing: 5.982894ms, assembly: 2.226833ms)
[NX v22.5.1 Daemon Server] - 2026-02-19T00:20:14.885Z - Serializing response for HASH_TASKS message in json mode
[NX v22.5.1 Daemon Server] - 2026-02-19T00:20:14.885Z - Responding to HASH_TASKS message
[NX v22.5.1 Daemon Server] - 2026-02-19T00:20:14.886Z - [REQUEST]: Responding to the client. handleHashTasks
[NX v22.5.1 Daemon Server] - 2026-02-19T00:20:14.886Z - Done responding to the client handleHashTasks
[NX v22.5.1 Daemon Server] - 2026-02-19T00:20:14.886Z - Handled json message HASH_TASKS. Handling time: 52. Response time: 1.
[NX v22.5.1 Daemon Server] - 2026-02-19T00:20:14.886Z - Time taken for 'write cache' 12.061349999999948ms
[NX v22.5.1 Daemon Client] - 2026-02-19T00:20:14.886Z - [Messenger] Received message, length: 101194
[NX v22.5.1 Daemon Client] - 2026-02-19T00:20:14.905Z - [Messenger] Sending message type: GET_ESTIMATED_TASK_TIMINGS
[NX v22.5.1 Daemon Client] - 2026-02-19T00:20:14.905Z - [Messenger] Message sent
[NX v22.5.1 Daemon Server] - 2026-02-19T00:20:14.905Z - Received raw message of length 119
[NX v22.5.1 Daemon Server] - 2026-02-19T00:20:14.905Z - Received json message of type GET_ESTIMATED_TASK_TIMINGS
[NX v22.5.1 Daemon Server] - 2026-02-19T00:20:14.907Z - Serializing response for GET_ESTIMATED_TASK_TIMINGS message in json mode
[NX v22.5.1 Daemon Server] - 2026-02-19T00:20:14.907Z - Responding to GET_ESTIMATED_TASK_TIMINGS message
[NX v22.5.1 Daemon Server] - 2026-02-19T00:20:14.907Z - [REQUEST]: Responding to the client. handleGetEstimatedTaskTimings
[NX v22.5.1 Daemon Server] - 2026-02-19T00:20:14.907Z - Done responding to the client handleGetEstimatedTaskTimings
[NX v22.5.1 Daemon Server] - 2026-02-19T00:20:14.907Z - Handled json message GET_ESTIMATED_TASK_TIMINGS. Handling time: 2. Response time: 0.
[NX v22.5.1 Daemon Client] - 2026-02-19T00:20:14.907Z - [Messenger] Received message, length: 2
[NX v22.5.1 Daemon Server] - 2026-02-19T00:20:17.043Z - Established a connection. Number of open connections: 6
[NX v22.5.1 Daemon Server] - 2026-02-19T00:20:17.046Z - Closed a connection. Number of open connections: 5
[NX v22.5.1 Daemon Server] - 2026-02-19T00:20:17.046Z - Established a connection. Number of open connections: 6
[NX v22.5.1 Daemon Client] - 2026-02-19T00:20:17.046Z - [Messenger] Setting up socket listeners
[NX v22.5.1 Daemon Client] - 2026-02-19T00:20:17.047Z - [Messenger] listen() complete
[NX v22.5.1 Daemon Client] - 2026-02-19T00:20:17.047Z - [Messenger] Sending message type: REQUEST_PROJECT_GRAPH
[NX v22.5.1 Daemon Client] - 2026-02-19T00:20:17.048Z - [Messenger] Message sent
[NX v22.5.1 Daemon Server] - 2026-02-19T00:20:17.131Z - Received raw message of length 32
[NX v22.5.1 Daemon Server] - 2026-02-19T00:20:17.131Z - Received json message of type REQUEST_PROJECT_GRAPH
[NX v22.5.1 Daemon Server] - 2026-02-19T00:20:17.131Z - [REQUEST]: Client Request for Project Graph Received
[NX v22.5.1 Daemon Server] - 2026-02-19T00:20:17.131Z - Reusing in-memory cached project graph because no files changed.
[NX v22.5.1 Daemon Server] - 2026-02-19T00:20:17.144Z - Wrote project graph cache to /home/poukam-tech/project/marizona/.nx/workspace-data/project-graph.json
[NX v22.5.1 Daemon Server] - 2026-02-19T00:20:17.144Z - Serializing response for REQUEST_PROJECT_GRAPH message in json mode
[NX v22.5.1 Daemon Server] - 2026-02-19T00:20:17.144Z - Responding to REQUEST_PROJECT_GRAPH message
[NX v22.5.1 Daemon Server] - 2026-02-19T00:20:17.144Z - [REQUEST]: Responding to the client. project-graph
[NX v22.5.1 Daemon Server] - 2026-02-19T00:20:17.146Z - Time taken for 'total for creating and serializing project graph' 12.643993999998202ms
[NX v22.5.1 Daemon Server] - 2026-02-19T00:20:17.149Z - Done responding to the client project-graph
[NX v22.5.1 Daemon Server] - 2026-02-19T00:20:17.149Z - Handled json message REQUEST_PROJECT_GRAPH. Handling time: 13. Response time: 5.
[NX v22.5.1 Daemon Client] - 2026-02-19T00:20:17.151Z - [Messenger] Received message, length: 1386593
[NX v22.5.1 Daemon Client] - 2026-02-19T00:20:18.138Z - [Messenger] Sending message type: REQUEST_PROJECT_GRAPH
[NX v22.5.1 Daemon Client] - 2026-02-19T00:20:18.138Z - [Messenger] Message sent
[NX v22.5.1 Daemon Server] - 2026-02-19T00:20:18.139Z - Received raw message of length 32
[NX v22.5.1 Daemon Server] - 2026-02-19T00:20:18.139Z - Received json message of type REQUEST_PROJECT_GRAPH
[NX v22.5.1 Daemon Server] - 2026-02-19T00:20:18.139Z - [REQUEST]: Client Request for Project Graph Received
[NX v22.5.1 Daemon Server] - 2026-02-19T00:20:18.140Z - Reusing in-memory cached project graph because no files changed.
[NX v22.5.1 Daemon Server] - 2026-02-19T00:20:18.178Z - Wrote project graph cache to /home/poukam-tech/project/marizona/.nx/workspace-data/project-graph.json
[NX v22.5.1 Daemon Server] - 2026-02-19T00:20:18.179Z - Serializing response for REQUEST_PROJECT_GRAPH message in json mode
[NX v22.5.1 Daemon Server] - 2026-02-19T00:20:18.179Z - Responding to REQUEST_PROJECT_GRAPH message
[NX v22.5.1 Daemon Server] - 2026-02-19T00:20:18.179Z - [REQUEST]: Responding to the client. project-graph
[NX v22.5.1 Daemon Server] - 2026-02-19T00:20:18.193Z - Time taken for 'total for creating and serializing project graph' 39.15834900000118ms
[NX v22.5.1 Daemon Server] - 2026-02-19T00:20:18.270Z - Done responding to the client project-graph
[NX v22.5.1 Daemon Server] - 2026-02-19T00:20:18.270Z - Handled json message REQUEST_PROJECT_GRAPH. Handling time: 40. Response time: 91.
[NX v22.5.1 Daemon Client] - 2026-02-19T00:20:18.273Z - [Messenger] Received message, length: 1386593
[NX v22.5.1 Daemon Server] - 2026-02-19T00:21:05.331Z - [Server] lock file hash changed! old=14570848610732633557, new=14427120267645271541
[NX v22.5.1 Daemon Server] - 2026-02-19T00:21:05.331Z - [Server] Daemon outdated: LOCK_FILES_CHANGED
[NX v22.5.1 Daemon Server] - 2026-02-19T00:21:05.331Z - [Server] Restarting daemon...
[NX v22.5.1 Daemon Server] - 2026-02-19T00:21:05.342Z - Restarting daemon with script: /home/poukam-tech/project/marizona/node_modules/nx/src/daemon/server/start.js
[NX v22.5.1 Daemon Server] - 2026-02-19T00:21:05.342Z - Old daemon __dirname: /home/poukam-tech/project/marizona/node_modules/nx/src/daemon/server
[NX v22.5.1 Daemon Server] - 2026-02-19T00:21:05.343Z - Current process.execPath: /home/poukam-tech/.nvm/versions/node/v22.21.1/bin/node
[NX v22.5.1 Daemon Server] - 2026-02-19T00:21:05.366Z - Started new daemon process in background
[NX v22.5.1 Daemon Server] - 2026-02-19T00:21:05.368Z - Closed a connection. Number of open connections: 5
[NX v22.5.1 Daemon Server] - 2026-02-19T00:21:05.368Z - Closed a connection. Number of open connections: 4
[NX v22.5.1 Daemon Server] - 2026-02-19T00:21:05.368Z - Closed a connection. Number of open connections: 3
[NX v22.5.1 Daemon Server] - 2026-02-19T00:21:05.368Z - Closed a connection. Number of open connections: 2
[NX v22.5.1 Daemon Server] - 2026-02-19T00:21:05.368Z - Closed a connection. Number of open connections: 1
[NX v22.5.1 Daemon Server] - 2026-02-19T00:21:05.368Z - Closed a connection. Number of open connections: 0
[NX v22.5.1 Daemon Client] - 2026-02-19T00:21:05.372Z - [FileWatcher] Starting reconnection for 1 callbacks
[NX v22.5.1 Daemon Client] - 2026-02-19T00:21:05.372Z - [Client] Waiting for server (max: 6000 attempts, 10ms interval)
[NX v22.5.1 Daemon Server] - 2026-02-19T00:21:05.379Z - [WATCHER]: Stopping the watcher for /home/poukam-tech/project/marizona (sources)
[NX v22.5.1 Daemon Client] - 2026-02-19T00:21:05.380Z - [ProjectGraphListener] Starting reconnection for 15 callbacks
[NX v22.5.1 Daemon Client] - 2026-02-19T00:21:05.380Z - [Client] Waiting for server (max: 6000 attempts, 10ms interval)
[NX v22.5.1 Daemon Server] - 2026-02-19T00:21:05.381Z - [WATCHER]: 1 file(s) created or restored, 1 file(s) modified, 0 file(s) deleted
[NX v22.5.1 Daemon Server] - 2026-02-19T00:21:05.381Z - [SYNC]: clearing sync generators cache due to file changes
[NX v22.5.1 Daemon Server] - 2026-02-19T00:21:05.382Z - [WATCHER]: Processing file changes in outputs
[NX v22.5.1 Daemon Server] - 2026-02-19T00:21:05.391Z - [WATCHER]: Stopping the watcher for /home/poukam-tech/project/marizona (sources)
[NX v22.5.1 Daemon Server] - 2026-02-19T00:21:05.391Z - [WATCHER]: Stopping the watcher for /home/poukam-tech/project/marizona (outputs)
[NX v22.5.1 Daemon Server] - 2026-02-19T00:21:05.392Z - [NX-CONSOLE]: Cleaning up latest Nx installation from /tmp/tmp-99959-ZMdCYJkQ4YdG
[NX v22.5.1 Daemon Server] - 2026-02-19T00:21:05.392Z - Server stopped because: "LOCK_FILES_CHANGED"
[NX v22.5.1 Daemon Server] - 2026-02-19T00:21:05.937Z - New daemon starting from: /home/poukam-tech/project/marizona/node_modules/nx/src/daemon/server/server.js
[NX v22.5.1 Daemon Server] - 2026-02-19T00:21:05.941Z - New daemon __dirname: /home/poukam-tech/project/marizona/node_modules/nx/src/daemon/server
[NX v22.5.1 Daemon Server] - 2026-02-19T00:21:05.941Z - New daemon nxVersion: 22.5.1
[NX v22.5.1 Daemon Server] - 2026-02-19T00:21:05.942Z - New daemon getInstalledNxVersion(): 22.5.1
[NX v22.5.1 Daemon Server] - 2026-02-19T00:21:05.949Z - [Server] Starting outdated check interval (20ms)
[NX v22.5.1 Daemon Client] - 2026-02-19T00:21:05.952Z - [Client] Server available after 37 attempts
[NX v22.5.1 Daemon Server] - 2026-02-19T00:21:05.952Z - Started listening on: /tmp/ed5a8e044f5573824230/d.sock
[NX v22.5.1 Daemon Client] - 2026-02-19T00:21:05.952Z - [Messenger] Setting up socket listeners
[NX v22.5.1 Daemon Client] - 2026-02-19T00:21:05.952Z - [Messenger] listen() complete
[NX v22.5.1 Daemon Client] - 2026-02-19T00:21:05.952Z - [Messenger] Sending message type: REGISTER_PROJECT_GRAPH_LISTENER
[NX v22.5.1 Daemon Client] - 2026-02-19T00:21:05.952Z - [Messenger] Message sent
[NX v22.5.1 Daemon Client] - 2026-02-19T00:21:05.952Z - [ProjectGraphListener] Reconnected successfully
[NX v22.5.1 Daemon Server] - 2026-02-19T00:21:05.958Z - [WATCHER]: Subscribed to changes within: /home/poukam-tech/project/marizona (native)
[NX v22.5.1 Daemon Server] - 2026-02-19T00:21:05.960Z - [NX-CONSOLE]: Pulling latest Nx (latest) to check console status...
[NX v22.5.1 Daemon Client] - 2026-02-19T00:21:05.964Z - [Client] Server available after 32 attempts
[NX v22.5.1 Daemon Client] - 2026-02-19T00:21:05.964Z - [Messenger] Setting up socket listeners
[NX v22.5.1 Daemon Client] - 2026-02-19T00:21:05.965Z - [Messenger] listen() complete
[NX v22.5.1 Daemon Client] - 2026-02-19T00:21:05.965Z - [Messenger] Sending message type: REGISTER_FILE_WATCHER
[NX v22.5.1 Daemon Client] - 2026-02-19T00:21:05.965Z - [Messenger] Message sent
[NX v22.5.1 Daemon Client] - 2026-02-19T00:21:05.965Z - [FileWatcher] Reconnected successfully
Fetching nx...
[NX v22.5.1 Daemon Client] - 2026-02-19T00:21:06.000Z - [Messenger] Setting up socket listeners
[NX v22.5.1 Daemon Client] - 2026-02-19T00:21:06.001Z - [Messenger] listen() complete
[NX v22.5.1 Daemon Client] - 2026-02-19T00:21:06.001Z - [Messenger] Sending message type: REQUEST_PROJECT_GRAPH
[NX v22.5.1 Daemon Client] - 2026-02-19T00:21:06.001Z - [Messenger] Message sent
[NX v22.5.1 Daemon Server] - 2026-02-19T00:21:06.038Z - Established a connection. Number of open connections: 1
[NX v22.5.1 Daemon Server] - 2026-02-19T00:21:06.041Z - Established a connection. Number of open connections: 2
[NX v22.5.1 Daemon Server] - 2026-02-19T00:21:06.046Z - Closed a connection. Number of open connections: 1
[NX v22.5.1 Daemon Server] - 2026-02-19T00:21:06.047Z - Established a connection. Number of open connections: 2
[NX v22.5.1 Daemon Server] - 2026-02-19T00:21:06.048Z - Received raw message of length 42
[NX v22.5.1 Daemon Server] - 2026-02-19T00:21:06.049Z - Received json message of type REGISTER_PROJECT_GRAPH_LISTENER
[NX v22.5.1 Daemon Server] - 2026-02-19T00:21:06.049Z - Established a connection. Number of open connections: 3
[NX v22.5.1 Daemon Server] - 2026-02-19T00:21:06.050Z - Closed a connection. Number of open connections: 2
[NX v22.5.1 Daemon Server] - 2026-02-19T00:21:06.050Z - Established a connection. Number of open connections: 3
[NX v22.5.1 Daemon Server] - 2026-02-19T00:21:06.051Z - Received raw message of length 99
[NX v22.5.1 Daemon Server] - 2026-02-19T00:21:06.051Z - Received json message of type REGISTER_FILE_WATCHER
[NX v22.5.1 Daemon Server] - 2026-02-19T00:21:06.052Z - Established a connection. Number of open connections: 4
[NX v22.5.1 Daemon Server] - 2026-02-19T00:21:06.052Z - Closed a connection. Number of open connections: 3
[NX v22.5.1 Daemon Server] - 2026-02-19T00:21:06.053Z - Established a connection. Number of open connections: 4
[NX v22.5.1 Daemon Server] - 2026-02-19T00:21:06.053Z - Closed a connection. Number of open connections: 3
[NX v22.5.1 Daemon Server] - 2026-02-19T00:21:06.054Z - Received raw message of length 32
[NX v22.5.1 Daemon Server] - 2026-02-19T00:21:06.054Z - Received json message of type REQUEST_PROJECT_GRAPH
[NX v22.5.1 Daemon Server] - 2026-02-19T00:21:06.054Z - [REQUEST]: Client Request for Project Graph Received
Time for 'plugin worker 101995 code loading' 15.056107999999995
[NX v22.5.1 Daemon Server] - 2026-02-19T00:21:06.396Z - Time taken for 'start-plugin-worker:/home/poukam-tech/project/marizona/node_modules/nx/src/plugins/project-json/build-nodes/project-json' 290.75893499999995ms
Time for 'plugin worker 102008 code loading' 23.119805000000014
Time for 'plugin worker 102007 code loading' 33.067811000000006
[NX v22.5.1 Daemon Server] - 2026-02-19T00:21:06.477Z - Time taken for 'start-plugin-worker:@nx/webpack/plugin' 333.692083ms
[NX v22.5.1 Daemon Server] - 2026-02-19T00:21:06.512Z - Time taken for 'start-plugin-worker:@nx/playwright/plugin' 374.24384800000007ms
[NX v22.5.1 Daemon Server] - 2026-02-19T00:21:06.623Z - Time taken for 'start-plugin-worker:/home/poukam-tech/project/marizona/node_modules/nx/src/plugins/js' 533.441783ms
Time for 'plugin worker 101993 code loading' 187.565604
[NX v22.5.1 Daemon Server] - 2026-02-19T00:21:06.655Z - Time taken for 'start-plugin-worker:/home/poukam-tech/project/marizona/node_modules/nx/src/plugins/package-json' 547.2476750000001ms
Time for 'plugin worker 101994 code loading' 141.223436
[NX v22.5.1 Daemon Server] - 2026-02-19T00:21:06.689Z - Time taken for 'start-plugin-worker:@nx/jest/plugin' 517.9626270000001ms
Time for 'plugin worker 102016 code loading' 162.27011400000004
[NX v22.5.1 Daemon Server] - 2026-02-19T00:21:06.724Z - Time taken for 'start-plugin-worker:@nx/next/plugin' 618.0599309999999ms
Time for 'plugin worker 102006 code loading' 150.39414099999993
Time for 'plugin worker 102010 code loading' 193.332407
[NX v22.5.1 Daemon Server] - 2026-02-19T00:21:07.194Z - Time taken for 'Load Nx Plugin: /home/poukam-tech/project/marizona/node_modules/nx/src/plugins/project-json/build-nodes/project-json' 1135.294136ms
[NX v22.5.1 Daemon Server] - 2026-02-19T00:21:07.792Z - Time taken for 'Load Nx Plugin: /home/poukam-tech/project/marizona/node_modules/nx/src/plugins/js' 1734.918157ms
[NX v22.5.1 Daemon Server] - 2026-02-19T00:21:07.885Z - [NX-CONSOLE]: Successfully pulled latest Nx to /tmp/tmp-101914-mPDYOnznSwCV
[NX v22.5.1 Daemon Server] - 2026-02-19T00:21:08.418Z - [NX-CONSOLE]: Using local implementation (NX_USE_LOCAL=true or inner call)
DEBUG nx::native::ide::install: Detected editor: Unknown
[NX v22.5.1 Daemon Server] - 2026-02-19T00:21:08.421Z - [NX-CONSOLE]: Console status check completed, shouldPrompt: false
[NX v22.5.1 Daemon Server] - 2026-02-19T00:21:08.430Z - Time taken for 'loadDefaultNxPlugins' 2371.112759ms
[NX v22.5.1 Daemon Server] - 2026-02-19T00:21:08.621Z - Time taken for 'Load Nx Plugin: @nx/next/plugin' 2561.2815440000004ms
[NX v22.5.1 Daemon Server] - 2026-02-19T00:21:08.698Z - Time taken for 'Load Nx Plugin: @nx/webpack/plugin' 2636.3217780000004ms
[NX v22.5.1 Daemon Server] - 2026-02-19T00:21:08.773Z - Time taken for 'Load Nx Plugin: @nx/playwright/plugin' 2712.6920529999998ms
[NX v22.5.1 Daemon Server] - 2026-02-19T00:21:08.847Z - [REQUEST]: Updated workspace context based on watched changes, recomputing project graph...
[NX v22.5.1 Daemon Server] - 2026-02-19T00:21:08.847Z - [REQUEST]: 
[NX v22.5.1 Daemon Server] - 2026-02-19T00:21:08.847Z - [REQUEST]: 
[NX v22.5.1 Daemon Server] - 2026-02-19T00:21:08.866Z - No files changed, but no in-memory cached project graph found. Recomputing it...
[NX v22.5.1 Daemon Server] - 2026-02-19T00:21:08.923Z - Time taken for 'loadSpecifiedNxPlugins' 2786.544176ms
[NX v22.5.1 Daemon Server] - 2026-02-19T00:21:08.942Z - Established a connection. Number of open connections: 4
[NX v22.5.1 Daemon Client] - 2026-02-19T00:21:08.952Z - [Messenger] Setting up socket listeners
[NX v22.5.1 Daemon Client] - 2026-02-19T00:21:08.953Z - [Messenger] listen() complete
[NX v22.5.1 Daemon Client] - 2026-02-19T00:21:08.954Z - [Messenger] Sending message type: HASH_GLOB
[NX v22.5.1 Daemon Server] - 2026-02-19T00:21:08.959Z - Established a connection. Number of open connections: 5
[NX v22.5.1 Daemon Server] - 2026-02-19T00:21:08.960Z - Closed a connection. Number of open connections: 4
[NX v22.5.1 Daemon Server] - 2026-02-19T00:21:08.960Z - Established a connection. Number of open connections: 5
[NX v22.5.1 Daemon Client] - 2026-02-19T00:21:08.962Z - [Messenger] Setting up socket listeners
[NX v22.5.1 Daemon Client] - 2026-02-19T00:21:08.963Z - [Messenger] listen() complete
[NX v22.5.1 Daemon Client] - 2026-02-19T00:21:08.965Z - [Messenger] Setting up socket listeners
[NX v22.5.1 Daemon Client] - 2026-02-19T00:21:08.965Z - [Messenger] listen() complete
[NX v22.5.1 Daemon Client] - 2026-02-19T00:21:08.966Z - [Messenger] Sending message type: HASH_GLOB
[NX v22.5.1 Daemon Client] - 2026-02-19T00:21:08.948Z - [Messenger] Setting up socket listeners
[NX v22.5.1 Daemon Client] - 2026-02-19T00:21:08.967Z - [Messenger] listen() complete
[NX v22.5.1 Daemon Client] - 2026-02-19T00:21:08.967Z - [Messenger] Sending message type: GLOB
[NX v22.5.1 Daemon Client] - 2026-02-19T00:21:08.968Z - [Messenger] Message sent
[NX v22.5.1 Daemon Client] - 2026-02-19T00:21:08.970Z - [Messenger] Message sent
[NX v22.5.1 Daemon Server] - 2026-02-19T00:21:08.975Z - Established a connection. Number of open connections: 6
[NX v22.5.1 Daemon Server] - 2026-02-19T00:21:08.977Z - Closed a connection. Number of open connections: 5
[NX v22.5.1 Daemon Client] - 2026-02-19T00:21:08.978Z - [Messenger] Sending message type: HASH_GLOB
[NX v22.5.1 Daemon Client] - 2026-02-19T00:21:08.978Z - [Messenger] Message sent
[NX v22.5.1 Daemon Client] - 2026-02-19T00:21:08.981Z - [Messenger] Message sent
[NX v22.5.1 Daemon Server] - 2026-02-19T00:21:08.977Z - Closed a connection. Number of open connections: 4
[NX v22.5.1 Daemon Server] - 2026-02-19T00:21:08.989Z - Established a connection. Number of open connections: 5
[NX v22.5.1 Daemon Server] - 2026-02-19T00:21:08.989Z - Established a connection. Number of open connections: 6
[NX v22.5.1 Daemon Client] - 2026-02-19T00:21:08.991Z - [Messenger] Setting up socket listeners
[NX v22.5.1 Daemon Client] - 2026-02-19T00:21:08.992Z - [Messenger] listen() complete
[NX v22.5.1 Daemon Server] - 2026-02-19T00:21:08.992Z - Established a connection. Number of open connections: 7
[NX v22.5.1 Daemon Server] - 2026-02-19T00:21:08.992Z - Closed a connection. Number of open connections: 6
[NX v22.5.1 Daemon Server] - 2026-02-19T00:21:08.993Z - Established a connection. Number of open connections: 7
[NX v22.5.1 Daemon Server] - 2026-02-19T00:21:08.993Z - Established a connection. Number of open connections: 8
[NX v22.5.1 Daemon Server] - 2026-02-19T00:21:08.993Z - Established a connection. Number of open connections: 9
[NX v22.5.1 Daemon Client] - 2026-02-19T00:21:08.996Z - [Messenger] Sending message type: HASH_MULTI_GLOB
[NX v22.5.1 Daemon Client] - 2026-02-19T00:21:08.999Z - [Messenger] Message sent
[NX v22.5.1 Daemon Server] - 2026-02-19T00:21:09.007Z - Closed a connection. Number of open connections: 8
Time for 'daemon-message-serialization-HASH_GLOB' 0.3194340000000011
[NX v22.5.1 Daemon Server] - 2026-02-19T00:21:09.305Z - Received raw message of length 57
[NX v22.5.1 Daemon Server] - 2026-02-19T00:21:09.305Z - Received json message of type HASH_GLOB
[NX v22.5.1 Daemon Server] - 2026-02-19T00:21:09.316Z - Serializing response for HASH_GLOB message in json mode
[NX v22.5.1 Daemon Server] - 2026-02-19T00:21:09.316Z - Responding to HASH_GLOB message
[NX v22.5.1 Daemon Server] - 2026-02-19T00:21:09.316Z - [REQUEST]: Responding to the client. handleHashGlob
[NX v22.5.1 Daemon Server] - 2026-02-19T00:21:09.316Z - Done responding to the client handleHashGlob
[NX v22.5.1 Daemon Server] - 2026-02-19T00:21:09.316Z - Handled json message HASH_GLOB. Handling time: 10. Response time: 0.
[NX v22.5.1 Daemon Client] - 2026-02-19T00:21:09.317Z - [Messenger] Received message, length: 21
Time for 'daemon-message-serialization-HASH_GLOB' 15.823574999999892
[NX v22.5.1 Daemon Server] - 2026-02-19T00:21:09.367Z - Received raw message of length 63
[NX v22.5.1 Daemon Server] - 2026-02-19T00:21:09.367Z - Received json message of type HASH_GLOB
[NX v22.5.1 Daemon Server] - 2026-02-19T00:21:09.372Z - Serializing response for HASH_GLOB message in json mode
[NX v22.5.1 Daemon Server] - 2026-02-19T00:21:09.372Z - Responding to HASH_GLOB message
[NX v22.5.1 Daemon Server] - 2026-02-19T00:21:09.372Z - [REQUEST]: Responding to the client. handleHashGlob
[NX v22.5.1 Daemon Server] - 2026-02-19T00:21:09.372Z - Done responding to the client handleHashGlob
[NX v22.5.1 Daemon Server] - 2026-02-19T00:21:09.372Z - Handled json message HASH_GLOB. Handling time: 5. Response time: 0.
[NX v22.5.1 Daemon Client] - 2026-02-19T00:21:09.374Z - [Messenger] Received message, length: 21
Time for 'daemon-message-serialization-HASH_GLOB' 14.402240000000347
[NX v22.5.1 Daemon Server] - 2026-02-19T00:21:09.378Z - Received raw message of length 59
[NX v22.5.1 Daemon Server] - 2026-02-19T00:21:09.378Z - Received json message of type HASH_GLOB
[NX v22.5.1 Daemon Server] - 2026-02-19T00:21:09.383Z - Serializing response for HASH_GLOB message in json mode
[NX v22.5.1 Daemon Server] - 2026-02-19T00:21:09.383Z - Responding to HASH_GLOB message
[NX v22.5.1 Daemon Server] - 2026-02-19T00:21:09.383Z - [REQUEST]: Responding to the client. handleHashGlob
[NX v22.5.1 Daemon Server] - 2026-02-19T00:21:09.383Z - Done responding to the client handleHashGlob
[NX v22.5.1 Daemon Server] - 2026-02-19T00:21:09.383Z - Handled json message HASH_GLOB. Handling time: 5. Response time: 0.
[NX v22.5.1 Daemon Client] - 2026-02-19T00:21:09.384Z - [Messenger] Received message, length: 21
Time for 'daemon-message-serialization-GLOB' 0.29810600000018894
[NX v22.5.1 Daemon Server] - 2026-02-19T00:21:09.395Z - Received raw message of length 73
[NX v22.5.1 Daemon Server] - 2026-02-19T00:21:09.396Z - Received json message of type GLOB
[NX v22.5.1 Daemon Server] - 2026-02-19T00:21:09.406Z - Serializing response for GLOB message in json mode
[NX v22.5.1 Daemon Server] - 2026-02-19T00:21:09.406Z - Responding to GLOB message
[NX v22.5.1 Daemon Server] - 2026-02-19T00:21:09.406Z - [REQUEST]: Responding to the client. handleGlob
[NX v22.5.1 Daemon Server] - 2026-02-19T00:21:09.406Z - Done responding to the client handleGlob
[NX v22.5.1 Daemon Server] - 2026-02-19T00:21:09.407Z - Handled json message GLOB. Handling time: 10. Response time: 0.
[NX v22.5.1 Daemon Client] - 2026-02-19T00:21:09.407Z - [Messenger] Received message, length: 6441
Time for 'daemon-message-serialization-HASH_MULTI_GLOB' 2.5169439999999668
[NX v22.5.1 Daemon Client] - 2026-02-19T00:21:09.414Z - [Messenger] Sending message type: HASH_MULTI_GLOB
[NX v22.5.1 Daemon Client] - 2026-02-19T00:21:09.414Z - [Messenger] Message sent
[NX v22.5.1 Daemon Server] - 2026-02-19T00:21:09.418Z - Received raw message of length 124
[NX v22.5.1 Daemon Server] - 2026-02-19T00:21:09.418Z - Received json message of type HASH_MULTI_GLOB
[NX v22.5.1 Daemon Server] - 2026-02-19T00:21:09.422Z - Serializing response for HASH_GLOB message in json mode
[NX v22.5.1 Daemon Server] - 2026-02-19T00:21:09.422Z - Responding to HASH_GLOB message
[NX v22.5.1 Daemon Server] - 2026-02-19T00:21:09.422Z - [REQUEST]: Responding to the client. handleHashMultiGlob
[NX v22.5.1 Daemon Server] - 2026-02-19T00:21:09.422Z - Done responding to the client handleHashMultiGlob
[NX v22.5.1 Daemon Server] - 2026-02-19T00:21:09.422Z - Handled json message HASH_GLOB. Handling time: 3. Response time: 0.
[NX v22.5.1 Daemon Server] - 2026-02-19T00:21:09.422Z - Received raw message of length 867
[NX v22.5.1 Daemon Server] - 2026-02-19T00:21:09.422Z - Received json message of type HASH_MULTI_GLOB
[NX v22.5.1 Daemon Client] - 2026-02-19T00:21:09.427Z - [Messenger] Received message, length: 92
[NX v22.5.1 Daemon Server] - 2026-02-19T00:21:09.446Z - Serializing response for HASH_GLOB message in json mode
[NX v22.5.1 Daemon Server] - 2026-02-19T00:21:09.446Z - Responding to HASH_GLOB message
[NX v22.5.1 Daemon Server] - 2026-02-19T00:21:09.446Z - [REQUEST]: Responding to the client. handleHashMultiGlob
[NX v22.5.1 Daemon Server] - 2026-02-19T00:21:09.446Z - Done responding to the client handleHashMultiGlob
[NX v22.5.1 Daemon Server] - 2026-02-19T00:21:09.446Z - Handled json message HASH_GLOB. Handling time: 24. Response time: 0.
Time for 'GLOB round trip' 440.4500750000002
Time for 'deserialize daemon response - GLOB' 0.14843000000018947
Time for 'daemon-message-serialization-HASH_MULTI_GLOB' 0.05660799999986921
[NX v22.5.1 Daemon Client] - 2026-02-19T00:21:09.448Z - [Messenger] Received message, length: 269
Time for 'nx/js/dependencies-and-lockfile:createNodes' 482.78282000000036
[NX v22.5.1 Daemon Server] - 2026-02-19T00:21:09.542Z - Closed a connection. Number of open connections: 7
Time for 'HASH_MULTI_GLOB round trip' 34.48129199999994
Time for 'deserialize daemon response - HASH_MULTI_GLOB' 0.045548000000053435
[NX v22.5.1 Daemon Server] - 2026-02-19T00:21:11.110Z - Closed a connection. Number of open connections: 6
[NX v22.5.1 Daemon Client] - 2026-02-19T00:21:11.207Z - [Messenger] Sending message type: HASH_GLOB
[NX v22.5.1 Daemon Client] - 2026-02-19T00:21:11.207Z - [Messenger] Message sent
[NX v22.5.1 Daemon Server] - 2026-02-19T00:21:11.209Z - Received raw message of length 64
[NX v22.5.1 Daemon Server] - 2026-02-19T00:21:11.209Z - Received json message of type HASH_GLOB
[NX v22.5.1 Daemon Server] - 2026-02-19T00:21:11.211Z - Serializing response for HASH_GLOB message in json mode
[NX v22.5.1 Daemon Server] - 2026-02-19T00:21:11.212Z - Responding to HASH_GLOB message
[NX v22.5.1 Daemon Server] - 2026-02-19T00:21:11.212Z - [REQUEST]: Responding to the client. handleHashGlob
[NX v22.5.1 Daemon Server] - 2026-02-19T00:21:11.212Z - Done responding to the client handleHashGlob
[NX v22.5.1 Daemon Server] - 2026-02-19T00:21:11.212Z - Handled json message HASH_GLOB. Handling time: 2. Response time: 1.
Time for 'HASH_GLOB round trip' 418.28877799999964
[NX v22.5.1 Daemon Client] - 2026-02-19T00:21:11.225Z - [Messenger] Received message, length: 22
Time for 'deserialize daemon response - HASH_GLOB' 0.16394999999965876
Time for 'daemon-message-serialization-HASH_GLOB' 0.049065999999584164
[NX v22.5.1 Daemon Server] - 2026-02-19T00:21:11.288Z - Closed a connection. Number of open connections: 5
[NX v22.5.1 Daemon Server] - 2026-02-19T00:21:13.362Z - Closed a connection. Number of open connections: 4
[NX v22.5.1 Daemon Client] - 2026-02-19T00:21:13.464Z - [Messenger] Sending message type: HASH_GLOB
[NX v22.5.1 Daemon Client] - 2026-02-19T00:21:13.465Z - [Messenger] Message sent
[NX v22.5.1 Daemon Server] - 2026-02-19T00:21:13.465Z - Received raw message of length 68
[NX v22.5.1 Daemon Server] - 2026-02-19T00:21:13.465Z - Received json message of type HASH_GLOB
[NX v22.5.1 Daemon Server] - 2026-02-19T00:21:13.466Z - Serializing response for HASH_GLOB message in json mode
[NX v22.5.1 Daemon Server] - 2026-02-19T00:21:13.466Z - Responding to HASH_GLOB message
[NX v22.5.1 Daemon Server] - 2026-02-19T00:21:13.466Z - [REQUEST]: Responding to the client. handleHashGlob
[NX v22.5.1 Daemon Server] - 2026-02-19T00:21:13.466Z - Done responding to the client handleHashGlob
[NX v22.5.1 Daemon Server] - 2026-02-19T00:21:13.466Z - Handled json message HASH_GLOB. Handling time: 1. Response time: 0.
Time for 'HASH_GLOB round trip' 420.8700869999998
Time for 'deserialize daemon response - HASH_GLOB' 0.12401199999976598
Time for 'daemon-message-serialization-HASH_GLOB' 0.03078800000002957
[NX v22.5.1 Daemon Client] - 2026-02-19T00:21:13.468Z - [Messenger] Received message, length: 22
[NX v22.5.1 Daemon Client] - 2026-02-19T00:21:13.482Z - [Messenger] Sending message type: GET_FILES_IN_DIRECTORY
[NX v22.5.1 Daemon Client] - 2026-02-19T00:21:13.482Z - [Messenger] Message sent
[NX v22.5.1 Daemon Server] - 2026-02-19T00:21:13.483Z - Received raw message of length 60
[NX v22.5.1 Daemon Server] - 2026-02-19T00:21:13.483Z - Received json message of type GET_FILES_IN_DIRECTORY
[NX v22.5.1 Daemon Server] - 2026-02-19T00:21:13.483Z - Serializing response for GET_FILES_IN_DIRECTORY message in json mode
[NX v22.5.1 Daemon Server] - 2026-02-19T00:21:13.483Z - Responding to GET_FILES_IN_DIRECTORY message
[NX v22.5.1 Daemon Server] - 2026-02-19T00:21:13.483Z - [REQUEST]: Responding to the client. handleNxWorkspaceFiles
[NX v22.5.1 Daemon Server] - 2026-02-19T00:21:13.484Z - Done responding to the client handleNxWorkspaceFiles
[NX v22.5.1 Daemon Server] - 2026-02-19T00:21:13.484Z - Handled json message GET_FILES_IN_DIRECTORY. Handling time: 0. Response time: 1.
(node:102007) [DEP0180] DeprecationWarning: fs.Stats constructor is deprecated.
(Use `node --trace-deprecation ...` to show where the warning was created)
Time for 'HASH_GLOB round trip' 3.9605689999998503
Time for 'deserialize daemon response - HASH_GLOB' 0.05551900000045862
Time for 'daemon-message-serialization-GET_FILES_IN_DIRECTORY' 0.028245000000424625
[NX v22.5.1 Daemon Client] - 2026-02-19T00:21:13.494Z - [Messenger] Received message, length: 38
[NX v22.5.1 Daemon Client] - 2026-02-19T00:21:13.499Z - [Messenger] Sending message type: GET_FILES_IN_DIRECTORY
[NX v22.5.1 Daemon Client] - 2026-02-19T00:21:13.499Z - [Messenger] Message sent
[NX v22.5.1 Daemon Server] - 2026-02-19T00:21:13.499Z - Received raw message of length 65
[NX v22.5.1 Daemon Server] - 2026-02-19T00:21:13.499Z - Received json message of type GET_FILES_IN_DIRECTORY
[NX v22.5.1 Daemon Server] - 2026-02-19T00:21:13.499Z - Serializing response for GET_FILES_IN_DIRECTORY message in json mode
[NX v22.5.1 Daemon Server] - 2026-02-19T00:21:13.500Z - Responding to GET_FILES_IN_DIRECTORY message
[NX v22.5.1 Daemon Server] - 2026-02-19T00:21:13.500Z - [REQUEST]: Responding to the client. handleNxWorkspaceFiles
[NX v22.5.1 Daemon Server] - 2026-02-19T00:21:13.500Z - Done responding to the client handleNxWorkspaceFiles
[NX v22.5.1 Daemon Server] - 2026-02-19T00:21:13.500Z - Handled json message GET_FILES_IN_DIRECTORY. Handling time: 0. Response time: 1.
Time for 'GET_FILES_IN_DIRECTORY round trip' 11.897731000000022
Time for 'deserialize daemon response - GET_FILES_IN_DIRECTORY' 0.018672000000151456
Time for 'daemon-message-serialization-GET_FILES_IN_DIRECTORY' 0.026886000000558852
[NX v22.5.1 Daemon Client] - 2026-02-19T00:21:13.500Z - [Messenger] Received message, length: 43
[NX v22.5.1 Daemon Server] - 2026-02-19T00:21:13.580Z - Time taken for 'build-project-configs' 4653.358267ms
[NX v22.5.1 Daemon Server] - 2026-02-19T00:21:13.588Z - Closed a connection. Number of open connections: 3
Time for 'build typescript dependencies' 440.27119500000026
[NX v22.5.1 Daemon Server] - 2026-02-19T00:21:14.145Z - [SYNC]: collect registered sync generators
[NX v22.5.1 Daemon Server] - 2026-02-19T00:21:14.158Z - Wrote project graph cache to /home/poukam-tech/project/marizona/.nx/workspace-data/project-graph.json
[NX v22.5.1 Daemon Server] - 2026-02-19T00:21:14.158Z - Serializing response for PROJECT_GRAPH_UPDATED message in json mode
[NX v22.5.1 Daemon Server] - 2026-02-19T00:21:14.165Z - Responding to PROJECT_GRAPH_UPDATED message
[NX v22.5.1 Daemon Server] - 2026-02-19T00:21:14.165Z - [REQUEST]: Responding to the client. Project graph updated
[NX v22.5.1 Daemon Server] - 2026-02-19T00:21:14.168Z - Serializing response for REQUEST_PROJECT_GRAPH message in json mode
[NX v22.5.1 Daemon Server] - 2026-02-19T00:21:14.168Z - Responding to REQUEST_PROJECT_GRAPH message
[NX v22.5.1 Daemon Server] - 2026-02-19T00:21:14.168Z - [REQUEST]: Responding to the client. project-graph
[NX v22.5.1 Daemon Server] - 2026-02-19T00:21:14.171Z - Time taken for 'total for creating and serializing project graph' 8113.231869000001ms
[NX v22.5.1 Daemon Server] - 2026-02-19T00:21:14.174Z - Done responding to the client Project graph updated
[NX v22.5.1 Daemon Server] - 2026-02-19T00:21:14.174Z - Handled json message PROJECT_GRAPH_UPDATED. Handling time: 12. Response time: 16.
[NX v22.5.1 Daemon Client] - 2026-02-19T00:21:14.176Z - [Messenger] Received message, length: 1387700
[NX v22.5.1 Daemon Server] - 2026-02-19T00:21:14.188Z - Done responding to the client project-graph
[NX v22.5.1 Daemon Server] - 2026-02-19T00:21:14.188Z - Handled json message REQUEST_PROJECT_GRAPH. Handling time: 8114. Response time: 20.
[NX v22.5.1 Daemon Client] - 2026-02-19T00:21:14.190Z - [Messenger] Received message, length: 1387707
[NX v22.5.1 Daemon Client] - 2026-02-19T00:21:14.199Z - [Messenger] Sending message type: GET_CONTEXT_FILE_DATA
[NX v22.5.1 Daemon Client] - 2026-02-19T00:21:14.199Z - [Messenger] Message sent
[NX v22.5.1 Daemon Server] - 2026-02-19T00:21:14.199Z - Received raw message of length 32
[NX v22.5.1 Daemon Server] - 2026-02-19T00:21:14.200Z - Received json message of type GET_CONTEXT_FILE_DATA
[NX v22.5.1 Daemon Server] - 2026-02-19T00:21:14.201Z - Serializing response for GET_CONTEXT_FILE_DATA message in json mode
[NX v22.5.1 Daemon Server] - 2026-02-19T00:21:14.201Z - Responding to GET_CONTEXT_FILE_DATA message
[NX v22.5.1 Daemon Server] - 2026-02-19T00:21:14.201Z - [REQUEST]: Responding to the client. handleContextFileData
[NX v22.5.1 Daemon Server] - 2026-02-19T00:21:14.201Z - Done responding to the client handleContextFileData
[NX v22.5.1 Daemon Server] - 2026-02-19T00:21:14.201Z - Handled json message GET_CONTEXT_FILE_DATA. Handling time: 1. Response time: 0.
[NX v22.5.1 Daemon Client] - 2026-02-19T00:21:14.201Z - [Messenger] Received message, length: 19404
[NX v22.5.1 Daemon Server] - 2026-02-19T00:21:16.412Z - Established a connection. Number of open connections: 4
[NX v22.5.1 Daemon Server] - 2026-02-19T00:21:16.414Z - Established a connection. Number of open connections: 5
[NX v22.5.1 Daemon Server] - 2026-02-19T00:21:16.415Z - Established a connection. Number of open connections: 6
[NX v22.5.1 Daemon Server] - 2026-02-19T00:21:16.416Z - Established a connection. Number of open connections: 7
[NX v22.5.1 Daemon Server] - 2026-02-19T00:21:16.416Z - Established a connection. Number of open connections: 8
[NX v22.5.1 Daemon Server] - 2026-02-19T00:21:16.416Z - Established a connection. Number of open connections: 9
[NX v22.5.1 Daemon Client] - 2026-02-19T00:21:16.416Z - [Messenger] Sending message type: REGISTER_PROJECT_GRAPH_LISTENER
[NX v22.5.1 Daemon Client] - 2026-02-19T00:21:16.417Z - [Messenger] Message sent
[NX v22.5.1 Daemon Server] - 2026-02-19T00:21:16.417Z - Closed a connection. Number of open connections: 8
[NX v22.5.1 Daemon Server] - 2026-02-19T00:21:16.417Z - Received raw message of length 42
[NX v22.5.1 Daemon Server] - 2026-02-19T00:21:16.417Z - Received json message of type REGISTER_PROJECT_GRAPH_LISTENER
[NX v22.5.1 Daemon Server] - 2026-02-19T00:21:16.419Z - Established a connection. Number of open connections: 9
[NX v22.5.1 Daemon Server] - 2026-02-19T00:21:16.420Z - Established a connection. Number of open connections: 10
[NX v22.5.1 Daemon Server] - 2026-02-19T00:21:16.420Z - Established a connection. Number of open connections: 11
[NX v22.5.1 Daemon Server] - 2026-02-19T00:21:16.421Z - Established a connection. Number of open connections: 12
[NX v22.5.1 Daemon Server] - 2026-02-19T00:21:16.421Z - Established a connection. Number of open connections: 13
[NX v22.5.1 Daemon Client] - 2026-02-19T00:21:16.422Z - [Messenger] Sending message type: REGISTER_PROJECT_GRAPH_LISTENER
[NX v22.5.1 Daemon Client] - 2026-02-19T00:21:16.423Z - [Messenger] Message sent
[NX v22.5.1 Daemon Client] - 2026-02-19T00:21:16.423Z - [Messenger] Sending message type: REGISTER_PROJECT_GRAPH_LISTENER
[NX v22.5.1 Daemon Client] - 2026-02-19T00:21:16.423Z - [Messenger] Message sent
[NX v22.5.1 Daemon Client] - 2026-02-19T00:21:16.423Z - [Messenger] Sending message type: REGISTER_PROJECT_GRAPH_LISTENER
[NX v22.5.1 Daemon Client] - 2026-02-19T00:21:16.423Z - [Messenger] Message sent
[NX v22.5.1 Daemon Client] - 2026-02-19T00:21:16.424Z - [Messenger] Sending message type: REGISTER_PROJECT_GRAPH_LISTENER
[NX v22.5.1 Daemon Client] - 2026-02-19T00:21:16.424Z - [Messenger] Message sent
[NX v22.5.1 Daemon Client] - 2026-02-19T00:21:16.424Z - [Messenger] Sending message type: REGISTER_PROJECT_GRAPH_LISTENER
[NX v22.5.1 Daemon Server] - 2026-02-19T00:21:16.424Z - Received raw message of length 42
[NX v22.5.1 Daemon Server] - 2026-02-19T00:21:16.424Z - Received json message of type REGISTER_PROJECT_GRAPH_LISTENER
[NX v22.5.1 Daemon Server] - 2026-02-19T00:21:16.424Z - Received raw message of length 42
[NX v22.5.1 Daemon Server] - 2026-02-19T00:21:16.424Z - Received json message of type REGISTER_PROJECT_GRAPH_LISTENER
[NX v22.5.1 Daemon Server] - 2026-02-19T00:21:16.424Z - Received raw message of length 42
[NX v22.5.1 Daemon Server] - 2026-02-19T00:21:16.424Z - Received json message of type REGISTER_PROJECT_GRAPH_LISTENER
[NX v22.5.1 Daemon Server] - 2026-02-19T00:21:16.425Z - Received raw message of length 42
[NX v22.5.1 Daemon Server] - 2026-02-19T00:21:16.425Z - Received json message of type REGISTER_PROJECT_GRAPH_LISTENER
[NX v22.5.1 Daemon Server] - 2026-02-19T00:21:16.425Z - Closed a connection. Number of open connections: 12
[NX v22.5.1 Daemon Server] - 2026-02-19T00:21:16.426Z - Closed a connection. Number of open connections: 11
[NX v22.5.1 Daemon Server] - 2026-02-19T00:21:16.426Z - Closed a connection. Number of open connections: 10
[NX v22.5.1 Daemon Server] - 2026-02-19T00:21:16.426Z - Closed a connection. Number of open connections: 9
[NX v22.5.1 Daemon Server] - 2026-02-19T00:21:16.427Z - Closed a connection. Number of open connections: 8
[NX v22.5.1 Daemon Client] - 2026-02-19T00:21:16.427Z - [Messenger] Message sent
[NX v22.5.1 Daemon Server] - 2026-02-19T00:21:16.428Z - Received raw message of length 42
[NX v22.5.1 Daemon Server] - 2026-02-19T00:21:16.428Z - Received json message of type REGISTER_PROJECT_GRAPH_LISTENER
[NX v22.5.1 Daemon Server] - 2026-02-19T00:21:16.430Z - Established a connection. Number of open connections: 9
[NX v22.5.1 Daemon Server] - 2026-02-19T00:21:16.433Z - Established a connection. Number of open connections: 10
[NX v22.5.1 Daemon Server] - 2026-02-19T00:21:16.433Z - Established a connection. Number of open connections: 11
[NX v22.5.1 Daemon Server] - 2026-02-19T00:21:16.433Z - Established a connection. Number of open connections: 12
[NX v22.5.1 Daemon Server] - 2026-02-19T00:21:16.433Z - Established a connection. Number of open connections: 13
[NX v22.5.1 Daemon Server] - 2026-02-19T00:21:16.434Z - Established a connection. Number of open connections: 14
[NX v22.5.1 Daemon Client] - 2026-02-19T00:21:16.435Z - [Messenger] Sending message type: REGISTER_PROJECT_GRAPH_LISTENER
[NX v22.5.1 Daemon Client] - 2026-02-19T00:21:16.435Z - [Messenger] Message sent
[NX v22.5.1 Daemon Server] - 2026-02-19T00:21:16.435Z - Closed a connection. Number of open connections: 13
[NX v22.5.1 Daemon Server] - 2026-02-19T00:21:16.435Z - Received raw message of length 42
[NX v22.5.1 Daemon Client] - 2026-02-19T00:21:16.435Z - [Messenger] Sending message type: REGISTER_PROJECT_GRAPH_LISTENER
[NX v22.5.1 Daemon Server] - 2026-02-19T00:21:16.435Z - Received json message of type REGISTER_PROJECT_GRAPH_LISTENER
[NX v22.5.1 Daemon Client] - 2026-02-19T00:21:16.435Z - [Messenger] Message sent
[NX v22.5.1 Daemon Server] - 2026-02-19T00:21:16.435Z - Received raw message of length 42
[NX v22.5.1 Daemon Server] - 2026-02-19T00:21:16.435Z - Received json message of type REGISTER_PROJECT_GRAPH_LISTENER
[NX v22.5.1 Daemon Client] - 2026-02-19T00:21:16.435Z - [Messenger] Sending message type: REGISTER_PROJECT_GRAPH_LISTENER
[NX v22.5.1 Daemon Client] - 2026-02-19T00:21:16.435Z - [Messenger] Message sent
[NX v22.5.1 Daemon Server] - 2026-02-19T00:21:16.436Z - Closed a connection. Number of open connections: 12
[NX v22.5.1 Daemon Server] - 2026-02-19T00:21:16.436Z - Received raw message of length 42
[NX v22.5.1 Daemon Server] - 2026-02-19T00:21:16.436Z - Received json message of type REGISTER_PROJECT_GRAPH_LISTENER
[NX v22.5.1 Daemon Client] - 2026-02-19T00:21:16.436Z - [Messenger] Sending message type: REGISTER_PROJECT_GRAPH_LISTENER
[NX v22.5.1 Daemon Client] - 2026-02-19T00:21:16.436Z - [Messenger] Message sent
[NX v22.5.1 Daemon Server] - 2026-02-19T00:21:16.436Z - Closed a connection. Number of open connections: 11
[NX v22.5.1 Daemon Server] - 2026-02-19T00:21:16.436Z - Received raw message of length 42
[NX v22.5.1 Daemon Server] - 2026-02-19T00:21:16.436Z - Received json message of type REGISTER_PROJECT_GRAPH_LISTENER
[NX v22.5.1 Daemon Client] - 2026-02-19T00:21:16.436Z - [Messenger] Sending message type: REGISTER_PROJECT_GRAPH_LISTENER
[NX v22.5.1 Daemon Client] - 2026-02-19T00:21:16.436Z - [Messenger] Message sent
[NX v22.5.1 Daemon Server] - 2026-02-19T00:21:16.436Z - Closed a connection. Number of open connections: 10
[NX v22.5.1 Daemon Server] - 2026-02-19T00:21:16.437Z - Received raw message of length 42
[NX v22.5.1 Daemon Server] - 2026-02-19T00:21:16.437Z - Received json message of type REGISTER_PROJECT_GRAPH_LISTENER
[NX v22.5.1 Daemon Server] - 2026-02-19T00:21:16.438Z - Closed a connection. Number of open connections: 9
[NX v22.5.1 Daemon Server] - 2026-02-19T00:21:16.451Z - Established a connection. Number of open connections: 10
[NX v22.5.1 Daemon Server] - 2026-02-19T00:21:16.451Z - Established a connection. Number of open connections: 11
[NX v22.5.1 Daemon Client] - 2026-02-19T00:21:16.451Z - [Messenger] Sending message type: REGISTER_PROJECT_GRAPH_LISTENER
[NX v22.5.1 Daemon Client] - 2026-02-19T00:21:16.451Z - [Messenger] Message sent
[NX v22.5.1 Daemon Server] - 2026-02-19T00:21:16.451Z - Closed a connection. Number of open connections: 10
[NX v22.5.1 Daemon Client] - 2026-02-19T00:21:16.452Z - [Messenger] Sending message type: REGISTER_PROJECT_GRAPH_LISTENER
[NX v22.5.1 Daemon Server] - 2026-02-19T00:21:16.452Z - Received raw message of length 42
[NX v22.5.1 Daemon Server] - 2026-02-19T00:21:16.452Z - Received json message of type REGISTER_PROJECT_GRAPH_LISTENER
[NX v22.5.1 Daemon Client] - 2026-02-19T00:21:16.452Z - [Messenger] Message sent
[NX v22.5.1 Daemon Server] - 2026-02-19T00:21:16.452Z - Closed a connection. Number of open connections: 9
[NX v22.5.1 Daemon Server] - 2026-02-19T00:21:16.452Z - Received raw message of length 42
[NX v22.5.1 Daemon Client] - 2026-02-19T00:21:16.452Z - [Messenger] Sending message type: REGISTER_PROJECT_GRAPH_LISTENER
[NX v22.5.1 Daemon Server] - 2026-02-19T00:21:16.452Z - Received json message of type REGISTER_PROJECT_GRAPH_LISTENER
[NX v22.5.1 Daemon Client] - 2026-02-19T00:21:16.452Z - [Messenger] Message sent
[NX v22.5.1 Daemon Server] - 2026-02-19T00:21:16.452Z - Received raw message of length 42
[NX v22.5.1 Daemon Server] - 2026-02-19T00:21:16.452Z - Received json message of type REGISTER_PROJECT_GRAPH_LISTENER
[NX v22.5.1 Daemon Client] - 2026-02-19T00:21:16.452Z - [Messenger] Sending message type: REGISTER_PROJECT_GRAPH_LISTENER
[NX v22.5.1 Daemon Server] - 2026-02-19T00:21:16.452Z - Closed a connection. Number of open connections: 8
[NX v22.5.1 Daemon Client] - 2026-02-19T00:21:16.452Z - [Messenger] Message sent
[NX v22.5.1 Daemon Server] - 2026-02-19T00:21:16.452Z - Received raw message of length 42
[NX v22.5.1 Daemon Server] - 2026-02-19T00:21:16.452Z - Received json message of type REGISTER_PROJECT_GRAPH_LISTENER
[NX v22.5.1 Daemon Client] - 2026-02-19T00:21:16.453Z - [Messenger] Sending message type: REGISTER_PROJECT_GRAPH_LISTENER
[NX v22.5.1 Daemon Client] - 2026-02-19T00:21:16.453Z - [Messenger] Message sent
[NX v22.5.1 Daemon Server] - 2026-02-19T00:21:16.453Z - Closed a connection. Number of open connections: 7
[NX v22.5.1 Daemon Client] - 2026-02-19T00:21:16.453Z - [Messenger] Sending message type: REGISTER_PROJECT_GRAPH_LISTENER
[NX v22.5.1 Daemon Client] - 2026-02-19T00:21:16.453Z - [Messenger] Message sent
[NX v22.5.1 Daemon Server] - 2026-02-19T00:21:16.453Z - Received raw message of length 42
[NX v22.5.1 Daemon Server] - 2026-02-19T00:21:16.453Z - Received json message of type REGISTER_PROJECT_GRAPH_LISTENER
[NX v22.5.1 Daemon Server] - 2026-02-19T00:21:16.454Z - Received raw message of length 42
[NX v22.5.1 Daemon Server] - 2026-02-19T00:21:16.454Z - Received json message of type REGISTER_PROJECT_GRAPH_LISTENER
[NX v22.5.1 Daemon Server] - 2026-02-19T00:21:16.454Z - Closed a connection. Number of open connections: 6
[NX v22.5.1 Daemon Server] - 2026-02-19T00:21:16.454Z - Closed a connection. Number of open connections: 5
[NX v22.5.1 Daemon Server] - 2026-02-19T00:21:16.454Z - Established a connection. Number of open connections: 6
[NX v22.5.1 Daemon Client] - 2026-02-19T00:21:16.454Z - [Messenger] Sending message type: REGISTER_PROJECT_GRAPH_LISTENER
[NX v22.5.1 Daemon Server] - 2026-02-19T00:21:16.454Z - Established a connection. Number of open connections: 7
[NX v22.5.1 Daemon Client] - 2026-02-19T00:21:16.454Z - [Messenger] Message sent
[NX v22.5.1 Daemon Server] - 2026-02-19T00:21:16.455Z - Closed a connection. Number of open connections: 6
[NX v22.5.1 Daemon Client] - 2026-02-19T00:21:16.455Z - [Messenger] Sending message type: REGISTER_PROJECT_GRAPH_LISTENER
[NX v22.5.1 Daemon Server] - 2026-02-19T00:21:16.455Z - Received raw message of length 42
[NX v22.5.1 Daemon Client] - 2026-02-19T00:21:16.455Z - [Messenger] Message sent
[NX v22.5.1 Daemon Server] - 2026-02-19T00:21:16.455Z - Received json message of type REGISTER_PROJECT_GRAPH_LISTENER
[NX v22.5.1 Daemon Server] - 2026-02-19T00:21:16.455Z - Closed a connection. Number of open connections: 5
[NX v22.5.1 Daemon Server] - 2026-02-19T00:21:16.455Z - Received raw message of length 42
[NX v22.5.1 Daemon Server] - 2026-02-19T00:21:16.455Z - Received json message of type REGISTER_PROJECT_GRAPH_LISTENER
[NX v22.5.1 Daemon Client] - 2026-02-19T00:21:16.467Z - [Messenger] Sending message type: REGISTER_PROJECT_GRAPH_LISTENER
[NX v22.5.1 Daemon Client] - 2026-02-19T00:21:16.467Z - [Messenger] Message sent
[NX v22.5.1 Daemon Server] - 2026-02-19T00:21:16.467Z - Closed a connection. Number of open connections: 4
[NX v22.5.1 Daemon Server] - 2026-02-19T00:21:16.467Z - Received raw message of length 42
[NX v22.5.1 Daemon Client] - 2026-02-19T00:21:16.468Z - [Messenger] Sending message type: REGISTER_PROJECT_GRAPH_LISTENER
[NX v22.5.1 Daemon Client] - 2026-02-19T00:21:16.468Z - [Messenger] Message sent
[NX v22.5.1 Daemon Server] - 2026-02-19T00:21:16.468Z - Received json message of type REGISTER_PROJECT_GRAPH_LISTENER
[NX v22.5.1 Daemon Server] - 2026-02-19T00:21:16.468Z - Received raw message of length 42
[NX v22.5.1 Daemon Server] - 2026-02-19T00:21:16.468Z - Received json message of type REGISTER_PROJECT_GRAPH_LISTENER
[NX v22.5.1 Daemon Server] - 2026-02-19T00:21:16.468Z - Closed a connection. Number of open connections: 3
[NX v22.5.1 Daemon Server] - 2026-02-19T00:21:16.481Z - Established a connection. Number of open connections: 4
[NX v22.5.1 Daemon Client] - 2026-02-19T00:21:16.482Z - [Messenger] Sending message type: REGISTER_PROJECT_GRAPH_LISTENER
[NX v22.5.1 Daemon Client] - 2026-02-19T00:21:16.482Z - [Messenger] Message sent
[NX v22.5.1 Daemon Server] - 2026-02-19T00:21:16.483Z - Closed a connection. Number of open connections: 3
[NX v22.5.1 Daemon Server] - 2026-02-19T00:21:16.484Z - Received raw message of length 42
[NX v22.5.1 Daemon Server] - 2026-02-19T00:21:16.484Z - Received json message of type REGISTER_PROJECT_GRAPH_LISTENER
[NX v22.5.1 Daemon Server] - 2026-02-19T00:29:41.796Z - Established a connection. Number of open connections: 4
[NX v22.5.1 Daemon Server] - 2026-02-19T00:29:41.798Z - Established a connection. Number of open connections: 5
[NX v22.5.1 Daemon Server] - 2026-02-19T00:29:41.798Z - Closed a connection. Number of open connections: 4
[NX v22.5.1 Daemon Client] - 2026-02-19T00:29:41.798Z - [Messenger] Setting up socket listeners
[NX v22.5.1 Daemon Client] - 2026-02-19T00:29:41.799Z - [Messenger] listen() complete
[NX v22.5.1 Daemon Client] - 2026-02-19T00:29:41.800Z - [Messenger] Sending message type: REQUEST_PROJECT_GRAPH
[NX v22.5.1 Daemon Client] - 2026-02-19T00:29:41.801Z - [Messenger] Message sent
[NX v22.5.1 Daemon Server] - 2026-02-19T00:29:41.895Z - Received raw message of length 32
[NX v22.5.1 Daemon Server] - 2026-02-19T00:29:41.895Z - Received json message of type REQUEST_PROJECT_GRAPH
[NX v22.5.1 Daemon Server] - 2026-02-19T00:29:41.895Z - [REQUEST]: Client Request for Project Graph Received
[NX v22.5.1 Daemon Server] - 2026-02-19T00:29:41.895Z - Reusing in-memory cached project graph because no files changed.
[NX v22.5.1 Daemon Server] - 2026-02-19T00:29:41.916Z - Wrote project graph cache to /home/poukam-tech/project/marizona/.nx/workspace-data/project-graph.json
[NX v22.5.1 Daemon Server] - 2026-02-19T00:29:41.917Z - Serializing response for REQUEST_PROJECT_GRAPH message in json mode
[NX v22.5.1 Daemon Server] - 2026-02-19T00:29:41.917Z - Responding to REQUEST_PROJECT_GRAPH message
[NX v22.5.1 Daemon Server] - 2026-02-19T00:29:41.917Z - [REQUEST]: Responding to the client. project-graph
[NX v22.5.1 Daemon Server] - 2026-02-19T00:29:41.923Z - Time taken for 'total for creating and serializing project graph' 21.620105999987572ms
[NX v22.5.1 Daemon Server] - 2026-02-19T00:29:41.927Z - Done responding to the client project-graph
[NX v22.5.1 Daemon Server] - 2026-02-19T00:29:41.927Z - Handled json message REQUEST_PROJECT_GRAPH. Handling time: 22. Response time: 10.
[NX v22.5.1 Daemon Client] - 2026-02-19T00:29:41.930Z - [Messenger] Received message, length: 1387707
[NX v22.5.1 Daemon Server] - 2026-02-19T00:29:42.148Z - Closed a connection. Number of open connections: 3
[NX v22.5.1 Daemon Server] - 2026-02-19T00:29:43.241Z - Established a connection. Number of open connections: 4
[NX v22.5.1 Daemon Server] - 2026-02-19T00:29:43.247Z - Closed a connection. Number of open connections: 3
[NX v22.5.1 Daemon Server] - 2026-02-19T00:29:43.249Z - Established a connection. Number of open connections: 4
[NX v22.5.1 Daemon Client] - 2026-02-19T00:29:43.250Z - [Messenger] Setting up socket listeners
[NX v22.5.1 Daemon Client] - 2026-02-19T00:29:43.251Z - [Messenger] listen() complete
[NX v22.5.1 Daemon Client] - 2026-02-19T00:29:43.252Z - [Messenger] Sending message type: REQUEST_PROJECT_GRAPH
[NX v22.5.1 Daemon Client] - 2026-02-19T00:29:43.257Z - [Messenger] Message sent
[NX v22.5.1 Daemon Server] - 2026-02-19T00:29:43.376Z - Received raw message of length 32
[NX v22.5.1 Daemon Server] - 2026-02-19T00:29:43.376Z - Received json message of type REQUEST_PROJECT_GRAPH
[NX v22.5.1 Daemon Server] - 2026-02-19T00:29:43.376Z - [REQUEST]: Client Request for Project Graph Received
[NX v22.5.1 Daemon Server] - 2026-02-19T00:29:43.376Z - Reusing in-memory cached project graph because no files changed.
[NX v22.5.1 Daemon Server] - 2026-02-19T00:29:43.396Z - Wrote project graph cache to /home/poukam-tech/project/marizona/.nx/workspace-data/project-graph.json
[NX v22.5.1 Daemon Server] - 2026-02-19T00:29:43.396Z - Serializing response for REQUEST_PROJECT_GRAPH message in json mode
[NX v22.5.1 Daemon Server] - 2026-02-19T00:29:43.396Z - Responding to REQUEST_PROJECT_GRAPH message
[NX v22.5.1 Daemon Server] - 2026-02-19T00:29:43.396Z - [REQUEST]: Responding to the client. project-graph
[NX v22.5.1 Daemon Server] - 2026-02-19T00:29:43.402Z - Time taken for 'total for creating and serializing project graph' 20.32117799995467ms
[NX v22.5.1 Daemon Server] - 2026-02-19T00:29:43.410Z - Done responding to the client project-graph
[NX v22.5.1 Daemon Server] - 2026-02-19T00:29:43.410Z - Handled json message REQUEST_PROJECT_GRAPH. Handling time: 20. Response time: 14.
[NX v22.5.1 Daemon Client] - 2026-02-19T00:29:43.412Z - [Messenger] Received message, length: 1387707
[NX v22.5.1 Daemon Server] - 2026-02-19T00:29:57.098Z - Established a connection. Number of open connections: 5
[NX v22.5.1 Daemon Server] - 2026-02-19T00:29:57.104Z - Closed a connection. Number of open connections: 4
[NX v22.5.1 Daemon Client] - 2026-02-19T00:29:57.106Z - [Messenger] Setting up socket listeners
[NX v22.5.1 Daemon Client] - 2026-02-19T00:29:57.107Z - [Messenger] listen() complete
[NX v22.5.1 Daemon Server] - 2026-02-19T00:29:57.108Z - Established a connection. Number of open connections: 5
[NX v22.5.1 Daemon Server] - 2026-02-19T00:29:57.108Z - Established a connection. Number of open connections: 6
[NX v22.5.1 Daemon Server] - 2026-02-19T00:29:57.109Z - Closed a connection. Number of open connections: 5
[NX v22.5.1 Daemon Client] - 2026-02-19T00:29:57.109Z - [Messenger] Sending message type: GET_NX_CONSOLE_STATUS
[NX v22.5.1 Daemon Client] - 2026-02-19T00:29:57.110Z - [Messenger] Message sent
[NX v22.5.1 Daemon Server] - 2026-02-19T00:29:57.215Z - Received raw message of length 32
[NX v22.5.1 Daemon Server] - 2026-02-19T00:29:57.216Z - Received json message of type GET_NX_CONSOLE_STATUS
[NX v22.5.1 Daemon Server] - 2026-02-19T00:29:57.216Z - Serializing response for GET_NX_CONSOLE_STATUS message in json mode
[NX v22.5.1 Daemon Server] - 2026-02-19T00:29:57.216Z - Responding to GET_NX_CONSOLE_STATUS message
[NX v22.5.1 Daemon Server] - 2026-02-19T00:29:57.216Z - [REQUEST]: Responding to the client. handleGetNxConsoleStatus
[NX v22.5.1 Daemon Server] - 2026-02-19T00:29:57.216Z - Done responding to the client handleGetNxConsoleStatus
[NX v22.5.1 Daemon Server] - 2026-02-19T00:29:57.216Z - Handled json message GET_NX_CONSOLE_STATUS. Handling time: 0. Response time: 0.
[NX v22.5.1 Daemon Client] - 2026-02-19T00:29:57.217Z - [Messenger] Received message, length: 22
[NX v22.5.1 Daemon Client] - 2026-02-19T00:29:57.281Z - [Messenger] Sending message type: REQUEST_PROJECT_GRAPH
[NX v22.5.1 Daemon Client] - 2026-02-19T00:29:57.281Z - [Messenger] Message sent
[NX v22.5.1 Daemon Server] - 2026-02-19T00:29:57.281Z - Received raw message of length 32
[NX v22.5.1 Daemon Server] - 2026-02-19T00:29:57.281Z - Received json message of type REQUEST_PROJECT_GRAPH
[NX v22.5.1 Daemon Server] - 2026-02-19T00:29:57.282Z - [REQUEST]: Client Request for Project Graph Received
[NX v22.5.1 Daemon Server] - 2026-02-19T00:29:57.282Z - Reusing in-memory cached project graph because no files changed.
[NX v22.5.1 Daemon Server] - 2026-02-19T00:29:57.299Z - Wrote project graph cache to /home/poukam-tech/project/marizona/.nx/workspace-data/project-graph.json
[NX v22.5.1 Daemon Server] - 2026-02-19T00:29:57.299Z - Serializing response for REQUEST_PROJECT_GRAPH message in json mode
[NX v22.5.1 Daemon Server] - 2026-02-19T00:29:57.299Z - Responding to REQUEST_PROJECT_GRAPH message
[NX v22.5.1 Daemon Server] - 2026-02-19T00:29:57.299Z - [REQUEST]: Responding to the client. project-graph
[NX v22.5.1 Daemon Server] - 2026-02-19T00:29:57.301Z - Time taken for 'total for creating and serializing project graph' 17.36527800001204ms
[NX v22.5.1 Daemon Server] - 2026-02-19T00:29:57.305Z - Done responding to the client project-graph
[NX v22.5.1 Daemon Server] - 2026-02-19T00:29:57.305Z - Handled json message REQUEST_PROJECT_GRAPH. Handling time: 18. Response time: 6.
[NX v22.5.1 Daemon Client] - 2026-02-19T00:29:57.307Z - [Messenger] Received message, length: 1387707
[NX v22.5.1 Daemon Client] - 2026-02-19T00:29:57.322Z - [Messenger] Sending message type: PRE_TASKS_EXECUTION
[NX v22.5.1 Daemon Client] - 2026-02-19T00:29:57.323Z - [Messenger] Message sent
[NX v22.5.1 Daemon Server] - 2026-02-19T00:29:57.323Z - Received raw message of length 1629
[NX v22.5.1 Daemon Server] - 2026-02-19T00:29:57.323Z - Received json message of type PRE_TASKS_EXECUTION
[NX v22.5.1 Daemon Server] - 2026-02-19T00:29:57.324Z - Serializing response for PRE_TASKS_EXECUTION message in json mode
[NX v22.5.1 Daemon Server] - 2026-02-19T00:29:57.324Z - Responding to PRE_TASKS_EXECUTION message
[NX v22.5.1 Daemon Server] - 2026-02-19T00:29:57.325Z - [REQUEST]: Responding to the client. handleRunPreTasksExecution
[NX v22.5.1 Daemon Server] - 2026-02-19T00:29:57.325Z - Done responding to the client handleRunPreTasksExecution
[NX v22.5.1 Daemon Server] - 2026-02-19T00:29:57.325Z - Handled json message PRE_TASKS_EXECUTION. Handling time: 1. Response time: 1.
[NX v22.5.1 Daemon Client] - 2026-02-19T00:29:57.325Z - [Messenger] Received message, length: 2
[NX v22.5.1 Daemon Server] - 2026-02-19T00:29:57.325Z - Time taken for 'preTasksExecution' 0.9923740000231192ms
[NX v22.5.1 Daemon Client] - 2026-02-19T00:29:57.358Z - [Messenger] Sending message type: HASH_TASKS
[NX v22.5.1 Daemon Client] - 2026-02-19T00:29:57.359Z - [Messenger] Message sent
[NX v22.5.1 Daemon Server] - 2026-02-19T00:29:57.359Z - Received raw message of length 8506
[NX v22.5.1 Daemon Server] - 2026-02-19T00:29:57.359Z - Received json message of type HASH_TASKS
[NX v22.5.1 Daemon Server] - 2026-02-19T00:29:57.359Z - Reusing in-memory cached project graph because no files changed.
[NX v22.5.1 Daemon Server] - 2026-02-19T00:29:57.371Z - Wrote project graph cache to /home/poukam-tech/project/marizona/.nx/workspace-data/project-graph.json
DEBUG nx::native::tasks::hash_planner: get_plans_internal COMPLETED in 7.918729ms - processed 1 tasks (setup: 7.392896ms, parallel_planning: 501.408µs)
DEBUG nx::native::tasks::hashers::hash_workspace_files: Hashing workspace fileset with inputs: Adding "12475982618692230973" (".gitignore") to hash
DEBUG nx::native::tasks::hashers::hash_workspace_files: Hashing workspace fileset with inputs: Adding "8516195800549599522" (".nxignore") to hash
DEBUG nx::native::tasks::hashers::hash_workspace_files: Hashing workspace fileset with inputs: Adding "614954295243266697" ("nx.json") to hash
DEBUG nx::native::tasks::hashers::hash_workspace_files: Hashing workspace fileset with inputs: Hash Value: "16382247164987548109"
DEBUG nx::native::tasks::task_hasher: hash_plans COMPLETED in 7.298945ms - processed 1 plans (setup: 989.401µs, hashing: 6.302717ms, assembly: 2.282159ms)
[NX v22.5.1 Daemon Server] - 2026-02-19T00:29:57.414Z - Serializing response for HASH_TASKS message in json mode
[NX v22.5.1 Daemon Server] - 2026-02-19T00:29:57.415Z - Responding to HASH_TASKS message
[NX v22.5.1 Daemon Server] - 2026-02-19T00:29:57.415Z - [REQUEST]: Responding to the client. handleHashTasks
[NX v22.5.1 Daemon Server] - 2026-02-19T00:29:57.415Z - Done responding to the client handleHashTasks
[NX v22.5.1 Daemon Server] - 2026-02-19T00:29:57.415Z - Handled json message HASH_TASKS. Handling time: 55. Response time: 1.
[NX v22.5.1 Daemon Server] - 2026-02-19T00:29:57.415Z - Time taken for 'write cache' 11.75611099996604ms
[NX v22.5.1 Daemon Client] - 2026-02-19T00:29:57.415Z - [Messenger] Received message, length: 101285
[NX v22.5.1 Daemon Client] - 2026-02-19T00:29:57.436Z - [Messenger] Sending message type: GET_ESTIMATED_TASK_TIMINGS
[NX v22.5.1 Daemon Client] - 2026-02-19T00:29:57.437Z - [Messenger] Message sent
[NX v22.5.1 Daemon Server] - 2026-02-19T00:29:57.437Z - Received raw message of length 119
[NX v22.5.1 Daemon Server] - 2026-02-19T00:29:57.437Z - Received json message of type GET_ESTIMATED_TASK_TIMINGS
[NX v22.5.1 Daemon Server] - 2026-02-19T00:29:57.438Z - Serializing response for GET_ESTIMATED_TASK_TIMINGS message in json mode
[NX v22.5.1 Daemon Server] - 2026-02-19T00:29:57.438Z - Responding to GET_ESTIMATED_TASK_TIMINGS message
[NX v22.5.1 Daemon Server] - 2026-02-19T00:29:57.438Z - [REQUEST]: Responding to the client. handleGetEstimatedTaskTimings
[NX v22.5.1 Daemon Server] - 2026-02-19T00:29:57.439Z - Done responding to the client handleGetEstimatedTaskTimings
[NX v22.5.1 Daemon Server] - 2026-02-19T00:29:57.439Z - Handled json message GET_ESTIMATED_TASK_TIMINGS. Handling time: 1. Response time: 1.
[NX v22.5.1 Daemon Client] - 2026-02-19T00:29:57.439Z - [Messenger] Received message, length: 2
[NX v22.5.1 Daemon Server] - 2026-02-19T00:30:00.127Z - Established a connection. Number of open connections: 6
[NX v22.5.1 Daemon Server] - 2026-02-19T00:30:00.130Z - Closed a connection. Number of open connections: 5
[NX v22.5.1 Daemon Server] - 2026-02-19T00:30:00.132Z - Established a connection. Number of open connections: 6
[NX v22.5.1 Daemon Client] - 2026-02-19T00:30:00.132Z - [Messenger] Setting up socket listeners
[NX v22.5.1 Daemon Client] - 2026-02-19T00:30:00.133Z - [Messenger] listen() complete
[NX v22.5.1 Daemon Client] - 2026-02-19T00:30:00.134Z - [Messenger] Sending message type: REQUEST_PROJECT_GRAPH
[NX v22.5.1 Daemon Client] - 2026-02-19T00:30:00.135Z - [Messenger] Message sent
[NX v22.5.1 Daemon Server] - 2026-02-19T00:30:00.239Z - Received raw message of length 32
[NX v22.5.1 Daemon Server] - 2026-02-19T00:30:00.239Z - Received json message of type REQUEST_PROJECT_GRAPH
[NX v22.5.1 Daemon Server] - 2026-02-19T00:30:00.239Z - [REQUEST]: Client Request for Project Graph Received
[NX v22.5.1 Daemon Server] - 2026-02-19T00:30:00.240Z - Reusing in-memory cached project graph because no files changed.
[NX v22.5.1 Daemon Server] - 2026-02-19T00:30:00.255Z - Wrote project graph cache to /home/poukam-tech/project/marizona/.nx/workspace-data/project-graph.json
[NX v22.5.1 Daemon Server] - 2026-02-19T00:30:00.255Z - Serializing response for REQUEST_PROJECT_GRAPH message in json mode
[NX v22.5.1 Daemon Server] - 2026-02-19T00:30:00.255Z - Responding to REQUEST_PROJECT_GRAPH message
[NX v22.5.1 Daemon Server] - 2026-02-19T00:30:00.256Z - [REQUEST]: Responding to the client. project-graph
[NX v22.5.1 Daemon Server] - 2026-02-19T00:30:00.259Z - Time taken for 'total for creating and serializing project graph' 16.601798000046983ms
[NX v22.5.1 Daemon Server] - 2026-02-19T00:30:00.266Z - Done responding to the client project-graph
[NX v22.5.1 Daemon Server] - 2026-02-19T00:30:00.266Z - Handled json message REQUEST_PROJECT_GRAPH. Handling time: 16. Response time: 11.
[NX v22.5.1 Daemon Client] - 2026-02-19T00:30:00.269Z - [Messenger] Received message, length: 1387707
[NX v22.5.1 Daemon Client] - 2026-02-19T00:30:01.451Z - [Messenger] Sending message type: REQUEST_PROJECT_GRAPH
[NX v22.5.1 Daemon Client] - 2026-02-19T00:30:01.453Z - [Messenger] Message sent
[NX v22.5.1 Daemon Server] - 2026-02-19T00:30:01.453Z - Received raw message of length 32
[NX v22.5.1 Daemon Server] - 2026-02-19T00:30:01.453Z - Received json message of type REQUEST_PROJECT_GRAPH
[NX v22.5.1 Daemon Server] - 2026-02-19T00:30:01.453Z - [REQUEST]: Client Request for Project Graph Received
[NX v22.5.1 Daemon Server] - 2026-02-19T00:30:01.454Z - Reusing in-memory cached project graph because no files changed.
[NX v22.5.1 Daemon Server] - 2026-02-19T00:30:01.485Z - Wrote project graph cache to /home/poukam-tech/project/marizona/.nx/workspace-data/project-graph.json
[NX v22.5.1 Daemon Server] - 2026-02-19T00:30:01.485Z - Serializing response for REQUEST_PROJECT_GRAPH message in json mode
[NX v22.5.1 Daemon Server] - 2026-02-19T00:30:01.485Z - Responding to REQUEST_PROJECT_GRAPH message
[NX v22.5.1 Daemon Server] - 2026-02-19T00:30:01.485Z - [REQUEST]: Responding to the client. project-graph
[NX v22.5.1 Daemon Server] - 2026-02-19T00:30:01.493Z - Time taken for 'total for creating and serializing project graph' 32.23604800004978ms
[NX v22.5.1 Daemon Server] - 2026-02-19T00:30:01.510Z - Done responding to the client project-graph
[NX v22.5.1 Daemon Server] - 2026-02-19T00:30:01.510Z - Handled json message REQUEST_PROJECT_GRAPH. Handling time: 32. Response time: 25.
[NX v22.5.1 Daemon Client] - 2026-02-19T00:30:01.514Z - [Messenger] Received message, length: 1387707
[NX v22.5.1 Daemon Server] - 2026-02-19T00:31:23.311Z - Closed a connection. Number of open connections: 5
[NX v22.5.1 Daemon Server] - 2026-02-19T00:31:23.436Z - Closed a connection. Number of open connections: 4
[NX v22.5.1 Daemon Server] - 2026-02-19T00:31:24.722Z - Established a connection. Number of open connections: 5
[NX v22.5.1 Daemon Server] - 2026-02-19T00:31:24.723Z - Closed a connection. Number of open connections: 4
[NX v22.5.1 Daemon Server] - 2026-02-19T00:31:24.724Z - Established a connection. Number of open connections: 5
[NX v22.5.1 Daemon Client] - 2026-02-19T00:31:24.724Z - [Messenger] Setting up socket listeners
[NX v22.5.1 Daemon Client] - 2026-02-19T00:31:24.725Z - [Messenger] listen() complete
[NX v22.5.1 Daemon Client] - 2026-02-19T00:31:24.725Z - [Messenger] Sending message type: REQUEST_PROJECT_GRAPH
[NX v22.5.1 Daemon Client] - 2026-02-19T00:31:24.726Z - [Messenger] Message sent
[NX v22.5.1 Daemon Server] - 2026-02-19T00:31:24.809Z - Received raw message of length 32
[NX v22.5.1 Daemon Server] - 2026-02-19T00:31:24.809Z - Received json message of type REQUEST_PROJECT_GRAPH
[NX v22.5.1 Daemon Server] - 2026-02-19T00:31:24.809Z - [REQUEST]: Client Request for Project Graph Received
[NX v22.5.1 Daemon Server] - 2026-02-19T00:31:24.809Z - Reusing in-memory cached project graph because no files changed.
[NX v22.5.1 Daemon Server] - 2026-02-19T00:31:24.821Z - Wrote project graph cache to /home/poukam-tech/project/marizona/.nx/workspace-data/project-graph.json
[NX v22.5.1 Daemon Server] - 2026-02-19T00:31:24.821Z - Serializing response for REQUEST_PROJECT_GRAPH message in json mode
[NX v22.5.1 Daemon Server] - 2026-02-19T00:31:24.821Z - Responding to REQUEST_PROJECT_GRAPH message
[NX v22.5.1 Daemon Server] - 2026-02-19T00:31:24.821Z - [REQUEST]: Responding to the client. project-graph
[NX v22.5.1 Daemon Server] - 2026-02-19T00:31:24.824Z - Time taken for 'total for creating and serializing project graph' 12.17801499995403ms
[NX v22.5.1 Daemon Server] - 2026-02-19T00:31:24.827Z - Done responding to the client project-graph
[NX v22.5.1 Daemon Server] - 2026-02-19T00:31:24.828Z - Handled json message REQUEST_PROJECT_GRAPH. Handling time: 12. Response time: 7.
[NX v22.5.1 Daemon Client] - 2026-02-19T00:31:24.830Z - [Messenger] Received message, length: 1387707
[NX v22.5.1 Daemon Server] - 2026-02-19T00:31:25.043Z - Closed a connection. Number of open connections: 4
[NX v22.5.1 Daemon Server] - 2026-02-19T00:31:26.774Z - Established a connection. Number of open connections: 5
[NX v22.5.1 Daemon Server] - 2026-02-19T00:31:26.776Z - Closed a connection. Number of open connections: 4
[NX v22.5.1 Daemon Server] - 2026-02-19T00:31:26.776Z - Established a connection. Number of open connections: 5
[NX v22.5.1 Daemon Client] - 2026-02-19T00:31:26.777Z - [Messenger] Setting up socket listeners
[NX v22.5.1 Daemon Client] - 2026-02-19T00:31:26.777Z - [Messenger] listen() complete
[NX v22.5.1 Daemon Client] - 2026-02-19T00:31:26.778Z - [Messenger] Sending message type: REQUEST_PROJECT_GRAPH
[NX v22.5.1 Daemon Client] - 2026-02-19T00:31:26.779Z - [Messenger] Message sent
[NX v22.5.1 Daemon Server] - 2026-02-19T00:31:26.842Z - Received raw message of length 32
[NX v22.5.1 Daemon Server] - 2026-02-19T00:31:26.843Z - Received json message of type REQUEST_PROJECT_GRAPH
[NX v22.5.1 Daemon Server] - 2026-02-19T00:31:26.843Z - [REQUEST]: Client Request for Project Graph Received
[NX v22.5.1 Daemon Server] - 2026-02-19T00:31:26.843Z - Reusing in-memory cached project graph because no files changed.
[NX v22.5.1 Daemon Server] - 2026-02-19T00:31:26.857Z - Wrote project graph cache to /home/poukam-tech/project/marizona/.nx/workspace-data/project-graph.json
[NX v22.5.1 Daemon Server] - 2026-02-19T00:31:26.857Z - Serializing response for REQUEST_PROJECT_GRAPH message in json mode
[NX v22.5.1 Daemon Server] - 2026-02-19T00:31:26.857Z - Responding to REQUEST_PROJECT_GRAPH message
[NX v22.5.1 Daemon Server] - 2026-02-19T00:31:26.857Z - [REQUEST]: Responding to the client. project-graph
[NX v22.5.1 Daemon Server] - 2026-02-19T00:31:26.859Z - Time taken for 'total for creating and serializing project graph' 14.268161999993026ms
[NX v22.5.1 Daemon Server] - 2026-02-19T00:31:26.865Z - Done responding to the client project-graph
[NX v22.5.1 Daemon Server] - 2026-02-19T00:31:26.865Z - Handled json message REQUEST_PROJECT_GRAPH. Handling time: 14. Response time: 8.
[NX v22.5.1 Daemon Client] - 2026-02-19T00:31:26.867Z - [Messenger] Received message, length: 1387707
[NX v22.5.1 Daemon Server] - 2026-02-19T00:31:31.283Z - Closed a connection. Number of open connections: 4
[NX v22.5.1 Daemon Server] - 2026-02-19T00:31:31.284Z - Closed a connection. Number of open connections: 3
[NX v22.5.1 Daemon Server] - 2026-02-19T00:31:33.447Z - Closed a connection. Number of open connections: 2
[NX v22.5.1 Daemon Server] - 2026-02-19T00:32:01.458Z - Closed a connection. Number of open connections: 1
[NX v22.5.1 Daemon Server] - 2026-02-19T00:32:01.458Z - Closed a connection. Number of open connections: 0
[NX v22.5.1 Daemon Client] - 2026-02-20T13:37:14.191Z - [Client] Starting new daemon server in background
[NX v22.5.1 Daemon Client] - 2026-02-20T13:37:14.197Z - [Client] Waiting for server (max: 6000 attempts, 10ms interval)
[NX v22.5.1 Daemon Server] - 2026-02-20T13:37:14.785Z - New daemon starting from: /home/poukam-tech/project/marizona/node_modules/nx/src/daemon/server/server.js
[NX v22.5.1 Daemon Server] - 2026-02-20T13:37:14.787Z - New daemon __dirname: /home/poukam-tech/project/marizona/node_modules/nx/src/daemon/server
[NX v22.5.1 Daemon Server] - 2026-02-20T13:37:14.787Z - New daemon nxVersion: 22.5.1
[NX v22.5.1 Daemon Server] - 2026-02-20T13:37:14.787Z - New daemon getInstalledNxVersion(): 22.5.1
[NX v22.5.1 Daemon Server] - 2026-02-20T13:37:14.796Z - [Server] Starting outdated check interval (20ms)
[NX v22.5.1 Daemon Server] - 2026-02-20T13:37:14.799Z - Started listening on: /tmp/0bc8d05a0f24b53774b6/d.sock
[NX v22.5.1 Daemon Client] - 2026-02-20T13:37:14.801Z - [Client] Server available after 51 attempts
[NX v22.5.1 Daemon Client] - 2026-02-20T13:37:14.801Z - [Client] Daemon server started, pid=70749
[NX v22.5.1 Daemon Server] - 2026-02-20T13:37:14.807Z - [WATCHER]: Subscribed to changes within: /home/poukam-tech/project/marizona (native)
[NX v22.5.1 Daemon Server] - 2026-02-20T13:37:14.808Z - [NX-CONSOLE]: Pulling latest Nx (latest) to check console status...
Fetching nx...
[NX v22.5.1 Daemon Client] - 2026-02-20T13:37:14.853Z - [Messenger] Setting up socket listeners
[NX v22.5.1 Daemon Client] - 2026-02-20T13:37:14.853Z - [Messenger] listen() complete
[NX v22.5.1 Daemon Client] - 2026-02-20T13:37:14.863Z - [Messenger] Sending message type: REQUEST_PROJECT_GRAPH
[NX v22.5.1 Daemon Client] - 2026-02-20T13:37:14.872Z - [Messenger] Message sent
[NX v22.5.1 Daemon Server] - 2026-02-20T13:37:14.885Z - Established a connection. Number of open connections: 1
[NX v22.5.1 Daemon Server] - 2026-02-20T13:37:14.889Z - Established a connection. Number of open connections: 2
[NX v22.5.1 Daemon Server] - 2026-02-20T13:37:14.893Z - Closed a connection. Number of open connections: 1
[NX v22.5.1 Daemon Server] - 2026-02-20T13:37:14.893Z - Established a connection. Number of open connections: 2
[NX v22.5.1 Daemon Server] - 2026-02-20T13:37:14.894Z - Closed a connection. Number of open connections: 1
Time for 'plugin worker 70781 code loading' 25.360332
[NX v22.5.1 Daemon Server] - 2026-02-20T13:37:15.128Z - Time taken for 'start-plugin-worker:/home/poukam-tech/project/marizona/node_modules/nx/src/plugins/js' 183.49286400000005ms
Time for 'plugin worker 70818 code loading' 12.617340000000006
[NX v22.5.1 Daemon Server] - 2026-02-20T13:37:15.170Z - Time taken for 'start-plugin-worker:@nx/jest/plugin' 124.22078899999997ms
Time for 'plugin worker 70789 code loading' 46.96869699999999
[NX v22.5.1 Daemon Server] - 2026-02-20T13:37:15.192Z - Received raw message of length 32
[NX v22.5.1 Daemon Server] - 2026-02-20T13:37:15.192Z - Received json message of type REQUEST_PROJECT_GRAPH
[NX v22.5.1 Daemon Server] - 2026-02-20T13:37:15.193Z - [REQUEST]: Client Request for Project Graph Received
[NX v22.5.1 Daemon Server] - 2026-02-20T13:37:15.196Z - Time taken for 'start-plugin-worker:/home/poukam-tech/project/marizona/node_modules/nx/src/plugins/project-json/build-nodes/project-json' 227.28792199999998ms
[NX v22.5.1 Daemon Server] - 2026-02-20T13:37:15.261Z - Time taken for 'start-plugin-worker:/home/poukam-tech/project/marizona/node_modules/nx/src/plugins/package-json' 304.3884079999999ms
Time for 'plugin worker 70783 code loading' 75.04303200000001
Time for 'plugin worker 70807 code loading' 40.55322800000002
Time for 'plugin worker 70790 code loading' 44.75778199999999
[NX v22.5.1 Daemon Server] - 2026-02-20T13:37:15.276Z - Time taken for 'start-plugin-worker:@nx/next/plugin' 294.8108390000001ms
[NX v22.5.1 Daemon Server] - 2026-02-20T13:37:15.353Z - Time taken for 'start-plugin-worker:@nx/playwright/plugin' 365.604914ms
Time for 'plugin worker 70806 code loading' 80.07443
[NX v22.5.1 Daemon Server] - 2026-02-20T13:37:15.432Z - Time taken for 'start-plugin-worker:@nx/eslint/plugin' 412.6522930000001ms
Time for 'plugin worker 70811 code loading' 106.93246199999999
[NX v22.5.1 Daemon Server] - 2026-02-20T13:37:15.714Z - Time taken for 'Load Nx Plugin: /home/poukam-tech/project/marizona/node_modules/nx/src/plugins/js' 797.1912490000001ms
[NX v22.5.1 Daemon Server] - 2026-02-20T13:37:16.113Z - Time taken for 'Load Nx Plugin: /home/poukam-tech/project/marizona/node_modules/nx/src/plugins/project-json/build-nodes/project-json' 1190.043815ms
[NX v22.5.1 Daemon Server] - 2026-02-20T13:37:16.731Z - Time taken for 'loadDefaultNxPlugins' 1814.9869370000001ms
[NX v22.5.1 Daemon Server] - 2026-02-20T13:37:16.950Z - Time taken for 'Load Nx Plugin: @nx/jest/plugin' 2011.4571119999998ms
[NX v22.5.1 Daemon Server] - 2026-02-20T13:37:16.975Z - Time taken for 'Load Nx Plugin: @nx/playwright/plugin' 2043.0290539999999ms
[NX v22.5.1 Daemon Server] - 2026-02-20T13:37:17.059Z - Time taken for 'Load Nx Plugin: @nx/eslint/plugin' 2121.177625ms
[NX v22.5.1 Daemon Server] - 2026-02-20T13:37:17.073Z - Time taken for 'Load Nx Plugin: @nx/webpack/plugin' 2137.220053ms
[NX v22.5.1 Daemon Server] - 2026-02-20T13:37:17.169Z - [REQUEST]: Updated workspace context based on watched changes, recomputing project graph...
[NX v22.5.1 Daemon Server] - 2026-02-20T13:37:17.175Z - [REQUEST]: 
[NX v22.5.1 Daemon Server] - 2026-02-20T13:37:17.175Z - [REQUEST]: 
[NX v22.5.1 Daemon Server] - 2026-02-20T13:37:17.199Z - Reusing in-memory cached project graph because no files changed.
[NX v22.5.1 Daemon Server] - 2026-02-20T13:37:17.265Z - Time taken for 'loadSpecifiedNxPlugins' 2236.131908ms
[NX v22.5.1 Daemon Server] - 2026-02-20T13:37:17.274Z - Established a connection. Number of open connections: 2
[NX v22.5.1 Daemon Server] - 2026-02-20T13:37:17.275Z - Established a connection. Number of open connections: 3
[NX v22.5.1 Daemon Client] - 2026-02-20T13:37:17.275Z - [Messenger] Setting up socket listeners
[NX v22.5.1 Daemon Server] - 2026-02-20T13:37:17.275Z - Closed a connection. Number of open connections: 2
[NX v22.5.1 Daemon Client] - 2026-02-20T13:37:17.275Z - [Messenger] listen() complete
[NX v22.5.1 Daemon Client] - 2026-02-20T13:37:17.276Z - [Messenger] Sending message type: HASH_GLOB
[NX v22.5.1 Daemon Client] - 2026-02-20T13:37:17.277Z - [Messenger] Message sent
[NX v22.5.1 Daemon Server] - 2026-02-20T13:37:17.317Z - Established a connection. Number of open connections: 3
[NX v22.5.1 Daemon Client] - 2026-02-20T13:37:17.321Z - [Messenger] Setting up socket listeners
[NX v22.5.1 Daemon Client] - 2026-02-20T13:37:17.321Z - [Messenger] listen() complete
[NX v22.5.1 Daemon Server] - 2026-02-20T13:37:17.327Z - Established a connection. Number of open connections: 4
[NX v22.5.1 Daemon Server] - 2026-02-20T13:37:17.327Z - Closed a connection. Number of open connections: 3
[NX v22.5.1 Daemon Server] - 2026-02-20T13:37:17.327Z - Established a connection. Number of open connections: 4
[NX v22.5.1 Daemon Server] - 2026-02-20T13:37:17.328Z - Closed a connection. Number of open connections: 3
[NX v22.5.1 Daemon Client] - 2026-02-20T13:37:17.329Z - [Messenger] Sending message type: HASH_GLOB
[NX v22.5.1 Daemon Client] - 2026-02-20T13:37:17.334Z - [Messenger] Message sent
[NX v22.5.1 Daemon Server] - 2026-02-20T13:37:17.339Z - Established a connection. Number of open connections: 4
[NX v22.5.1 Daemon Server] - 2026-02-20T13:37:17.339Z - Established a connection. Number of open connections: 5
[NX v22.5.1 Daemon Client] - 2026-02-20T13:37:17.337Z - [Messenger] Setting up socket listeners
[NX v22.5.1 Daemon Client] - 2026-02-20T13:37:17.340Z - [Messenger] listen() complete
[NX v22.5.1 Daemon Client] - 2026-02-20T13:37:17.341Z - [Messenger] Sending message type: HASH_GLOB
[NX v22.5.1 Daemon Client] - 2026-02-20T13:37:17.343Z - [Messenger] Setting up socket listeners
[NX v22.5.1 Daemon Client] - 2026-02-20T13:37:17.344Z - [Messenger] listen() complete
[NX v22.5.1 Daemon Server] - 2026-02-20T13:37:17.344Z - Closed a connection. Number of open connections: 4
[NX v22.5.1 Daemon Client] - 2026-02-20T13:37:17.345Z - [Messenger] Sending message type: GLOB
[NX v22.5.1 Daemon Server] - 2026-02-20T13:37:17.348Z - Established a connection. Number of open connections: 5
[NX v22.5.1 Daemon Client] - 2026-02-20T13:37:17.348Z - [Messenger] Message sent
[NX v22.5.1 Daemon Client] - 2026-02-20T13:37:17.367Z - [Messenger] Message sent
[NX v22.5.1 Daemon Server] - 2026-02-20T13:37:17.373Z - Established a connection. Number of open connections: 6
[NX v22.5.1 Daemon Server] - 2026-02-20T13:37:17.381Z - Closed a connection. Number of open connections: 5
[NX v22.5.1 Daemon Server] - 2026-02-20T13:37:17.381Z - Established a connection. Number of open connections: 6
[NX v22.5.1 Daemon Client] - 2026-02-20T13:37:17.382Z - [Messenger] Setting up socket listeners
[NX v22.5.1 Daemon Client] - 2026-02-20T13:37:17.383Z - [Messenger] listen() complete
[NX v22.5.1 Daemon Client] - 2026-02-20T13:37:17.383Z - [Messenger] Sending message type: HASH_MULTI_GLOB
[NX v22.5.1 Daemon Client] - 2026-02-20T13:37:17.384Z - [Messenger] Message sent
Time for 'nx/js/dependencies-and-lockfile:createNodes' 149.62048399999958
Time for 'daemon-message-serialization-HASH_MULTI_GLOB' 0.4305909999998221
[NX v22.5.1 Daemon Server] - 2026-02-20T13:37:17.579Z - Received raw message of length 124
[NX v22.5.1 Daemon Server] - 2026-02-20T13:37:17.579Z - Received json message of type HASH_MULTI_GLOB
[NX v22.5.1 Daemon Server] - 2026-02-20T13:37:17.600Z - Serializing response for HASH_GLOB message in json mode
[NX v22.5.1 Daemon Server] - 2026-02-20T13:37:17.601Z - Responding to HASH_GLOB message
[NX v22.5.1 Daemon Server] - 2026-02-20T13:37:17.601Z - [REQUEST]: Responding to the client. handleHashMultiGlob
[NX v22.5.1 Daemon Server] - 2026-02-20T13:37:17.601Z - Done responding to the client handleHashMultiGlob
[NX v22.5.1 Daemon Server] - 2026-02-20T13:37:17.601Z - Handled json message HASH_GLOB. Handling time: 20. Response time: 1.
[NX v22.5.1 Daemon Client] - 2026-02-20T13:37:17.607Z - [Messenger] Received message, length: 92
Time for 'daemon-message-serialization-HASH_GLOB' 7.082234999999855
[NX v22.5.1 Daemon Server] - 2026-02-20T13:37:17.617Z - Received raw message of length 57
[NX v22.5.1 Daemon Server] - 2026-02-20T13:37:17.617Z - Received json message of type HASH_GLOB
[NX v22.5.1 Daemon Server] - 2026-02-20T13:37:17.647Z - Serializing response for HASH_GLOB message in json mode
[NX v22.5.1 Daemon Server] - 2026-02-20T13:37:17.647Z - Responding to HASH_GLOB message
[NX v22.5.1 Daemon Server] - 2026-02-20T13:37:17.647Z - [REQUEST]: Responding to the client. handleHashGlob
[NX v22.5.1 Daemon Server] - 2026-02-20T13:37:17.647Z - Done responding to the client handleHashGlob
[NX v22.5.1 Daemon Server] - 2026-02-20T13:37:17.648Z - Handled json message HASH_GLOB. Handling time: 30. Response time: 1.
[NX v22.5.1 Daemon Client] - 2026-02-20T13:37:17.650Z - [Messenger] Received message, length: 21
Time for 'daemon-message-serialization-HASH_GLOB' 2.8163939999999457
[NX v22.5.1 Daemon Server] - 2026-02-20T13:37:17.668Z - Received raw message of length 59
[NX v22.5.1 Daemon Server] - 2026-02-20T13:37:17.668Z - Received json message of type HASH_GLOB
[NX v22.5.1 Daemon Server] - 2026-02-20T13:37:17.669Z - Serializing response for HASH_GLOB message in json mode
[NX v22.5.1 Daemon Server] - 2026-02-20T13:37:17.669Z - Responding to HASH_GLOB message
[NX v22.5.1 Daemon Server] - 2026-02-20T13:37:17.669Z - [REQUEST]: Responding to the client. handleHashGlob
[NX v22.5.1 Daemon Server] - 2026-02-20T13:37:17.669Z - Done responding to the client handleHashGlob
[NX v22.5.1 Daemon Server] - 2026-02-20T13:37:17.669Z - Handled json message HASH_GLOB. Handling time: 1. Response time: 0.
[NX v22.5.1 Daemon Client] - 2026-02-20T13:37:17.677Z - [Messenger] Received message, length: 21
[NX v22.5.1 Daemon Client] - 2026-02-20T13:37:17.678Z - [Messenger] Sending message type: HASH_GLOB
[NX v22.5.1 Daemon Client] - 2026-02-20T13:37:17.678Z - [Messenger] Message sent
Time for 'daemon-message-serialization-GLOB' 0.39684200000010605
[NX v22.5.1 Daemon Server] - 2026-02-20T13:37:17.710Z - Received raw message of length 73
[NX v22.5.1 Daemon Server] - 2026-02-20T13:37:17.710Z - Received json message of type GLOB
[NX v22.5.1 Daemon Server] - 2026-02-20T13:37:17.719Z - Serializing response for GLOB message in json mode
[NX v22.5.1 Daemon Server] - 2026-02-20T13:37:17.719Z - Responding to GLOB message
[NX v22.5.1 Daemon Server] - 2026-02-20T13:37:17.719Z - [REQUEST]: Responding to the client. handleGlob
[NX v22.5.1 Daemon Server] - 2026-02-20T13:37:17.719Z - Done responding to the client handleGlob
[NX v22.5.1 Daemon Server] - 2026-02-20T13:37:17.719Z - Handled json message GLOB. Handling time: 9. Response time: 0.
[NX v22.5.1 Daemon Server] - 2026-02-20T13:37:17.720Z - Received raw message of length 64
[NX v22.5.1 Daemon Server] - 2026-02-20T13:37:17.721Z - Received json message of type HASH_GLOB
[NX v22.5.1 Daemon Client] - 2026-02-20T13:37:17.722Z - [Messenger] Received message, length: 6441
[NX v22.5.1 Daemon Server] - 2026-02-20T13:37:17.723Z - Serializing response for HASH_GLOB message in json mode
[NX v22.5.1 Daemon Server] - 2026-02-20T13:37:17.723Z - Responding to HASH_GLOB message
[NX v22.5.1 Daemon Server] - 2026-02-20T13:37:17.723Z - [REQUEST]: Responding to the client. handleHashGlob
[NX v22.5.1 Daemon Client] - 2026-02-20T13:37:17.723Z - [Messenger] Received message, length: 22
[NX v22.5.1 Daemon Server] - 2026-02-20T13:37:17.726Z - Done responding to the client handleHashGlob
[NX v22.5.1 Daemon Server] - 2026-02-20T13:37:17.726Z - Handled json message HASH_GLOB. Handling time: 2. Response time: 3.
Time for 'HASH_GLOB round trip' 347.87336099999993
Time for 'deserialize daemon response - HASH_GLOB' 0.1595900000002075
Time for 'daemon-message-serialization-HASH_GLOB' 0.04787499999974898
Time for '@nx/next/plugin:createNodes' 464.4277579999998
Time for 'daemon-message-serialization-HASH_GLOB' 0.38029699999970035
[NX v22.5.1 Daemon Server] - 2026-02-20T13:37:17.727Z - Received raw message of length 63
[NX v22.5.1 Daemon Server] - 2026-02-20T13:37:17.727Z - Received json message of type HASH_GLOB
[NX v22.5.1 Daemon Server] - 2026-02-20T13:37:17.729Z - Serializing response for HASH_GLOB message in json mode
[NX v22.5.1 Daemon Server] - 2026-02-20T13:37:17.729Z - Responding to HASH_GLOB message
[NX v22.5.1 Daemon Server] - 2026-02-20T13:37:17.730Z - [REQUEST]: Responding to the client. handleHashGlob
[NX v22.5.1 Daemon Server] - 2026-02-20T13:37:17.730Z - Done responding to the client handleHashGlob
[NX v22.5.1 Daemon Server] - 2026-02-20T13:37:17.730Z - Handled json message HASH_GLOB. Handling time: 2. Response time: 1.
Time for 'HASH_GLOB round trip' 45.26234899999963
Time for 'deserialize daemon response - HASH_GLOB' 0.03694099999984246
[NX v22.5.1 Daemon Client] - 2026-02-20T13:37:17.731Z - [Messenger] Sending message type: HASH_MULTI_GLOB
[NX v22.5.1 Daemon Client] - 2026-02-20T13:37:17.731Z - [Messenger] Message sent
[NX v22.5.1 Daemon Server] - 2026-02-20T13:37:17.731Z - Closed a connection. Number of open connections: 5
[NX v22.5.1 Daemon Server] - 2026-02-20T13:37:17.731Z - Received raw message of length 867
[NX v22.5.1 Daemon Server] - 2026-02-20T13:37:17.731Z - Received json message of type HASH_MULTI_GLOB
[NX v22.5.1 Daemon Client] - 2026-02-20T13:37:17.732Z - [Messenger] Received message, length: 21
[NX v22.5.1 Daemon Client] - 2026-02-20T13:37:17.735Z - [Messenger] Sending message type: HASH_GLOB
[NX v22.5.1 Daemon Client] - 2026-02-20T13:37:17.736Z - [Messenger] Message sent
[NX v22.5.1 Daemon Server] - 2026-02-20T13:37:17.758Z - Serializing response for HASH_GLOB message in json mode
[NX v22.5.1 Daemon Server] - 2026-02-20T13:37:17.759Z - Responding to HASH_GLOB message
[NX v22.5.1 Daemon Server] - 2026-02-20T13:37:17.759Z - [REQUEST]: Responding to the client. handleHashMultiGlob
[NX v22.5.1 Daemon Server] - 2026-02-20T13:37:17.759Z - Done responding to the client handleHashMultiGlob
[NX v22.5.1 Daemon Server] - 2026-02-20T13:37:17.759Z - Handled json message HASH_GLOB. Handling time: 27. Response time: 1.
[NX v22.5.1 Daemon Client] - 2026-02-20T13:37:17.763Z - [Messenger] Received message, length: 269
Time for 'GLOB round trip' 377.60718799999995
Time for 'deserialize daemon response - GLOB' 0.1493369999998322
Time for 'daemon-message-serialization-HASH_MULTI_GLOB' 0.06296799999972791
[NX v22.5.1 Daemon Server] - 2026-02-20T13:37:17.765Z - Received raw message of length 68
[NX v22.5.1 Daemon Server] - 2026-02-20T13:37:17.766Z - Received json message of type HASH_GLOB
[NX v22.5.1 Daemon Server] - 2026-02-20T13:37:17.770Z - Serializing response for HASH_GLOB message in json mode
[NX v22.5.1 Daemon Server] - 2026-02-20T13:37:17.770Z - Responding to HASH_GLOB message
[NX v22.5.1 Daemon Server] - 2026-02-20T13:37:17.771Z - [REQUEST]: Responding to the client. handleHashGlob
[NX v22.5.1 Daemon Server] - 2026-02-20T13:37:17.771Z - Done responding to the client handleHashGlob
[NX v22.5.1 Daemon Server] - 2026-02-20T13:37:17.771Z - Handled json message HASH_GLOB. Handling time: 4. Response time: 1.
Time for 'HASH_GLOB round trip' 456.511203
Time for 'deserialize daemon response - HASH_GLOB' 0.14923499999986234
Time for 'daemon-message-serialization-HASH_GLOB' 0.06581800000003568
[NX v22.5.1 Daemon Client] - 2026-02-20T13:37:17.771Z - [Messenger] Received message, length: 22
[NX v22.5.1 Daemon Server] - 2026-02-20T13:37:17.781Z - Closed a connection. Number of open connections: 4
[NX v22.5.1 Daemon Server] - 2026-02-20T13:37:17.787Z - Closed a connection. Number of open connections: 3
[NX v22.5.1 Daemon Server] - 2026-02-20T13:37:17.826Z - Closed a connection. Number of open connections: 2
[NX v22.5.1 Daemon Server] - 2026-02-20T13:37:18.403Z - Time taken for 'build-project-configs' 1131.5666879999999ms
[NX v22.5.1 Daemon Server] - 2026-02-20T13:37:18.445Z - Closed a connection. Number of open connections: 1
Time for 'build typescript dependencies' 0.6180460000000494
[NX v22.5.1 Daemon Server] - 2026-02-20T13:37:18.529Z - [SYNC]: collect registered sync generators
[NX v22.5.1 Daemon Server] - 2026-02-20T13:37:18.569Z - Wrote project graph cache to /home/poukam-tech/project/marizona/.nx/workspace-data/project-graph.json
[NX v22.5.1 Daemon Server] - 2026-02-20T13:37:18.569Z - Serializing response for REQUEST_PROJECT_GRAPH message in json mode
[NX v22.5.1 Daemon Server] - 2026-02-20T13:37:18.569Z - Responding to REQUEST_PROJECT_GRAPH message
[NX v22.5.1 Daemon Server] - 2026-02-20T13:37:18.569Z - [REQUEST]: Responding to the client. project-graph
[NX v22.5.1 Daemon Server] - 2026-02-20T13:37:18.572Z - Time taken for 'total for creating and serializing project graph' 3376.702483ms
[NX v22.5.1 Daemon Server] - 2026-02-20T13:37:18.587Z - Done responding to the client project-graph
[NX v22.5.1 Daemon Server] - 2026-02-20T13:37:18.587Z - Handled json message REQUEST_PROJECT_GRAPH. Handling time: 3377. Response time: 18.
[NX v22.5.1 Daemon Client] - 2026-02-20T13:37:18.591Z - [Messenger] Received message, length: 1387707
[NX v22.5.1 Daemon Client] - 2026-02-20T13:37:18.620Z - [Messenger] Sending message type: GET_CONTEXT_FILE_DATA
[NX v22.5.1 Daemon Client] - 2026-02-20T13:37:18.621Z - [Messenger] Message sent
[NX v22.5.1 Daemon Server] - 2026-02-20T13:37:18.622Z - Received raw message of length 32
[NX v22.5.1 Daemon Server] - 2026-02-20T13:37:18.622Z - Received json message of type GET_CONTEXT_FILE_DATA
[NX v22.5.1 Daemon Server] - 2026-02-20T13:37:18.623Z - Serializing response for GET_CONTEXT_FILE_DATA message in json mode
[NX v22.5.1 Daemon Server] - 2026-02-20T13:37:18.623Z - Responding to GET_CONTEXT_FILE_DATA message
[NX v22.5.1 Daemon Server] - 2026-02-20T13:37:18.623Z - [REQUEST]: Responding to the client. handleContextFileData
[NX v22.5.1 Daemon Server] - 2026-02-20T13:37:18.624Z - Done responding to the client handleContextFileData
[NX v22.5.1 Daemon Server] - 2026-02-20T13:37:18.624Z - Handled json message GET_CONTEXT_FILE_DATA. Handling time: 1. Response time: 1.
[NX v22.5.1 Daemon Client] - 2026-02-20T13:37:18.628Z - [Messenger] Received message, length: 19404
[NX v22.5.1 Daemon Server] - 2026-02-20T13:37:19.704Z - Established a connection. Number of open connections: 2
[NX v22.5.1 Daemon Client] - 2026-02-20T13:37:19.706Z - [Messenger] Setting up socket listeners
[NX v22.5.1 Daemon Client] - 2026-02-20T13:37:19.706Z - [Messenger] listen() complete
[NX v22.5.1 Daemon Client] - 2026-02-20T13:37:19.706Z - [Messenger] Sending message type: REGISTER_PROJECT_GRAPH_LISTENER
[NX v22.5.1 Daemon Client] - 2026-02-20T13:37:19.707Z - [Messenger] Message sent
[NX v22.5.1 Daemon Server] - 2026-02-20T13:37:19.707Z - Established a connection. Number of open connections: 3
[NX v22.5.1 Daemon Server] - 2026-02-20T13:37:19.707Z - Closed a connection. Number of open connections: 2
[NX v22.5.1 Daemon Server] - 2026-02-20T13:37:19.711Z - Received raw message of length 42
[NX v22.5.1 Daemon Server] - 2026-02-20T13:37:19.711Z - Received json message of type REGISTER_PROJECT_GRAPH_LISTENER
[NX v22.5.1 Daemon Server] - 2026-02-20T13:37:20.416Z - [NX-CONSOLE]: Successfully pulled latest Nx to /tmp/tmp-70749-y4TpCVOyX58i
[NX v22.5.1 Daemon Server] - 2026-02-20T13:37:20.565Z - [NX-CONSOLE]: Using local implementation (NX_USE_LOCAL=true or inner call)
DEBUG nx::native::ide::install: Detected editor: Unknown
[NX v22.5.1 Daemon Server] - 2026-02-20T13:37:20.565Z - [NX-CONSOLE]: Console status check completed, shouldPrompt: false
[NX v22.5.1 Daemon Server] - 2026-02-20T13:38:12.376Z - Established a connection. Number of open connections: 3
[NX v22.5.1 Daemon Server] - 2026-02-20T13:38:12.378Z - Closed a connection. Number of open connections: 2
[NX v22.5.1 Daemon Server] - 2026-02-20T13:38:12.379Z - Established a connection. Number of open connections: 3
[NX v22.5.1 Daemon Server] - 2026-02-20T13:38:12.379Z - Closed a connection. Number of open connections: 2
[NX v22.5.1 Daemon Server] - 2026-02-20T13:38:12.380Z - Established a connection. Number of open connections: 3
[NX v22.5.1 Daemon Client] - 2026-02-20T13:38:12.380Z - [Messenger] Setting up socket listeners
[NX v22.5.1 Daemon Client] - 2026-02-20T13:38:12.381Z - [Messenger] listen() complete
[NX v22.5.1 Daemon Client] - 2026-02-20T13:38:12.382Z - [Messenger] Sending message type: GET_NX_CONSOLE_STATUS
[NX v22.5.1 Daemon Client] - 2026-02-20T13:38:12.382Z - [Messenger] Message sent
[NX v22.5.1 Daemon Server] - 2026-02-20T13:38:12.470Z - Received raw message of length 32
[NX v22.5.1 Daemon Server] - 2026-02-20T13:38:12.470Z - Received json message of type GET_NX_CONSOLE_STATUS
[NX v22.5.1 Daemon Server] - 2026-02-20T13:38:12.471Z - Serializing response for GET_NX_CONSOLE_STATUS message in json mode
[NX v22.5.1 Daemon Server] - 2026-02-20T13:38:12.471Z - Responding to GET_NX_CONSOLE_STATUS message
[NX v22.5.1 Daemon Server] - 2026-02-20T13:38:12.471Z - [REQUEST]: Responding to the client. handleGetNxConsoleStatus
[NX v22.5.1 Daemon Server] - 2026-02-20T13:38:12.471Z - Done responding to the client handleGetNxConsoleStatus
[NX v22.5.1 Daemon Server] - 2026-02-20T13:38:12.471Z - Handled json message GET_NX_CONSOLE_STATUS. Handling time: 0. Response time: 1.
[NX v22.5.1 Daemon Client] - 2026-02-20T13:38:12.471Z - [Messenger] Received message, length: 22
[NX v22.5.1 Daemon Client] - 2026-02-20T13:38:12.539Z - [Messenger] Sending message type: REQUEST_PROJECT_GRAPH
[NX v22.5.1 Daemon Client] - 2026-02-20T13:38:12.540Z - [Messenger] Message sent
[NX v22.5.1 Daemon Server] - 2026-02-20T13:38:12.540Z - Received raw message of length 32
[NX v22.5.1 Daemon Server] - 2026-02-20T13:38:12.540Z - Received json message of type REQUEST_PROJECT_GRAPH
[NX v22.5.1 Daemon Server] - 2026-02-20T13:38:12.540Z - [REQUEST]: Client Request for Project Graph Received
[NX v22.5.1 Daemon Server] - 2026-02-20T13:38:12.540Z - Reusing in-memory cached project graph because no files changed.
[NX v22.5.1 Daemon Server] - 2026-02-20T13:38:12.555Z - Wrote project graph cache to /home/poukam-tech/project/marizona/.nx/workspace-data/project-graph.json
[NX v22.5.1 Daemon Server] - 2026-02-20T13:38:12.555Z - Serializing response for REQUEST_PROJECT_GRAPH message in json mode
[NX v22.5.1 Daemon Server] - 2026-02-20T13:38:12.555Z - Responding to REQUEST_PROJECT_GRAPH message
[NX v22.5.1 Daemon Server] - 2026-02-20T13:38:12.555Z - [REQUEST]: Responding to the client. project-graph
[NX v22.5.1 Daemon Server] - 2026-02-20T13:38:12.558Z - Time taken for 'total for creating and serializing project graph' 15.009804000001168ms
[NX v22.5.1 Daemon Server] - 2026-02-20T13:38:12.562Z - Done responding to the client project-graph
[NX v22.5.1 Daemon Server] - 2026-02-20T13:38:12.562Z - Handled json message REQUEST_PROJECT_GRAPH. Handling time: 15. Response time: 7.
[NX v22.5.1 Daemon Client] - 2026-02-20T13:38:12.564Z - [Messenger] Received message, length: 1387707
[NX v22.5.1 Daemon Client] - 2026-02-20T13:38:12.574Z - [Messenger] Sending message type: PRE_TASKS_EXECUTION
[NX v22.5.1 Daemon Client] - 2026-02-20T13:38:12.574Z - [Messenger] Message sent
[NX v22.5.1 Daemon Server] - 2026-02-20T13:38:12.574Z - Received raw message of length 1663
[NX v22.5.1 Daemon Server] - 2026-02-20T13:38:12.574Z - Received json message of type PRE_TASKS_EXECUTION
[NX v22.5.1 Daemon Server] - 2026-02-20T13:38:12.575Z - Serializing response for PRE_TASKS_EXECUTION message in json mode
[NX v22.5.1 Daemon Server] - 2026-02-20T13:38:12.575Z - Responding to PRE_TASKS_EXECUTION message
[NX v22.5.1 Daemon Server] - 2026-02-20T13:38:12.576Z - [REQUEST]: Responding to the client. handleRunPreTasksExecution
[NX v22.5.1 Daemon Server] - 2026-02-20T13:38:12.576Z - Done responding to the client handleRunPreTasksExecution
[NX v22.5.1 Daemon Server] - 2026-02-20T13:38:12.576Z - Handled json message PRE_TASKS_EXECUTION. Handling time: 1. Response time: 1.
[NX v22.5.1 Daemon Server] - 2026-02-20T13:38:12.576Z - Time taken for 'preTasksExecution' 0.7876739999992424ms
[NX v22.5.1 Daemon Client] - 2026-02-20T13:38:12.576Z - [Messenger] Received message, length: 2
[NX v22.5.1 Daemon Client] - 2026-02-20T13:38:12.631Z - [Messenger] Sending message type: HASH_TASKS
[NX v22.5.1 Daemon Client] - 2026-02-20T13:38:12.632Z - [Messenger] Message sent
[NX v22.5.1 Daemon Server] - 2026-02-20T13:38:12.632Z - Received raw message of length 7494
[NX v22.5.1 Daemon Server] - 2026-02-20T13:38:12.632Z - Received json message of type HASH_TASKS
[NX v22.5.1 Daemon Server] - 2026-02-20T13:38:12.633Z - Reusing in-memory cached project graph because no files changed.
[NX v22.5.1 Daemon Server] - 2026-02-20T13:38:12.642Z - Wrote project graph cache to /home/poukam-tech/project/marizona/.nx/workspace-data/project-graph.json
DEBUG nx::native::tasks::hash_planner: get_plans_internal COMPLETED in 6.820332ms - processed 3 tasks (setup: 5.83033ms, parallel_planning: 976.605µs)
DEBUG nx::native::tasks::hashers::hash_workspace_files: Hashing workspace fileset with inputs: Adding "12475982618692230973" (".gitignore") to hash
DEBUG nx::native::tasks::hashers::hash_workspace_files: Hashing workspace fileset with inputs: Adding "8516195800549599522" (".nxignore") to hash
DEBUG nx::native::tasks::hashers::hash_workspace_files: Hashing workspace fileset with inputs: Adding "614954295243266697" ("nx.json") to hash
DEBUG nx::native::tasks::hashers::hash_workspace_files: Hashing workspace fileset with inputs: Hash Value: "16382247164987548109"
DEBUG nx::native::tasks::hashers::hash_workspace_files: Hashing workspace fileset with inputs: Adding "12475982618692230973" (".gitignore") to hash
DEBUG nx::native::tasks::hashers::hash_workspace_files: Hashing workspace fileset with inputs: Adding "8516195800549599522" (".nxignore") to hash
DEBUG nx::native::tasks::hashers::hash_workspace_files: Hashing workspace fileset with inputs: Adding "614954295243266697" ("nx.json") to hash
DEBUG nx::native::tasks::hashers::hash_workspace_files: Hashing workspace fileset with inputs: Hash Value: "16382247164987548109"
DEBUG nx::native::tasks::hashers::hash_workspace_files: Hashing workspace fileset with inputs: Adding "12475982618692230973" (".gitignore") to hash
DEBUG nx::native::tasks::hashers::hash_workspace_files: Hashing workspace fileset with inputs: Adding "8516195800549599522" (".nxignore") to hash
DEBUG nx::native::tasks::hashers::hash_workspace_files: Hashing workspace fileset with inputs: Adding "614954295243266697" ("nx.json") to hash
DEBUG nx::native::tasks::hashers::hash_workspace_files: Hashing workspace fileset with inputs: Hash Value: "16382247164987548109"
DEBUG nx::native::tasks::task_hasher: hash_plans COMPLETED in 17.241772ms - processed 3 plans (setup: 1.204243ms, hashing: 16.032323ms, assembly: 5.999844ms)
[NX v22.5.1 Daemon Server] - 2026-02-20T13:38:12.689Z - Serializing response for HASH_TASKS message in json mode
[NX v22.5.1 Daemon Server] - 2026-02-20T13:38:12.690Z - Responding to HASH_TASKS message
[NX v22.5.1 Daemon Server] - 2026-02-20T13:38:12.690Z - [REQUEST]: Responding to the client. handleHashTasks
[NX v22.5.1 Daemon Server] - 2026-02-20T13:38:12.691Z - Time taken for 'write cache' 9.11188100000436ms
[NX v22.5.1 Daemon Server] - 2026-02-20T13:38:12.692Z - Done responding to the client handleHashTasks
[NX v22.5.1 Daemon Server] - 2026-02-20T13:38:12.692Z - Handled json message HASH_TASKS. Handling time: 57. Response time: 3.
[NX v22.5.1 Daemon Client] - 2026-02-20T13:38:12.692Z - [Messenger] Received message, length: 277125
[NX v22.5.1 Daemon Client] - 2026-02-20T13:38:12.710Z - [Messenger] Sending message type: GET_ESTIMATED_TASK_TIMINGS
[NX v22.5.1 Daemon Client] - 2026-02-20T13:38:12.710Z - [Messenger] Message sent
[NX v22.5.1 Daemon Server] - 2026-02-20T13:38:12.711Z - Received raw message of length 217
[NX v22.5.1 Daemon Server] - 2026-02-20T13:38:12.711Z - Received json message of type GET_ESTIMATED_TASK_TIMINGS
[NX v22.5.1 Daemon Server] - 2026-02-20T13:38:12.712Z - Serializing response for GET_ESTIMATED_TASK_TIMINGS message in json mode
[NX v22.5.1 Daemon Server] - 2026-02-20T13:38:12.712Z - Responding to GET_ESTIMATED_TASK_TIMINGS message
[NX v22.5.1 Daemon Server] - 2026-02-20T13:38:12.712Z - [REQUEST]: Responding to the client. handleGetEstimatedTaskTimings
[NX v22.5.1 Daemon Server] - 2026-02-20T13:38:12.713Z - Done responding to the client handleGetEstimatedTaskTimings
[NX v22.5.1 Daemon Server] - 2026-02-20T13:38:12.713Z - Handled json message GET_ESTIMATED_TASK_TIMINGS. Handling time: 1. Response time: 1.
[NX v22.5.1 Daemon Client] - 2026-02-20T13:38:12.718Z - [Messenger] Received message, length: 2
[NX v22.5.1 Daemon Server] - 2026-02-20T13:38:15.486Z - Established a connection. Number of open connections: 4
[NX v22.5.1 Daemon Server] - 2026-02-20T13:38:15.488Z - Established a connection. Number of open connections: 5
[NX v22.5.1 Daemon Server] - 2026-02-20T13:38:15.489Z - Closed a connection. Number of open connections: 4
[NX v22.5.1 Daemon Server] - 2026-02-20T13:38:15.490Z - Closed a connection. Number of open connections: 3
[NX v22.5.1 Daemon Server] - 2026-02-20T13:38:15.490Z - Established a connection. Number of open connections: 4
[NX v22.5.1 Daemon Server] - 2026-02-20T13:38:15.490Z - Established a connection. Number of open connections: 5
[NX v22.5.1 Daemon Client] - 2026-02-20T13:38:15.490Z - [Messenger] Setting up socket listeners
[NX v22.5.1 Daemon Client] - 2026-02-20T13:38:15.490Z - [Messenger] Setting up socket listeners
[NX v22.5.1 Daemon Client] - 2026-02-20T13:38:15.491Z - [Messenger] listen() complete
[NX v22.5.1 Daemon Client] - 2026-02-20T13:38:15.491Z - [Messenger] listen() complete
[NX v22.5.1 Daemon Client] - 2026-02-20T13:38:15.491Z - [Messenger] Sending message type: REQUEST_PROJECT_GRAPH
[NX v22.5.1 Daemon Client] - 2026-02-20T13:38:15.491Z - [Messenger] Sending message type: REQUEST_PROJECT_GRAPH
[NX v22.5.1 Daemon Client] - 2026-02-20T13:38:15.492Z - [Messenger] Message sent
[NX v22.5.1 Daemon Client] - 2026-02-20T13:38:15.492Z - [Messenger] Message sent
[NX v22.5.1 Daemon Server] - 2026-02-20T13:38:15.577Z - Received raw message of length 32
[NX v22.5.1 Daemon Server] - 2026-02-20T13:38:15.577Z - Received json message of type REQUEST_PROJECT_GRAPH
[NX v22.5.1 Daemon Server] - 2026-02-20T13:38:15.577Z - [REQUEST]: Client Request for Project Graph Received
[NX v22.5.1 Daemon Server] - 2026-02-20T13:38:15.578Z - Reusing in-memory cached project graph because no files changed.
[NX v22.5.1 Daemon Server] - 2026-02-20T13:38:15.588Z - Wrote project graph cache to /home/poukam-tech/project/marizona/.nx/workspace-data/project-graph.json
[NX v22.5.1 Daemon Server] - 2026-02-20T13:38:15.589Z - Serializing response for REQUEST_PROJECT_GRAPH message in json mode
[NX v22.5.1 Daemon Server] - 2026-02-20T13:38:15.589Z - Responding to REQUEST_PROJECT_GRAPH message
[NX v22.5.1 Daemon Server] - 2026-02-20T13:38:15.589Z - [REQUEST]: Responding to the client. project-graph
[NX v22.5.1 Daemon Server] - 2026-02-20T13:38:15.590Z - Time taken for 'total for creating and serializing project graph' 11.286980999997468ms
[NX v22.5.1 Daemon Server] - 2026-02-20T13:38:15.592Z - Received raw message of length 32
[NX v22.5.1 Daemon Server] - 2026-02-20T13:38:15.592Z - Received json message of type REQUEST_PROJECT_GRAPH
[NX v22.5.1 Daemon Server] - 2026-02-20T13:38:15.592Z - [REQUEST]: Client Request for Project Graph Received
[NX v22.5.1 Daemon Server] - 2026-02-20T13:38:15.593Z - Reusing in-memory cached project graph because no files changed.
[NX v22.5.1 Daemon Server] - 2026-02-20T13:38:15.604Z - Wrote project graph cache to /home/poukam-tech/project/marizona/.nx/workspace-data/project-graph.json
[NX v22.5.1 Daemon Server] - 2026-02-20T13:38:15.604Z - Serializing response for REQUEST_PROJECT_GRAPH message in json mode
[NX v22.5.1 Daemon Server] - 2026-02-20T13:38:15.604Z - Responding to REQUEST_PROJECT_GRAPH message
[NX v22.5.1 Daemon Server] - 2026-02-20T13:38:15.604Z - [REQUEST]: Responding to the client. project-graph
[NX v22.5.1 Daemon Server] - 2026-02-20T13:38:15.606Z - Time taken for 'total for creating and serializing project graph' 11.965394999999262ms
[NX v22.5.1 Daemon Server] - 2026-02-20T13:38:15.608Z - Done responding to the client project-graph
[NX v22.5.1 Daemon Server] - 2026-02-20T13:38:15.608Z - Handled json message REQUEST_PROJECT_GRAPH. Handling time: 12. Response time: 19.
[NX v22.5.1 Daemon Client] - 2026-02-20T13:38:15.610Z - [Messenger] Received message, length: 1387707
[NX v22.5.1 Daemon Server] - 2026-02-20T13:38:15.612Z - Done responding to the client project-graph
[NX v22.5.1 Daemon Server] - 2026-02-20T13:38:15.612Z - Handled json message REQUEST_PROJECT_GRAPH. Handling time: 12. Response time: 8.
[NX v22.5.1 Daemon Client] - 2026-02-20T13:38:15.614Z - [Messenger] Received message, length: 1387707
[NX v22.5.1 Daemon Server] - 2026-02-20T13:38:15.792Z - Closed a connection. Number of open connections: 4
[NX v22.5.1 Daemon Server] - 2026-02-20T13:38:16.960Z - Established a connection. Number of open connections: 5
[NX v22.5.1 Daemon Server] - 2026-02-20T13:38:16.961Z - Closed a connection. Number of open connections: 4
[NX v22.5.1 Daemon Server] - 2026-02-20T13:38:16.962Z - Established a connection. Number of open connections: 5
[NX v22.5.1 Daemon Client] - 2026-02-20T13:38:16.962Z - [Messenger] Setting up socket listeners
[NX v22.5.1 Daemon Client] - 2026-02-20T13:38:16.966Z - [Messenger] listen() complete
[NX v22.5.1 Daemon Client] - 2026-02-20T13:38:16.966Z - [Messenger] Sending message type: REQUEST_PROJECT_GRAPH
[NX v22.5.1 Daemon Client] - 2026-02-20T13:38:16.967Z - [Messenger] Message sent
[NX v22.5.1 Daemon Server] - 2026-02-20T13:38:17.025Z - Received raw message of length 32
[NX v22.5.1 Daemon Server] - 2026-02-20T13:38:17.025Z - Received json message of type REQUEST_PROJECT_GRAPH
[NX v22.5.1 Daemon Server] - 2026-02-20T13:38:17.025Z - [REQUEST]: Client Request for Project Graph Received
[NX v22.5.1 Daemon Server] - 2026-02-20T13:38:17.026Z - Reusing in-memory cached project graph because no files changed.
[NX v22.5.1 Daemon Server] - 2026-02-20T13:38:17.044Z - Wrote project graph cache to /home/poukam-tech/project/marizona/.nx/workspace-data/project-graph.json
[NX v22.5.1 Daemon Server] - 2026-02-20T13:38:17.044Z - Serializing response for REQUEST_PROJECT_GRAPH message in json mode
[NX v22.5.1 Daemon Server] - 2026-02-20T13:38:17.044Z - Responding to REQUEST_PROJECT_GRAPH message
[NX v22.5.1 Daemon Server] - 2026-02-20T13:38:17.044Z - [REQUEST]: Responding to the client. project-graph
[NX v22.5.1 Daemon Server] - 2026-02-20T13:38:17.046Z - Time taken for 'total for creating and serializing project graph' 18.826217000001634ms
[NX v22.5.1 Daemon Server] - 2026-02-20T13:38:17.056Z - Done responding to the client project-graph
[NX v22.5.1 Daemon Server] - 2026-02-20T13:38:17.056Z - Handled json message REQUEST_PROJECT_GRAPH. Handling time: 19. Response time: 12.
[NX v22.5.1 Daemon Client] - 2026-02-20T13:38:17.057Z - [Messenger] Sending message type: REQUEST_PROJECT_GRAPH
[NX v22.5.1 Daemon Client] - 2026-02-20T13:38:17.058Z - [Messenger] Message sent
[NX v22.5.1 Daemon Server] - 2026-02-20T13:38:17.058Z - Received raw message of length 32
[NX v22.5.1 Daemon Server] - 2026-02-20T13:38:17.058Z - Received json message of type REQUEST_PROJECT_GRAPH
[NX v22.5.1 Daemon Client] - 2026-02-20T13:38:17.058Z - [Messenger] Received message, length: 1387707
[NX v22.5.1 Daemon Server] - 2026-02-20T13:38:17.058Z - [REQUEST]: Client Request for Project Graph Received
[NX v22.5.1 Daemon Server] - 2026-02-20T13:38:17.059Z - Reusing in-memory cached project graph because no files changed.
[NX v22.5.1 Daemon Server] - 2026-02-20T13:38:17.073Z - Wrote project graph cache to /home/poukam-tech/project/marizona/.nx/workspace-data/project-graph.json
[NX v22.5.1 Daemon Server] - 2026-02-20T13:38:17.073Z - Serializing response for REQUEST_PROJECT_GRAPH message in json mode
[NX v22.5.1 Daemon Server] - 2026-02-20T13:38:17.073Z - Responding to REQUEST_PROJECT_GRAPH message
[NX v22.5.1 Daemon Server] - 2026-02-20T13:38:17.073Z - [REQUEST]: Responding to the client. project-graph
[NX v22.5.1 Daemon Server] - 2026-02-20T13:38:17.075Z - Time taken for 'total for creating and serializing project graph' 14.856609999995271ms
[NX v22.5.1 Daemon Server] - 2026-02-20T13:38:17.080Z - Done responding to the client project-graph
[NX v22.5.1 Daemon Server] - 2026-02-20T13:38:17.080Z - Handled json message REQUEST_PROJECT_GRAPH. Handling time: 15. Response time: 7.
[NX v22.5.1 Daemon Client] - 2026-02-20T13:38:17.082Z - [Messenger] Received message, length: 1387707
[NX v22.5.1 Daemon Client] - 2026-02-20T14:28:41.340Z - [Messenger] Sending message type: RECORD_TASK_RUNS
[NX v22.5.1 Daemon Client] - 2026-02-20T14:28:41.340Z - [Messenger] Message sent
[NX v22.5.1 Daemon Server] - 2026-02-20T14:28:41.341Z - Received raw message of length 41
[NX v22.5.1 Daemon Server] - 2026-02-20T14:28:41.341Z - Received json message of type RECORD_TASK_RUNS
[NX v22.5.1 Daemon Server] - 2026-02-20T14:28:41.342Z - Serializing response for RECORD_TASK_RUNS message in json mode
[NX v22.5.1 Daemon Server] - 2026-02-20T14:28:41.342Z - Responding to RECORD_TASK_RUNS message
[NX v22.5.1 Daemon Server] - 2026-02-20T14:28:41.342Z - [REQUEST]: Responding to the client. handleRecordTaskRuns
[NX v22.5.1 Daemon Server] - 2026-02-20T14:28:41.342Z - Done responding to the client handleRecordTaskRuns
[NX v22.5.1 Daemon Server] - 2026-02-20T14:28:41.342Z - Handled json message RECORD_TASK_RUNS. Handling time: 1. Response time: 0.
[NX v22.5.1 Daemon Client] - 2026-02-20T14:28:41.343Z - [Messenger] Received message, length: 4
[NX v22.5.1 Daemon Client] - 2026-02-20T14:28:41.355Z - [Messenger] Sending message type: POST_TASKS_EXECUTION
[NX v22.5.1 Daemon Client] - 2026-02-20T14:28:41.355Z - [Messenger] Message sent
[NX v22.5.1 Daemon Server] - 2026-02-20T14:28:41.355Z - Received raw message of length 1731
[NX v22.5.1 Daemon Server] - 2026-02-20T14:28:41.356Z - Received json message of type POST_TASKS_EXECUTION
[NX v22.5.1 Daemon Server] - 2026-02-20T14:28:41.356Z - Serializing response for POST_TASKS_EXECUTION message in json mode
[NX v22.5.1 Daemon Server] - 2026-02-20T14:28:41.356Z - Responding to POST_TASKS_EXECUTION message
[NX v22.5.1 Daemon Server] - 2026-02-20T14:28:41.356Z - [REQUEST]: Responding to the client. handleRunPostTasksExecution
[NX v22.5.1 Daemon Server] - 2026-02-20T14:28:41.356Z - Done responding to the client handleRunPostTasksExecution
[NX v22.5.1 Daemon Server] - 2026-02-20T14:28:41.357Z - Handled json message POST_TASKS_EXECUTION. Handling time: 0. Response time: 1.
[NX v22.5.1 Daemon Server] - 2026-02-20T14:28:41.357Z - Time taken for 'postTasksExecution' 0.2870630002580583ms
[NX v22.5.1 Daemon Client] - 2026-02-20T14:28:41.357Z - [Messenger] Received message, length: 4
[NX v22.5.1 Daemon Server] - 2026-02-20T14:28:41.366Z - Closed a connection. Number of open connections: 4
[NX v22.5.1 Daemon Server] - 2026-02-20T14:28:41.375Z - Closed a connection. Number of open connections: 3
[NX v22.5.1 Daemon Server] - 2026-02-20T14:51:48.663Z - Established a connection. Number of open connections: 4
[NX v22.5.1 Daemon Server] - 2026-02-20T14:51:48.665Z - Closed a connection. Number of open connections: 3
[NX v22.5.1 Daemon Server] - 2026-02-20T14:51:48.667Z - Established a connection. Number of open connections: 4
[NX v22.5.1 Daemon Server] - 2026-02-20T14:51:48.667Z - Closed a connection. Number of open connections: 3
[NX v22.5.1 Daemon Server] - 2026-02-20T14:51:48.667Z - Established a connection. Number of open connections: 4
[NX v22.5.1 Daemon Client] - 2026-02-20T14:51:48.668Z - [Messenger] Setting up socket listeners
[NX v22.5.1 Daemon Client] - 2026-02-20T14:51:48.669Z - [Messenger] listen() complete
[NX v22.5.1 Daemon Client] - 2026-02-20T14:51:48.670Z - [Messenger] Sending message type: GET_NX_CONSOLE_STATUS
[NX v22.5.1 Daemon Client] - 2026-02-20T14:51:48.671Z - [Messenger] Message sent
[NX v22.5.1 Daemon Server] - 2026-02-20T14:51:48.752Z - Received raw message of length 32
[NX v22.5.1 Daemon Server] - 2026-02-20T14:51:48.752Z - Received json message of type GET_NX_CONSOLE_STATUS
[NX v22.5.1 Daemon Server] - 2026-02-20T14:51:48.753Z - Serializing response for GET_NX_CONSOLE_STATUS message in json mode
[NX v22.5.1 Daemon Server] - 2026-02-20T14:51:48.753Z - Responding to GET_NX_CONSOLE_STATUS message
[NX v22.5.1 Daemon Server] - 2026-02-20T14:51:48.753Z - [REQUEST]: Responding to the client. handleGetNxConsoleStatus
[NX v22.5.1 Daemon Server] - 2026-02-20T14:51:48.753Z - Done responding to the client handleGetNxConsoleStatus
[NX v22.5.1 Daemon Server] - 2026-02-20T14:51:48.753Z - Handled json message GET_NX_CONSOLE_STATUS. Handling time: 0. Response time: 0.
[NX v22.5.1 Daemon Client] - 2026-02-20T14:51:48.753Z - [Messenger] Received message, length: 22
[NX v22.5.1 Daemon Client] - 2026-02-20T14:51:48.836Z - [Messenger] Sending message type: REQUEST_PROJECT_GRAPH
[NX v22.5.1 Daemon Client] - 2026-02-20T14:51:48.837Z - [Messenger] Message sent
[NX v22.5.1 Daemon Server] - 2026-02-20T14:51:48.841Z - Received raw message of length 32
[NX v22.5.1 Daemon Server] - 2026-02-20T14:51:48.841Z - Received json message of type REQUEST_PROJECT_GRAPH
[NX v22.5.1 Daemon Server] - 2026-02-20T14:51:48.841Z - [REQUEST]: Client Request for Project Graph Received
[NX v22.5.1 Daemon Server] - 2026-02-20T14:51:48.842Z - Reusing in-memory cached project graph because no files changed.
[NX v22.5.1 Daemon Server] - 2026-02-20T14:51:48.881Z - Wrote project graph cache to /home/poukam-tech/project/marizona/.nx/workspace-data/project-graph.json
[NX v22.5.1 Daemon Server] - 2026-02-20T14:51:48.881Z - Serializing response for REQUEST_PROJECT_GRAPH message in json mode
[NX v22.5.1 Daemon Server] - 2026-02-20T14:51:48.881Z - Responding to REQUEST_PROJECT_GRAPH message
[NX v22.5.1 Daemon Server] - 2026-02-20T14:51:48.881Z - [REQUEST]: Responding to the client. project-graph
[NX v22.5.1 Daemon Server] - 2026-02-20T14:51:48.887Z - Time taken for 'total for creating and serializing project graph' 39.69221700076014ms
[NX v22.5.1 Daemon Server] - 2026-02-20T14:51:48.898Z - Done responding to the client project-graph
[NX v22.5.1 Daemon Server] - 2026-02-20T14:51:48.898Z - Handled json message REQUEST_PROJECT_GRAPH. Handling time: 40. Response time: 17.
[NX v22.5.1 Daemon Client] - 2026-02-20T14:51:48.901Z - [Messenger] Received message, length: 1387707
[NX v22.5.1 Daemon Client] - 2026-02-20T14:51:48.925Z - [Messenger] Sending message type: PRE_TASKS_EXECUTION
[NX v22.5.1 Daemon Client] - 2026-02-20T14:51:48.926Z - [Messenger] Message sent
[NX v22.5.1 Daemon Server] - 2026-02-20T14:51:48.926Z - Received raw message of length 1610
[NX v22.5.1 Daemon Server] - 2026-02-20T14:51:48.926Z - Received json message of type PRE_TASKS_EXECUTION
[NX v22.5.1 Daemon Server] - 2026-02-20T14:51:48.927Z - Serializing response for PRE_TASKS_EXECUTION message in json mode
[NX v22.5.1 Daemon Server] - 2026-02-20T14:51:48.927Z - Responding to PRE_TASKS_EXECUTION message
[NX v22.5.1 Daemon Server] - 2026-02-20T14:51:48.927Z - [REQUEST]: Responding to the client. handleRunPreTasksExecution
[NX v22.5.1 Daemon Server] - 2026-02-20T14:51:48.927Z - Done responding to the client handleRunPreTasksExecution
[NX v22.5.1 Daemon Server] - 2026-02-20T14:51:48.928Z - Handled json message PRE_TASKS_EXECUTION. Handling time: 0. Response time: 1.
[NX v22.5.1 Daemon Client] - 2026-02-20T14:51:48.928Z - [Messenger] Received message, length: 2
[NX v22.5.1 Daemon Server] - 2026-02-20T14:51:48.930Z - Time taken for 'preTasksExecution' 0.4601630000397563ms
[NX v22.5.1 Daemon Client] - 2026-02-20T14:51:49.024Z - [Messenger] Sending message type: HASH_TASKS
[NX v22.5.1 Daemon Client] - 2026-02-20T14:51:49.024Z - [Messenger] Message sent
[NX v22.5.1 Daemon Server] - 2026-02-20T14:51:49.024Z - Received raw message of length 6802
[NX v22.5.1 Daemon Server] - 2026-02-20T14:51:49.024Z - Received json message of type HASH_TASKS
[NX v22.5.1 Daemon Server] - 2026-02-20T14:51:49.025Z - Reusing in-memory cached project graph because no files changed.
[NX v22.5.1 Daemon Server] - 2026-02-20T14:51:49.047Z - Wrote project graph cache to /home/poukam-tech/project/marizona/.nx/workspace-data/project-graph.json
DEBUG nx::native::tasks::hash_planner: get_plans_internal COMPLETED in 14.524587ms - processed 2 tasks (setup: 11.613009ms, parallel_planning: 2.895006ms)
DEBUG nx::native::tasks::hashers::hash_workspace_files: Hashing workspace fileset with inputs: Adding "12475982618692230973" (".gitignore") to hash
DEBUG nx::native::tasks::hashers::hash_workspace_files: Hashing workspace fileset with inputs: Adding "8516195800549599522" (".nxignore") to hash
DEBUG nx::native::tasks::hashers::hash_workspace_files: Hashing workspace fileset with inputs: Adding "614954295243266697" ("nx.json") to hash
DEBUG nx::native::tasks::hashers::hash_workspace_files: Hashing workspace fileset with inputs: Hash Value: "16382247164987548109"
DEBUG nx::native::tasks::hashers::hash_workspace_files: Hashing workspace fileset with inputs: Adding "12475982618692230973" (".gitignore") to hash
DEBUG nx::native::tasks::hashers::hash_workspace_files: Hashing workspace fileset with inputs: Adding "8516195800549599522" (".nxignore") to hash
DEBUG nx::native::tasks::hashers::hash_workspace_files: Hashing workspace fileset with inputs: Adding "614954295243266697" ("nx.json") to hash
DEBUG nx::native::tasks::hashers::hash_workspace_files: Hashing workspace fileset with inputs: Hash Value: "16382247164987548109"
DEBUG nx::native::tasks::task_hasher: hash_plans COMPLETED in 14.095137ms - processed 2 plans (setup: 2.480549ms, hashing: 11.598325ms, assembly: 5.055148ms)
[NX v22.5.1 Daemon Server] - 2026-02-20T14:51:49.080Z - Serializing response for HASH_TASKS message in json mode
[NX v22.5.1 Daemon Server] - 2026-02-20T14:51:49.082Z - Responding to HASH_TASKS message
[NX v22.5.1 Daemon Server] - 2026-02-20T14:51:49.082Z - [REQUEST]: Responding to the client. handleHashTasks
[NX v22.5.1 Daemon Server] - 2026-02-20T14:51:49.082Z - Done responding to the client handleHashTasks
[NX v22.5.1 Daemon Server] - 2026-02-20T14:51:49.082Z - Handled json message HASH_TASKS. Handling time: 56. Response time: 2.
[NX v22.5.1 Daemon Client] - 2026-02-20T14:51:49.083Z - [Messenger] Received message, length: 154877
[NX v22.5.1 Daemon Server] - 2026-02-20T14:51:49.083Z - Time taken for 'write cache' 22.291174999438226ms
[NX v22.5.1 Daemon Client] - 2026-02-20T14:51:49.111Z - [Messenger] Sending message type: GET_ESTIMATED_TASK_TIMINGS
[NX v22.5.1 Daemon Client] - 2026-02-20T14:51:49.111Z - [Messenger] Message sent
[NX v22.5.1 Daemon Server] - 2026-02-20T14:51:49.111Z - Received raw message of length 149
[NX v22.5.1 Daemon Server] - 2026-02-20T14:51:49.111Z - Received json message of type GET_ESTIMATED_TASK_TIMINGS
[NX v22.5.1 Daemon Server] - 2026-02-20T14:51:49.112Z - Serializing response for GET_ESTIMATED_TASK_TIMINGS message in json mode
[NX v22.5.1 Daemon Server] - 2026-02-20T14:51:49.112Z - Responding to GET_ESTIMATED_TASK_TIMINGS message
[NX v22.5.1 Daemon Server] - 2026-02-20T14:51:49.112Z - [REQUEST]: Responding to the client. handleGetEstimatedTaskTimings
[NX v22.5.1 Daemon Server] - 2026-02-20T14:51:49.112Z - Done responding to the client handleGetEstimatedTaskTimings
[NX v22.5.1 Daemon Server] - 2026-02-20T14:51:49.112Z - Handled json message GET_ESTIMATED_TASK_TIMINGS. Handling time: 1. Response time: 0.
[NX v22.5.1 Daemon Client] - 2026-02-20T14:51:49.113Z - [Messenger] Received message, length: 19
[NX v22.5.1 Daemon Client] - 2026-02-20T14:51:49.120Z - [Messenger] Sending message type: OUTPUTS_HASHES_MATCH
[NX v22.5.1 Daemon Client] - 2026-02-20T14:51:49.120Z - [Messenger] Message sent
[NX v22.5.1 Daemon Server] - 2026-02-20T14:51:49.120Z - Received raw message of length 97
[NX v22.5.1 Daemon Server] - 2026-02-20T14:51:49.121Z - Received json message of type OUTPUTS_HASHES_MATCH
[NX v22.5.1 Daemon Server] - 2026-02-20T14:51:49.126Z - Serializing response for OUTPUTS_HASHES_MATCH message in json mode
[NX v22.5.1 Daemon Server] - 2026-02-20T14:51:49.126Z - Responding to OUTPUTS_HASHES_MATCH message
[NX v22.5.1 Daemon Server] - 2026-02-20T14:51:49.127Z - [REQUEST]: Responding to the client. outputsHashesMatch
[NX v22.5.1 Daemon Server] - 2026-02-20T14:51:49.127Z - Done responding to the client outputsHashesMatch
[NX v22.5.1 Daemon Server] - 2026-02-20T14:51:49.127Z - Handled json message OUTPUTS_HASHES_MATCH. Handling time: 5. Response time: 1.
[NX v22.5.1 Daemon Client] - 2026-02-20T14:51:49.127Z - [Messenger] Received message, length: 5
[NX v22.5.1 Daemon Client] - 2026-02-20T14:51:49.133Z - [Messenger] Sending message type: RECORD_OUTPUTS_HASH
[NX v22.5.1 Daemon Client] - 2026-02-20T14:51:49.133Z - [Messenger] Message sent
[NX v22.5.1 Daemon Server] - 2026-02-20T14:51:49.134Z - Received raw message of length 96
[NX v22.5.1 Daemon Server] - 2026-02-20T14:51:49.134Z - Received json message of type RECORD_OUTPUTS_HASH
[NX v22.5.1 Daemon Server] - 2026-02-20T14:51:49.137Z - Serializing response for RECORD_OUTPUTS_HASH message in json mode
[NX v22.5.1 Daemon Server] - 2026-02-20T14:51:49.137Z - Responding to RECORD_OUTPUTS_HASH message
[NX v22.5.1 Daemon Server] - 2026-02-20T14:51:49.137Z - [REQUEST]: Responding to the client. recordOutputsHash
[NX v22.5.1 Daemon Server] - 2026-02-20T14:51:49.137Z - Done responding to the client recordOutputsHash
[NX v22.5.1 Daemon Server] - 2026-02-20T14:51:49.137Z - Handled json message RECORD_OUTPUTS_HASH. Handling time: 3. Response time: 0.
[NX v22.5.1 Daemon Client] - 2026-02-20T14:51:49.137Z - [Messenger] Received message, length: 2
[NX v22.5.1 Daemon Server] - 2026-02-20T14:51:50.087Z - Established a connection. Number of open connections: 5
[NX v22.5.1 Daemon Server] - 2026-02-20T14:51:50.091Z - Closed a connection. Number of open connections: 4
[NX v22.5.1 Daemon Server] - 2026-02-20T14:51:50.091Z - Established a connection. Number of open connections: 5
[NX v22.5.1 Daemon Client] - 2026-02-20T14:51:50.092Z - [Messenger] Setting up socket listeners
[NX v22.5.1 Daemon Client] - 2026-02-20T14:51:50.093Z - [Messenger] listen() complete
[NX v22.5.1 Daemon Client] - 2026-02-20T14:51:50.094Z - [Messenger] Sending message type: REQUEST_PROJECT_GRAPH
[NX v22.5.1 Daemon Client] - 2026-02-20T14:51:50.095Z - [Messenger] Message sent
[NX v22.5.1 Daemon Server] - 2026-02-20T14:51:50.163Z - Received raw message of length 32
[NX v22.5.1 Daemon Server] - 2026-02-20T14:51:50.163Z - Received json message of type REQUEST_PROJECT_GRAPH
[NX v22.5.1 Daemon Server] - 2026-02-20T14:51:50.164Z - [REQUEST]: Client Request for Project Graph Received
[NX v22.5.1 Daemon Server] - 2026-02-20T14:51:50.164Z - Reusing in-memory cached project graph because no files changed.
[NX v22.5.1 Daemon Server] - 2026-02-20T14:51:50.176Z - Wrote project graph cache to /home/poukam-tech/project/marizona/.nx/workspace-data/project-graph.json
[NX v22.5.1 Daemon Server] - 2026-02-20T14:51:50.176Z - Serializing response for REQUEST_PROJECT_GRAPH message in json mode
[NX v22.5.1 Daemon Server] - 2026-02-20T14:51:50.176Z - Responding to REQUEST_PROJECT_GRAPH message
[NX v22.5.1 Daemon Server] - 2026-02-20T14:51:50.176Z - [REQUEST]: Responding to the client. project-graph
[NX v22.5.1 Daemon Server] - 2026-02-20T14:51:50.179Z - Time taken for 'total for creating and serializing project graph' 12.84071599971503ms
[NX v22.5.1 Daemon Server] - 2026-02-20T14:51:50.182Z - Done responding to the client project-graph
[NX v22.5.1 Daemon Server] - 2026-02-20T14:51:50.182Z - Handled json message REQUEST_PROJECT_GRAPH. Handling time: 13. Response time: 6.
[NX v22.5.1 Daemon Client] - 2026-02-20T14:51:50.184Z - [Messenger] Received message, length: 1387707
[NX v22.5.1 Daemon Client] - 2026-02-20T14:51:50.200Z - [Messenger] Setting up socket listeners
[NX v22.5.1 Daemon Client] - 2026-02-20T14:51:50.200Z - [Messenger] listen() complete
[NX v22.5.1 Daemon Client] - 2026-02-20T14:51:50.200Z - [Messenger] Sending message type: REGISTER_FILE_WATCHER
[NX v22.5.1 Daemon Client] - 2026-02-20T14:51:50.200Z - [Messenger] Message sent
[NX v22.5.1 Daemon Server] - 2026-02-20T14:51:50.201Z - Established a connection. Number of open connections: 6
[NX v22.5.1 Daemon Server] - 2026-02-20T14:51:50.210Z - Received raw message of length 99
[NX v22.5.1 Daemon Server] - 2026-02-20T14:51:50.210Z - Received json message of type REGISTER_FILE_WATCHER
[NX v22.5.1 Daemon Server] - 2026-02-20T14:51:50.628Z - Established a connection. Number of open connections: 7
[NX v22.5.1 Daemon Server] - 2026-02-20T14:51:50.632Z - Closed a connection. Number of open connections: 6
[NX v22.5.1 Daemon Server] - 2026-02-20T14:51:50.633Z - Established a connection. Number of open connections: 7
[NX v22.5.1 Daemon Server] - 2026-02-20T14:51:50.633Z - Closed a connection. Number of open connections: 6
[NX v22.5.1 Daemon Server] - 2026-02-20T14:51:50.635Z - Established a connection. Number of open connections: 7
[NX v22.5.1 Daemon Client] - 2026-02-20T14:51:50.634Z - [Messenger] Setting up socket listeners
[NX v22.5.1 Daemon Client] - 2026-02-20T14:51:50.636Z - [Messenger] listen() complete
[NX v22.5.1 Daemon Client] - 2026-02-20T14:51:50.637Z - [Messenger] Sending message type: GET_NX_CONSOLE_STATUS
[NX v22.5.1 Daemon Client] - 2026-02-20T14:51:50.638Z - [Messenger] Message sent
[NX v22.5.1 Daemon Server] - 2026-02-20T14:51:50.677Z - Received raw message of length 32
[NX v22.5.1 Daemon Server] - 2026-02-20T14:51:50.678Z - Received json message of type GET_NX_CONSOLE_STATUS
[NX v22.5.1 Daemon Server] - 2026-02-20T14:51:50.678Z - Serializing response for GET_NX_CONSOLE_STATUS message in json mode
[NX v22.5.1 Daemon Server] - 2026-02-20T14:51:50.678Z - Responding to GET_NX_CONSOLE_STATUS message
[NX v22.5.1 Daemon Server] - 2026-02-20T14:51:50.678Z - [REQUEST]: Responding to the client. handleGetNxConsoleStatus
[NX v22.5.1 Daemon Server] - 2026-02-20T14:51:50.678Z - Done responding to the client handleGetNxConsoleStatus
[NX v22.5.1 Daemon Server] - 2026-02-20T14:51:50.678Z - Handled json message GET_NX_CONSOLE_STATUS. Handling time: 0. Response time: 0.
[NX v22.5.1 Daemon Client] - 2026-02-20T14:51:50.678Z - [Messenger] Received message, length: 22
[NX v22.5.1 Daemon Client] - 2026-02-20T14:51:50.746Z - [Messenger] Sending message type: REQUEST_PROJECT_GRAPH
[NX v22.5.1 Daemon Client] - 2026-02-20T14:51:50.746Z - [Messenger] Message sent
[NX v22.5.1 Daemon Server] - 2026-02-20T14:51:50.746Z - Received raw message of length 32
[NX v22.5.1 Daemon Server] - 2026-02-20T14:51:50.746Z - Received json message of type REQUEST_PROJECT_GRAPH
[NX v22.5.1 Daemon Server] - 2026-02-20T14:51:50.746Z - [REQUEST]: Client Request for Project Graph Received
[NX v22.5.1 Daemon Server] - 2026-02-20T14:51:50.747Z - Reusing in-memory cached project graph because no files changed.
[NX v22.5.1 Daemon Server] - 2026-02-20T14:51:50.762Z - Wrote project graph cache to /home/poukam-tech/project/marizona/.nx/workspace-data/project-graph.json
[NX v22.5.1 Daemon Server] - 2026-02-20T14:51:50.762Z - Serializing response for REQUEST_PROJECT_GRAPH message in json mode
[NX v22.5.1 Daemon Server] - 2026-02-20T14:51:50.762Z - Responding to REQUEST_PROJECT_GRAPH message
[NX v22.5.1 Daemon Server] - 2026-02-20T14:51:50.762Z - [REQUEST]: Responding to the client. project-graph
[NX v22.5.1 Daemon Server] - 2026-02-20T14:51:50.764Z - Time taken for 'total for creating and serializing project graph' 15.687153999693692ms
[NX v22.5.1 Daemon Server] - 2026-02-20T14:51:50.767Z - Done responding to the client project-graph
[NX v22.5.1 Daemon Server] - 2026-02-20T14:51:50.767Z - Handled json message REQUEST_PROJECT_GRAPH. Handling time: 16. Response time: 5.
[NX v22.5.1 Daemon Client] - 2026-02-20T14:51:50.769Z - [Messenger] Received message, length: 1387707
[NX v22.5.1 Daemon Client] - 2026-02-20T14:51:50.782Z - [Messenger] Sending message type: PRE_TASKS_EXECUTION
[NX v22.5.1 Daemon Client] - 2026-02-20T14:51:50.782Z - [Messenger] Message sent
[NX v22.5.1 Daemon Server] - 2026-02-20T14:51:50.782Z - Received raw message of length 1630
[NX v22.5.1 Daemon Server] - 2026-02-20T14:51:50.782Z - Received json message of type PRE_TASKS_EXECUTION
[NX v22.5.1 Daemon Server] - 2026-02-20T14:51:50.783Z - Serializing response for PRE_TASKS_EXECUTION message in json mode
[NX v22.5.1 Daemon Server] - 2026-02-20T14:51:50.783Z - Responding to PRE_TASKS_EXECUTION message
[NX v22.5.1 Daemon Server] - 2026-02-20T14:51:50.783Z - [REQUEST]: Responding to the client. handleRunPreTasksExecution
[NX v22.5.1 Daemon Server] - 2026-02-20T14:51:50.783Z - Done responding to the client handleRunPreTasksExecution
[NX v22.5.1 Daemon Server] - 2026-02-20T14:51:50.783Z - Handled json message PRE_TASKS_EXECUTION. Handling time: 1. Response time: 0.
[NX v22.5.1 Daemon Client] - 2026-02-20T14:51:50.783Z - [Messenger] Received message, length: 2
[NX v22.5.1 Daemon Server] - 2026-02-20T14:51:50.783Z - Time taken for 'preTasksExecution' 0.28580900002270937ms
[NX v22.5.1 Daemon Client] - 2026-02-20T14:51:50.822Z - [Messenger] Sending message type: HASH_TASKS
[NX v22.5.1 Daemon Client] - 2026-02-20T14:51:50.823Z - [Messenger] Message sent
[NX v22.5.1 Daemon Server] - 2026-02-20T14:51:50.823Z - Received raw message of length 6734
[NX v22.5.1 Daemon Server] - 2026-02-20T14:51:50.823Z - Received json message of type HASH_TASKS
[NX v22.5.1 Daemon Server] - 2026-02-20T14:51:50.824Z - Reusing in-memory cached project graph because no files changed.
[NX v22.5.1 Daemon Server] - 2026-02-20T14:51:50.838Z - Wrote project graph cache to /home/poukam-tech/project/marizona/.nx/workspace-data/project-graph.json
DEBUG nx::native::tasks::hash_planner: get_plans_internal COMPLETED in 10.171813ms - processed 1 tasks (setup: 9.682986ms, parallel_planning: 477.334µs)
DEBUG nx::native::tasks::hashers::hash_workspace_files: Hashing workspace fileset with inputs: Adding "12475982618692230973" (".gitignore") to hash
DEBUG nx::native::tasks::hashers::hash_workspace_files: Hashing workspace fileset with inputs: Adding "8516195800549599522" (".nxignore") to hash
DEBUG nx::native::tasks::hashers::hash_workspace_files: Hashing workspace fileset with inputs: Adding "614954295243266697" ("nx.json") to hash
DEBUG nx::native::tasks::hashers::hash_workspace_files: Hashing workspace fileset with inputs: Hash Value: "16382247164987548109"
DEBUG nx::native::tasks::task_hasher: hash_plans COMPLETED in 9.637785ms - processed 1 plans (setup: 1.071098ms, hashing: 8.55905ms, assembly: 3.257401ms)
[NX v22.5.1 Daemon Server] - 2026-02-20T14:51:50.861Z - Serializing response for HASH_TASKS message in json mode
[NX v22.5.1 Daemon Server] - 2026-02-20T14:51:50.862Z - Responding to HASH_TASKS message
[NX v22.5.1 Daemon Server] - 2026-02-20T14:51:50.862Z - [REQUEST]: Responding to the client. handleHashTasks
[NX v22.5.1 Daemon Server] - 2026-02-20T14:51:50.862Z - Done responding to the client handleHashTasks
[NX v22.5.1 Daemon Server] - 2026-02-20T14:51:50.863Z - Handled json message HASH_TASKS. Handling time: 38. Response time: 2.
[NX v22.5.1 Daemon Client] - 2026-02-20T14:51:50.863Z - [Messenger] Received message, length: 77571
[NX v22.5.1 Daemon Server] - 2026-02-20T14:51:50.865Z - Time taken for 'write cache' 14.63066599983722ms
[NX v22.5.1 Daemon Client] - 2026-02-20T14:51:50.893Z - [Messenger] Sending message type: GET_ESTIMATED_TASK_TIMINGS
[NX v22.5.1 Daemon Client] - 2026-02-20T14:51:50.893Z - [Messenger] Message sent
[NX v22.5.1 Daemon Server] - 2026-02-20T14:51:50.894Z - Received raw message of length 114
[NX v22.5.1 Daemon Server] - 2026-02-20T14:51:50.894Z - Received json message of type GET_ESTIMATED_TASK_TIMINGS
[NX v22.5.1 Daemon Server] - 2026-02-20T14:51:50.895Z - Serializing response for GET_ESTIMATED_TASK_TIMINGS message in json mode
[NX v22.5.1 Daemon Server] - 2026-02-20T14:51:50.896Z - Responding to GET_ESTIMATED_TASK_TIMINGS message
[NX v22.5.1 Daemon Server] - 2026-02-20T14:51:50.896Z - [REQUEST]: Responding to the client. handleGetEstimatedTaskTimings
[NX v22.5.1 Daemon Server] - 2026-02-20T14:51:50.896Z - Done responding to the client handleGetEstimatedTaskTimings
[NX v22.5.1 Daemon Server] - 2026-02-20T14:51:50.896Z - Handled json message GET_ESTIMATED_TASK_TIMINGS. Handling time: 1. Response time: 1.
[NX v22.5.1 Daemon Client] - 2026-02-20T14:51:50.898Z - [Messenger] Received message, length: 31
[NX v22.5.1 Daemon Client] - 2026-02-20T14:51:50.910Z - [Messenger] Sending message type: OUTPUTS_HASHES_MATCH
[NX v22.5.1 Daemon Client] - 2026-02-20T14:51:50.910Z - [Messenger] Message sent
[NX v22.5.1 Daemon Server] - 2026-02-20T14:51:50.910Z - Received raw message of length 98
[NX v22.5.1 Daemon Server] - 2026-02-20T14:51:50.910Z - Received json message of type OUTPUTS_HASHES_MATCH
[NX v22.5.1 Daemon Server] - 2026-02-20T14:51:50.916Z - Serializing response for OUTPUTS_HASHES_MATCH message in json mode
[NX v22.5.1 Daemon Server] - 2026-02-20T14:51:50.916Z - Responding to OUTPUTS_HASHES_MATCH message
[NX v22.5.1 Daemon Server] - 2026-02-20T14:51:50.916Z - [REQUEST]: Responding to the client. outputsHashesMatch
[NX v22.5.1 Daemon Server] - 2026-02-20T14:51:50.917Z - Done responding to the client outputsHashesMatch
[NX v22.5.1 Daemon Server] - 2026-02-20T14:51:50.917Z - Handled json message OUTPUTS_HASHES_MATCH. Handling time: 6. Response time: 1.
[NX v22.5.1 Daemon Client] - 2026-02-20T14:51:50.921Z - [Messenger] Received message, length: 5
[NX v22.5.1 Daemon Client] - 2026-02-20T14:51:50.930Z - [Messenger] Sending message type: RECORD_OUTPUTS_HASH
[NX v22.5.1 Daemon Client] - 2026-02-20T14:51:50.930Z - [Messenger] Message sent
[NX v22.5.1 Daemon Server] - 2026-02-20T14:51:50.930Z - Received raw message of length 97
[NX v22.5.1 Daemon Server] - 2026-02-20T14:51:50.930Z - Received json message of type RECORD_OUTPUTS_HASH
[NX v22.5.1 Daemon Server] - 2026-02-20T14:51:50.932Z - Serializing response for RECORD_OUTPUTS_HASH message in json mode
[NX v22.5.1 Daemon Server] - 2026-02-20T14:51:50.932Z - Responding to RECORD_OUTPUTS_HASH message
[NX v22.5.1 Daemon Server] - 2026-02-20T14:51:50.932Z - [REQUEST]: Responding to the client. recordOutputsHash
[NX v22.5.1 Daemon Client] - 2026-02-20T14:51:50.933Z - [Messenger] Received message, length: 2
[NX v22.5.1 Daemon Server] - 2026-02-20T14:51:50.934Z - Done responding to the client recordOutputsHash
[NX v22.5.1 Daemon Server] - 2026-02-20T14:51:50.934Z - Handled json message RECORD_OUTPUTS_HASH. Handling time: 2. Response time: 2.
[NX v22.5.1 Daemon Client] - 2026-02-20T14:51:50.940Z - [Messenger] Sending message type: RECORD_TASK_RUNS
[NX v22.5.1 Daemon Client] - 2026-02-20T14:51:50.940Z - [Messenger] Message sent
[NX v22.5.1 Daemon Server] - 2026-02-20T14:51:50.940Z - Received raw message of length 237
[NX v22.5.1 Daemon Server] - 2026-02-20T14:51:50.940Z - Received json message of type RECORD_TASK_RUNS
[NX v22.5.1 Daemon Server] - 2026-02-20T14:51:50.943Z - Serializing response for RECORD_TASK_RUNS message in json mode
[NX v22.5.1 Daemon Server] - 2026-02-20T14:51:50.943Z - Responding to RECORD_TASK_RUNS message
[NX v22.5.1 Daemon Server] - 2026-02-20T14:51:50.944Z - [REQUEST]: Responding to the client. handleRecordTaskRuns
[NX v22.5.1 Daemon Server] - 2026-02-20T14:51:50.944Z - Done responding to the client handleRecordTaskRuns
[NX v22.5.1 Daemon Client] - 2026-02-20T14:51:50.944Z - [Messenger] Received message, length: 4
[NX v22.5.1 Daemon Client] - 2026-02-20T14:51:50.944Z - [Messenger] Sending message type: GET_FLAKY_TASKS
[NX v22.5.1 Daemon Client] - 2026-02-20T14:51:50.945Z - [Messenger] Message sent
[NX v22.5.1 Daemon Server] - 2026-02-20T14:51:50.945Z - Handled json message RECORD_TASK_RUNS. Handling time: 2. Response time: 1.
[NX v22.5.1 Daemon Server] - 2026-02-20T14:51:50.946Z - Received raw message of length 60
[NX v22.5.1 Daemon Server] - 2026-02-20T14:51:50.946Z - Received json message of type GET_FLAKY_TASKS
[NX v22.5.1 Daemon Server] - 2026-02-20T14:51:50.947Z - Serializing response for GET_FLAKY_TASKS message in json mode
[NX v22.5.1 Daemon Server] - 2026-02-20T14:51:50.947Z - Responding to GET_FLAKY_TASKS message
[NX v22.5.1 Daemon Server] - 2026-02-20T14:51:50.947Z - [REQUEST]: Responding to the client. handleGetFlakyTasks
[NX v22.5.1 Daemon Server] - 2026-02-20T14:51:50.947Z - Done responding to the client handleGetFlakyTasks
[NX v22.5.1 Daemon Server] - 2026-02-20T14:51:50.947Z - Handled json message GET_FLAKY_TASKS. Handling time: 1. Response time: 0.
[NX v22.5.1 Daemon Client] - 2026-02-20T14:51:50.947Z - [Messenger] Received message, length: 2
[NX v22.5.1 Daemon Client] - 2026-02-20T14:51:50.950Z - [Messenger] Sending message type: POST_TASKS_EXECUTION
[NX v22.5.1 Daemon Client] - 2026-02-20T14:51:50.951Z - [Messenger] Message sent
[NX v22.5.1 Daemon Server] - 2026-02-20T14:51:50.951Z - Received raw message of length 49647
[NX v22.5.1 Daemon Server] - 2026-02-20T14:51:50.953Z - Received json message of type POST_TASKS_EXECUTION
[NX v22.5.1 Daemon Server] - 2026-02-20T14:51:50.956Z - Serializing response for POST_TASKS_EXECUTION message in json mode
[NX v22.5.1 Daemon Server] - 2026-02-20T14:51:50.956Z - Responding to POST_TASKS_EXECUTION message
[NX v22.5.1 Daemon Server] - 2026-02-20T14:51:50.956Z - [REQUEST]: Responding to the client. handleRunPostTasksExecution
[NX v22.5.1 Daemon Server] - 2026-02-20T14:51:50.957Z - Done responding to the client handleRunPostTasksExecution
[NX v22.5.1 Daemon Server] - 2026-02-20T14:51:50.957Z - Handled json message POST_TASKS_EXECUTION. Handling time: 2. Response time: 1.
[NX v22.5.1 Daemon Client] - 2026-02-20T14:51:50.957Z - [Messenger] Received message, length: 4
[NX v22.5.1 Daemon Server] - 2026-02-20T14:51:50.958Z - Time taken for 'postTasksExecution' 2.4083150001242757ms
[NX v22.5.1 Daemon Server] - 2026-02-20T14:51:50.991Z - Closed a connection. Number of open connections: 6
[NX v22.5.1 Daemon Server] - 2026-02-20T14:52:27.431Z - Established a connection. Number of open connections: 7
[NX v22.5.1 Daemon Server] - 2026-02-20T14:52:27.433Z - Closed a connection. Number of open connections: 6
[NX v22.5.1 Daemon Server] - 2026-02-20T14:52:27.434Z - Established a connection. Number of open connections: 7
[NX v22.5.1 Daemon Server] - 2026-02-20T14:52:27.434Z - Closed a connection. Number of open connections: 6
[NX v22.5.1 Daemon Server] - 2026-02-20T14:52:27.434Z - Established a connection. Number of open connections: 7
[NX v22.5.1 Daemon Client] - 2026-02-20T14:52:27.435Z - [Messenger] Setting up socket listeners
[NX v22.5.1 Daemon Client] - 2026-02-20T14:52:27.435Z - [Messenger] listen() complete
[NX v22.5.1 Daemon Client] - 2026-02-20T14:52:27.436Z - [Messenger] Sending message type: GET_NX_CONSOLE_STATUS
[NX v22.5.1 Daemon Client] - 2026-02-20T14:52:27.437Z - [Messenger] Message sent
[NX v22.5.1 Daemon Server] - 2026-02-20T14:52:27.505Z - Received raw message of length 32
[NX v22.5.1 Daemon Server] - 2026-02-20T14:52:27.505Z - Received json message of type GET_NX_CONSOLE_STATUS
[NX v22.5.1 Daemon Server] - 2026-02-20T14:52:27.506Z - Serializing response for GET_NX_CONSOLE_STATUS message in json mode
[NX v22.5.1 Daemon Server] - 2026-02-20T14:52:27.506Z - Responding to GET_NX_CONSOLE_STATUS message
[NX v22.5.1 Daemon Server] - 2026-02-20T14:52:27.506Z - [REQUEST]: Responding to the client. handleGetNxConsoleStatus
[NX v22.5.1 Daemon Server] - 2026-02-20T14:52:27.506Z - Done responding to the client handleGetNxConsoleStatus
[NX v22.5.1 Daemon Server] - 2026-02-20T14:52:27.506Z - Handled json message GET_NX_CONSOLE_STATUS. Handling time: 0. Response time: 0.
[NX v22.5.1 Daemon Client] - 2026-02-20T14:52:27.506Z - [Messenger] Received message, length: 22
[NX v22.5.1 Daemon Client] - 2026-02-20T14:52:27.601Z - [Messenger] Sending message type: REQUEST_PROJECT_GRAPH
[NX v22.5.1 Daemon Client] - 2026-02-20T14:52:27.601Z - [Messenger] Message sent
[NX v22.5.1 Daemon Server] - 2026-02-20T14:52:27.602Z - Received raw message of length 32
[NX v22.5.1 Daemon Server] - 2026-02-20T14:52:27.603Z - Received json message of type REQUEST_PROJECT_GRAPH
[NX v22.5.1 Daemon Server] - 2026-02-20T14:52:27.603Z - [REQUEST]: Client Request for Project Graph Received
[NX v22.5.1 Daemon Server] - 2026-02-20T14:52:27.604Z - Reusing in-memory cached project graph because no files changed.
[NX v22.5.1 Daemon Server] - 2026-02-20T14:52:27.623Z - Wrote project graph cache to /home/poukam-tech/project/marizona/.nx/workspace-data/project-graph.json
[NX v22.5.1 Daemon Server] - 2026-02-20T14:52:27.623Z - Serializing response for REQUEST_PROJECT_GRAPH message in json mode
[NX v22.5.1 Daemon Server] - 2026-02-20T14:52:27.623Z - Responding to REQUEST_PROJECT_GRAPH message
[NX v22.5.1 Daemon Server] - 2026-02-20T14:52:27.623Z - [REQUEST]: Responding to the client. project-graph
[NX v22.5.1 Daemon Server] - 2026-02-20T14:52:27.626Z - Time taken for 'total for creating and serializing project graph' 20.20763699989766ms
[NX v22.5.1 Daemon Server] - 2026-02-20T14:52:27.630Z - Done responding to the client project-graph
[NX v22.5.1 Daemon Server] - 2026-02-20T14:52:27.631Z - Handled json message REQUEST_PROJECT_GRAPH. Handling time: 20. Response time: 8.
[NX v22.5.1 Daemon Client] - 2026-02-20T14:52:27.632Z - [Messenger] Received message, length: 1387707
[NX v22.5.1 Daemon Client] - 2026-02-20T14:52:27.654Z - [Messenger] Sending message type: PRE_TASKS_EXECUTION
[NX v22.5.1 Daemon Client] - 2026-02-20T14:52:27.656Z - [Messenger] Message sent
[NX v22.5.1 Daemon Server] - 2026-02-20T14:52:27.656Z - Received raw message of length 1625
[NX v22.5.1 Daemon Server] - 2026-02-20T14:52:27.657Z - Received json message of type PRE_TASKS_EXECUTION
[NX v22.5.1 Daemon Server] - 2026-02-20T14:52:27.658Z - Serializing response for PRE_TASKS_EXECUTION message in json mode
[NX v22.5.1 Daemon Server] - 2026-02-20T14:52:27.658Z - Responding to PRE_TASKS_EXECUTION message
[NX v22.5.1 Daemon Server] - 2026-02-20T14:52:27.658Z - [REQUEST]: Responding to the client. handleRunPreTasksExecution
[NX v22.5.1 Daemon Server] - 2026-02-20T14:52:27.658Z - Done responding to the client handleRunPreTasksExecution
[NX v22.5.1 Daemon Server] - 2026-02-20T14:52:27.658Z - Handled json message PRE_TASKS_EXECUTION. Handling time: 1. Response time: 0.
[NX v22.5.1 Daemon Server] - 2026-02-20T14:52:27.658Z - Time taken for 'preTasksExecution' 0.6186619997024536ms
[NX v22.5.1 Daemon Client] - 2026-02-20T14:52:27.659Z - [Messenger] Received message, length: 2
[NX v22.5.1 Daemon Client] - 2026-02-20T14:52:27.706Z - [Messenger] Sending message type: HASH_TASKS
[NX v22.5.1 Daemon Client] - 2026-02-20T14:52:27.706Z - [Messenger] Message sent
[NX v22.5.1 Daemon Server] - 2026-02-20T14:52:27.706Z - Received raw message of length 6410
[NX v22.5.1 Daemon Server] - 2026-02-20T14:52:27.707Z - Received json message of type HASH_TASKS
[NX v22.5.1 Daemon Server] - 2026-02-20T14:52:27.707Z - Reusing in-memory cached project graph because no files changed.
[NX v22.5.1 Daemon Server] - 2026-02-20T14:52:27.731Z - Wrote project graph cache to /home/poukam-tech/project/marizona/.nx/workspace-data/project-graph.json
DEBUG nx::native::tasks::hash_planner: get_plans_internal COMPLETED in 13.810174ms - processed 1 tasks (setup: 12.764115ms, parallel_planning: 1.031204ms)
DEBUG nx::native::tasks::hashers::hash_workspace_files: Hashing workspace fileset with inputs: Adding "12475982618692230973" (".gitignore") to hash
DEBUG nx::native::tasks::hashers::hash_workspace_files: Hashing workspace fileset with inputs: Adding "8516195800549599522" (".nxignore") to hash
DEBUG nx::native::tasks::hashers::hash_workspace_files: Hashing workspace fileset with inputs: Adding "614954295243266697" ("nx.json") to hash
DEBUG nx::native::tasks::hashers::hash_workspace_files: Hashing workspace fileset with inputs: Hash Value: "16382247164987548109"
DEBUG nx::native::tasks::task_hasher: hash_plans COMPLETED in 16.810984ms - processed 1 plans (setup: 2.375254ms, hashing: 14.419905ms, assembly: 4.774672ms)
[NX v22.5.1 Daemon Server] - 2026-02-20T14:52:27.766Z - Serializing response for HASH_TASKS message in json mode
[NX v22.5.1 Daemon Server] - 2026-02-20T14:52:27.767Z - Responding to HASH_TASKS message
[NX v22.5.1 Daemon Server] - 2026-02-20T14:52:27.768Z - [REQUEST]: Responding to the client. handleHashTasks
[NX v22.5.1 Daemon Server] - 2026-02-20T14:52:27.768Z - Done responding to the client handleHashTasks
[NX v22.5.1 Daemon Server] - 2026-02-20T14:52:27.768Z - Handled json message HASH_TASKS. Handling time: 59. Response time: 2.
[NX v22.5.1 Daemon Server] - 2026-02-20T14:52:27.770Z - Time taken for 'write cache' 23.838081000372767ms
[NX v22.5.1 Daemon Client] - 2026-02-20T14:52:27.771Z - [Messenger] Received message, length: 98508
[NX v22.5.1 Daemon Client] - 2026-02-20T14:52:27.809Z - [Messenger] Sending message type: GET_ESTIMATED_TASK_TIMINGS
[NX v22.5.1 Daemon Server] - 2026-02-20T14:52:27.810Z - Received raw message of length 114
[NX v22.5.1 Daemon Server] - 2026-02-20T14:52:27.810Z - Received json message of type GET_ESTIMATED_TASK_TIMINGS
[NX v22.5.1 Daemon Server] - 2026-02-20T14:52:27.810Z - Serializing response for GET_ESTIMATED_TASK_TIMINGS message in json mode
[NX v22.5.1 Daemon Server] - 2026-02-20T14:52:27.810Z - Responding to GET_ESTIMATED_TASK_TIMINGS message
[NX v22.5.1 Daemon Server] - 2026-02-20T14:52:27.810Z - [REQUEST]: Responding to the client. handleGetEstimatedTaskTimings
[NX v22.5.1 Daemon Server] - 2026-02-20T14:52:27.811Z - Done responding to the client handleGetEstimatedTaskTimings
[NX v22.5.1 Daemon Server] - 2026-02-20T14:52:27.811Z - Handled json message GET_ESTIMATED_TASK_TIMINGS. Handling time: 0. Response time: 1.
[NX v22.5.1 Daemon Client] - 2026-02-20T14:52:27.812Z - [Messenger] Message sent
[NX v22.5.1 Daemon Client] - 2026-02-20T14:52:27.814Z - [Messenger] Received message, length: 2
[NX v22.5.1 Daemon Server] - 2026-02-20T14:52:31.279Z - Established a connection. Number of open connections: 8
[NX v22.5.1 Daemon Server] - 2026-02-20T14:52:31.284Z - Closed a connection. Number of open connections: 7
[NX v22.5.1 Daemon Server] - 2026-02-20T14:52:31.286Z - Established a connection. Number of open connections: 8
[NX v22.5.1 Daemon Client] - 2026-02-20T14:52:31.285Z - [Messenger] Setting up socket listeners
[NX v22.5.1 Daemon Client] - 2026-02-20T14:52:31.288Z - [Messenger] listen() complete
[NX v22.5.1 Daemon Client] - 2026-02-20T14:52:31.289Z - [Messenger] Sending message type: REQUEST_PROJECT_GRAPH
[NX v22.5.1 Daemon Client] - 2026-02-20T14:52:31.290Z - [Messenger] Message sent
[NX v22.5.1 Daemon Server] - 2026-02-20T14:52:31.424Z - Received raw message of length 32
[NX v22.5.1 Daemon Server] - 2026-02-20T14:52:31.424Z - Received json message of type REQUEST_PROJECT_GRAPH
[NX v22.5.1 Daemon Server] - 2026-02-20T14:52:31.424Z - [REQUEST]: Client Request for Project Graph Received
[NX v22.5.1 Daemon Server] - 2026-02-20T14:52:31.425Z - Reusing in-memory cached project graph because no files changed.
[NX v22.5.1 Daemon Server] - 2026-02-20T14:52:31.463Z - Wrote project graph cache to /home/poukam-tech/project/marizona/.nx/workspace-data/project-graph.json
[NX v22.5.1 Daemon Server] - 2026-02-20T14:52:31.463Z - Serializing response for REQUEST_PROJECT_GRAPH message in json mode
[NX v22.5.1 Daemon Server] - 2026-02-20T14:52:31.463Z - Responding to REQUEST_PROJECT_GRAPH message
[NX v22.5.1 Daemon Server] - 2026-02-20T14:52:31.463Z - [REQUEST]: Responding to the client. project-graph
[NX v22.5.1 Daemon Server] - 2026-02-20T14:52:31.472Z - Time taken for 'total for creating and serializing project graph' 38.480119000189006ms
[NX v22.5.1 Daemon Server] - 2026-02-20T14:52:31.478Z - Done responding to the client project-graph
[NX v22.5.1 Daemon Server] - 2026-02-20T14:52:31.478Z - Handled json message REQUEST_PROJECT_GRAPH. Handling time: 39. Response time: 15.
[NX v22.5.1 Daemon Client] - 2026-02-20T14:52:31.483Z - [Messenger] Received message, length: 1387707
[NX v22.5.1 Daemon Client] - 2026-02-20T14:52:34.830Z - [Messenger] Sending message type: REQUEST_PROJECT_GRAPH
[NX v22.5.1 Daemon Server] - 2026-02-20T14:52:34.832Z - Received raw message of length 32
[NX v22.5.1 Daemon Server] - 2026-02-20T14:52:34.832Z - Received json message of type REQUEST_PROJECT_GRAPH
[NX v22.5.1 Daemon Server] - 2026-02-20T14:52:34.833Z - [REQUEST]: Client Request for Project Graph Received
[NX v22.5.1 Daemon Client] - 2026-02-20T14:52:34.833Z - [Messenger] Message sent
[NX v22.5.1 Daemon Server] - 2026-02-20T14:52:34.835Z - Reusing in-memory cached project graph because no files changed.
[NX v22.5.1 Daemon Server] - 2026-02-20T14:52:34.865Z - Wrote project graph cache to /home/poukam-tech/project/marizona/.nx/workspace-data/project-graph.json
[NX v22.5.1 Daemon Server] - 2026-02-20T14:52:34.866Z - Serializing response for REQUEST_PROJECT_GRAPH message in json mode
[NX v22.5.1 Daemon Server] - 2026-02-20T14:52:34.866Z - Responding to REQUEST_PROJECT_GRAPH message
[NX v22.5.1 Daemon Server] - 2026-02-20T14:52:34.866Z - [REQUEST]: Responding to the client. project-graph
[NX v22.5.1 Daemon Server] - 2026-02-20T14:52:34.871Z - Time taken for 'total for creating and serializing project graph' 33.306394999846816ms
[NX v22.5.1 Daemon Server] - 2026-02-20T14:52:34.876Z - Done responding to the client project-graph
[NX v22.5.1 Daemon Server] - 2026-02-20T14:52:34.876Z - Handled json message REQUEST_PROJECT_GRAPH. Handling time: 34. Response time: 10.
[NX v22.5.1 Daemon Client] - 2026-02-20T14:52:34.879Z - [Messenger] Received message, length: 1387707
[NX v22.5.1 Daemon Server] - 2026-02-20T14:52:53.351Z - Established a connection. Number of open connections: 9
[NX v22.5.1 Daemon Server] - 2026-02-20T14:52:53.353Z - Closed a connection. Number of open connections: 8
[NX v22.5.1 Daemon Server] - 2026-02-20T14:52:53.354Z - Established a connection. Number of open connections: 9
[NX v22.5.1 Daemon Server] - 2026-02-20T14:52:53.355Z - Closed a connection. Number of open connections: 8
[NX v22.5.1 Daemon Server] - 2026-02-20T14:52:53.355Z - Established a connection. Number of open connections: 9
[NX v22.5.1 Daemon Client] - 2026-02-20T14:52:53.355Z - [Messenger] Setting up socket listeners
[NX v22.5.1 Daemon Client] - 2026-02-20T14:52:53.356Z - [Messenger] listen() complete
[NX v22.5.1 Daemon Client] - 2026-02-20T14:52:53.357Z - [Messenger] Sending message type: GET_NX_CONSOLE_STATUS
[NX v22.5.1 Daemon Client] - 2026-02-20T14:52:53.358Z - [Messenger] Message sent
[NX v22.5.1 Daemon Server] - 2026-02-20T14:52:53.443Z - Received raw message of length 32
[NX v22.5.1 Daemon Server] - 2026-02-20T14:52:53.443Z - Received json message of type GET_NX_CONSOLE_STATUS
[NX v22.5.1 Daemon Server] - 2026-02-20T14:52:53.443Z - Serializing response for GET_NX_CONSOLE_STATUS message in json mode
[NX v22.5.1 Daemon Server] - 2026-02-20T14:52:53.443Z - Responding to GET_NX_CONSOLE_STATUS message
[NX v22.5.1 Daemon Server] - 2026-02-20T14:52:53.443Z - [REQUEST]: Responding to the client. handleGetNxConsoleStatus
[NX v22.5.1 Daemon Server] - 2026-02-20T14:52:53.443Z - Done responding to the client handleGetNxConsoleStatus
[NX v22.5.1 Daemon Server] - 2026-02-20T14:52:53.443Z - Handled json message GET_NX_CONSOLE_STATUS. Handling time: 0. Response time: 0.
[NX v22.5.1 Daemon Client] - 2026-02-20T14:52:53.444Z - [Messenger] Received message, length: 22
[NX v22.5.1 Daemon Client] - 2026-02-20T14:52:53.538Z - [Messenger] Sending message type: REQUEST_PROJECT_GRAPH
[NX v22.5.1 Daemon Client] - 2026-02-20T14:52:53.538Z - [Messenger] Message sent
[NX v22.5.1 Daemon Server] - 2026-02-20T14:52:53.538Z - Received raw message of length 32
[NX v22.5.1 Daemon Server] - 2026-02-20T14:52:53.543Z - Received json message of type REQUEST_PROJECT_GRAPH
[NX v22.5.1 Daemon Server] - 2026-02-20T14:52:53.543Z - [REQUEST]: Client Request for Project Graph Received
[NX v22.5.1 Daemon Server] - 2026-02-20T14:52:53.543Z - Reusing in-memory cached project graph because no files changed.
[NX v22.5.1 Daemon Server] - 2026-02-20T14:52:53.610Z - Wrote project graph cache to /home/poukam-tech/project/marizona/.nx/workspace-data/project-graph.json
[NX v22.5.1 Daemon Server] - 2026-02-20T14:52:53.610Z - Serializing response for REQUEST_PROJECT_GRAPH message in json mode
[NX v22.5.1 Daemon Server] - 2026-02-20T14:52:53.610Z - Responding to REQUEST_PROJECT_GRAPH message
[NX v22.5.1 Daemon Server] - 2026-02-20T14:52:53.610Z - [REQUEST]: Responding to the client. project-graph
[NX v22.5.1 Daemon Server] - 2026-02-20T14:52:53.618Z - Time taken for 'total for creating and serializing project graph' 67.00733800046146ms
[NX v22.5.1 Daemon Server] - 2026-02-20T14:52:53.625Z - Done responding to the client project-graph
[NX v22.5.1 Daemon Server] - 2026-02-20T14:52:53.625Z - Handled json message REQUEST_PROJECT_GRAPH. Handling time: 67. Response time: 15.
[NX v22.5.1 Daemon Client] - 2026-02-20T14:52:53.627Z - [Messenger] Received message, length: 1387707
[NX v22.5.1 Daemon Client] - 2026-02-20T14:52:53.652Z - [Messenger] Sending message type: PRE_TASKS_EXECUTION
[NX v22.5.1 Daemon Server] - 2026-02-20T14:52:53.653Z - Received raw message of length 1629
[NX v22.5.1 Daemon Server] - 2026-02-20T14:52:53.653Z - Received json message of type PRE_TASKS_EXECUTION
[NX v22.5.1 Daemon Client] - 2026-02-20T14:52:53.654Z - [Messenger] Message sent
[NX v22.5.1 Daemon Server] - 2026-02-20T14:52:53.655Z - Serializing response for PRE_TASKS_EXECUTION message in json mode
[NX v22.5.1 Daemon Server] - 2026-02-20T14:52:53.655Z - Responding to PRE_TASKS_EXECUTION message
[NX v22.5.1 Daemon Server] - 2026-02-20T14:52:53.655Z - [REQUEST]: Responding to the client. handleRunPreTasksExecution
[NX v22.5.1 Daemon Client] - 2026-02-20T14:52:53.655Z - [Messenger] Received message, length: 2
[NX v22.5.1 Daemon Server] - 2026-02-20T14:52:53.656Z - Done responding to the client handleRunPreTasksExecution
[NX v22.5.1 Daemon Server] - 2026-02-20T14:52:53.656Z - Handled json message PRE_TASKS_EXECUTION. Handling time: 2. Response time: 1.
[NX v22.5.1 Daemon Server] - 2026-02-20T14:52:53.656Z - Time taken for 'preTasksExecution' 1.1444179993122816ms
[NX v22.5.1 Daemon Client] - 2026-02-20T14:52:53.709Z - [Messenger] Sending message type: HASH_TASKS
[NX v22.5.1 Daemon Client] - 2026-02-20T14:52:53.710Z - [Messenger] Message sent
[NX v22.5.1 Daemon Server] - 2026-02-20T14:52:53.711Z - Received raw message of length 8388
[NX v22.5.1 Daemon Server] - 2026-02-20T14:52:53.711Z - Received json message of type HASH_TASKS
[NX v22.5.1 Daemon Server] - 2026-02-20T14:52:53.712Z - Reusing in-memory cached project graph because no files changed.
[NX v22.5.1 Daemon Server] - 2026-02-20T14:52:53.753Z - Wrote project graph cache to /home/poukam-tech/project/marizona/.nx/workspace-data/project-graph.json
DEBUG nx::native::tasks::hash_planner: get_plans_internal COMPLETED in 9.709313ms - processed 1 tasks (setup: 9.07952ms, parallel_planning: 616.496µs)
DEBUG nx::native::tasks::hashers::hash_workspace_files: Hashing workspace fileset with inputs: Adding "12475982618692230973" (".gitignore") to hash
DEBUG nx::native::tasks::hashers::hash_workspace_files: Hashing workspace fileset with inputs: Adding "8516195800549599522" (".nxignore") to hash
DEBUG nx::native::tasks::hashers::hash_workspace_files: Hashing workspace fileset with inputs: Adding "614954295243266697" ("nx.json") to hash
DEBUG nx::native::tasks::hashers::hash_workspace_files: Hashing workspace fileset with inputs: Hash Value: "16382247164987548109"
DEBUG nx::native::tasks::task_hasher: hash_plans COMPLETED in 20.385085ms - processed 1 plans (setup: 2.458556ms, hashing: 17.918079ms, assembly: 6.943083ms)
[NX v22.5.1 Daemon Server] - 2026-02-20T14:52:53.788Z - Serializing response for HASH_TASKS message in json mode
[NX v22.5.1 Daemon Server] - 2026-02-20T14:52:53.790Z - Responding to HASH_TASKS message
[NX v22.5.1 Daemon Server] - 2026-02-20T14:52:53.790Z - [REQUEST]: Responding to the client. handleHashTasks
[NX v22.5.1 Daemon Server] - 2026-02-20T14:52:53.790Z - Done responding to the client handleHashTasks
[NX v22.5.1 Daemon Server] - 2026-02-20T14:52:53.790Z - Handled json message HASH_TASKS. Handling time: 77. Response time: 2.
[NX v22.5.1 Daemon Server] - 2026-02-20T14:52:53.790Z - Time taken for 'write cache' 41.655474999919534ms
[NX v22.5.1 Daemon Client] - 2026-02-20T14:52:53.792Z - [Messenger] Received message, length: 101285
[NX v22.5.1 Daemon Client] - 2026-02-20T14:52:53.815Z - [Messenger] Sending message type: GET_ESTIMATED_TASK_TIMINGS
[NX v22.5.1 Daemon Server] - 2026-02-20T14:52:53.816Z - Received raw message of length 119
[NX v22.5.1 Daemon Server] - 2026-02-20T14:52:53.816Z - Received json message of type GET_ESTIMATED_TASK_TIMINGS
[NX v22.5.1 Daemon Client] - 2026-02-20T14:52:53.817Z - [Messenger] Message sent
[NX v22.5.1 Daemon Server] - 2026-02-20T14:52:53.818Z - Serializing response for GET_ESTIMATED_TASK_TIMINGS message in json mode
[NX v22.5.1 Daemon Server] - 2026-02-20T14:52:53.818Z - Responding to GET_ESTIMATED_TASK_TIMINGS message
[NX v22.5.1 Daemon Server] - 2026-02-20T14:52:53.818Z - [REQUEST]: Responding to the client. handleGetEstimatedTaskTimings
[NX v22.5.1 Daemon Server] - 2026-02-20T14:52:53.818Z - Done responding to the client handleGetEstimatedTaskTimings
[NX v22.5.1 Daemon Server] - 2026-02-20T14:52:53.818Z - Handled json message GET_ESTIMATED_TASK_TIMINGS. Handling time: 2. Response time: 0.
[NX v22.5.1 Daemon Client] - 2026-02-20T14:52:53.818Z - [Messenger] Received message, length: 2
[NX v22.5.1 Daemon Server] - 2026-02-20T14:52:56.736Z - Established a connection. Number of open connections: 10
[NX v22.5.1 Daemon Server] - 2026-02-20T14:52:56.745Z - Established a connection. Number of open connections: 11
[NX v22.5.1 Daemon Client] - 2026-02-20T14:52:56.745Z - [Messenger] Setting up socket listeners
[NX v22.5.1 Daemon Server] - 2026-02-20T14:52:56.746Z - Closed a connection. Number of open connections: 10
[NX v22.5.1 Daemon Client] - 2026-02-20T14:52:56.746Z - [Messenger] listen() complete
[NX v22.5.1 Daemon Client] - 2026-02-20T14:52:56.747Z - [Messenger] Sending message type: REQUEST_PROJECT_GRAPH
[NX v22.5.1 Daemon Client] - 2026-02-20T14:52:56.748Z - [Messenger] Message sent
[NX v22.5.1 Daemon Server] - 2026-02-20T14:52:56.907Z - Received raw message of length 32
[NX v22.5.1 Daemon Server] - 2026-02-20T14:52:56.907Z - Received json message of type REQUEST_PROJECT_GRAPH
[NX v22.5.1 Daemon Server] - 2026-02-20T14:52:56.907Z - [REQUEST]: Client Request for Project Graph Received
[NX v22.5.1 Daemon Server] - 2026-02-20T14:52:56.908Z - Reusing in-memory cached project graph because no files changed.
[NX v22.5.1 Daemon Server] - 2026-02-20T14:52:56.919Z - Wrote project graph cache to /home/poukam-tech/project/marizona/.nx/workspace-data/project-graph.json
[NX v22.5.1 Daemon Server] - 2026-02-20T14:52:56.919Z - Serializing response for REQUEST_PROJECT_GRAPH message in json mode
[NX v22.5.1 Daemon Server] - 2026-02-20T14:52:56.919Z - Responding to REQUEST_PROJECT_GRAPH message
[NX v22.5.1 Daemon Server] - 2026-02-20T14:52:56.919Z - [REQUEST]: Responding to the client. project-graph
[NX v22.5.1 Daemon Server] - 2026-02-20T14:52:56.922Z - Time taken for 'total for creating and serializing project graph' 12.074517999775708ms
[NX v22.5.1 Daemon Server] - 2026-02-20T14:52:56.926Z - Done responding to the client project-graph
[NX v22.5.1 Daemon Server] - 2026-02-20T14:52:56.926Z - Handled json message REQUEST_PROJECT_GRAPH. Handling time: 12. Response time: 7.
[NX v22.5.1 Daemon Client] - 2026-02-20T14:52:56.930Z - [Messenger] Received message, length: 1387707
[NX v22.5.1 Daemon Client] - 2026-02-20T14:52:58.677Z - [Messenger] Sending message type: REQUEST_PROJECT_GRAPH
[NX v22.5.1 Daemon Client] - 2026-02-20T14:52:58.678Z - [Messenger] Message sent
[NX v22.5.1 Daemon Server] - 2026-02-20T14:52:58.678Z - Received raw message of length 32
[NX v22.5.1 Daemon Server] - 2026-02-20T14:52:58.678Z - Received json message of type REQUEST_PROJECT_GRAPH
[NX v22.5.1 Daemon Server] - 2026-02-20T14:52:58.678Z - [REQUEST]: Client Request for Project Graph Received
[NX v22.5.1 Daemon Server] - 2026-02-20T14:52:58.679Z - Reusing in-memory cached project graph because no files changed.
[NX v22.5.1 Daemon Server] - 2026-02-20T14:52:58.692Z - Wrote project graph cache to /home/poukam-tech/project/marizona/.nx/workspace-data/project-graph.json
[NX v22.5.1 Daemon Server] - 2026-02-20T14:52:58.692Z - Serializing response for REQUEST_PROJECT_GRAPH message in json mode
[NX v22.5.1 Daemon Server] - 2026-02-20T14:52:58.692Z - Responding to REQUEST_PROJECT_GRAPH message
[NX v22.5.1 Daemon Server] - 2026-02-20T14:52:58.692Z - [REQUEST]: Responding to the client. project-graph
[NX v22.5.1 Daemon Server] - 2026-02-20T14:52:58.696Z - Time taken for 'total for creating and serializing project graph' 13.874246999621391ms
[NX v22.5.1 Daemon Server] - 2026-02-20T14:52:58.702Z - Done responding to the client project-graph
[NX v22.5.1 Daemon Server] - 2026-02-20T14:52:58.702Z - Handled json message REQUEST_PROJECT_GRAPH. Handling time: 14. Response time: 10.
[NX v22.5.1 Daemon Client] - 2026-02-20T14:52:58.704Z - [Messenger] Received message, length: 1387707
[NX v22.5.1 Daemon Server] - 2026-02-20T14:58:02.144Z - [WATCHER]: Processing file changes in outputs
[NX v22.5.1 Daemon Server] - 2026-02-20T14:58:02.153Z - [WATCHER]: 0 file(s) created or restored, 1 file(s) modified, 1 file(s) deleted
[NX v22.5.1 Daemon Server] - 2026-02-20T14:58:02.158Z - [SYNC]: clearing sync generators cache due to file changes
[NX v22.5.1 Daemon Server] - 2026-02-20T14:58:02.175Z - Time taken for 'changed-projects' 2.025886000134051ms
[NX v22.5.1 Daemon Server] - 2026-02-20T14:58:02.262Z - [REQUEST]: Updated workspace context based on watched changes, recomputing project graph...
[NX v22.5.1 Daemon Server] - 2026-02-20T14:58:02.262Z - [REQUEST]: prisma/dev.db
[NX v22.5.1 Daemon Server] - 2026-02-20T14:58:02.262Z - [REQUEST]: prisma/dev.db-journal
Time for 'plugin worker 95849 code loading' 23.029092000000006
Time for 'plugin worker 95850 code loading' 49.418309
Time for 'plugin worker 95856 code loading' 21.49495499999999
[NX v22.5.1 Daemon Server] - 2026-02-20T14:58:02.475Z - Time taken for 'hash changed files from watcher' 2.099659999832511ms
[NX v22.5.1 Daemon Server] - 2026-02-20T14:58:02.490Z - Time taken for 'start-plugin-worker:@nx/next/plugin' 208.87230700068176ms
[NX v22.5.1 Daemon Server] - 2026-02-20T14:58:02.550Z - Time taken for 'start-plugin-worker:@nx/jest/plugin' 191.7387070003897ms
Time for 'plugin worker 95877 code loading' 39.909801
Time for 'plugin worker 95870 code loading' 66.41678999999999
[NX v22.5.1 Daemon Server] - 2026-02-20T14:58:02.627Z - Time taken for 'start-plugin-worker:@nx/eslint/plugin' 279.87669000029564ms
Time for 'plugin worker 95869 code loading' 69.440042
Time for 'plugin worker 95890 code loading' 63.71210199999999
[NX v22.5.1 Daemon Server] - 2026-02-20T14:58:02.636Z - Time taken for 'start-plugin-worker:nx/core/project-json' 197.17884600069374ms
Time for 'plugin worker 95888 code loading' 53.962795
[NX v22.5.1 Daemon Server] - 2026-02-20T14:58:02.753Z - Time taken for 'start-plugin-worker:nx/core/package-json' 334.4076009998098ms
Time for 'nx/js/dependencies-and-lockfile:createNodes' 153.357755
[NX v22.5.1 Daemon Server] - 2026-02-20T14:58:04.706Z - Established a connection. Number of open connections: 11
[NX v22.5.1 Daemon Server] - 2026-02-20T14:58:04.721Z - Closed a connection. Number of open connections: 10
[NX v22.5.1 Daemon Server] - 2026-02-20T14:58:04.721Z - Established a connection. Number of open connections: 11
[NX v22.5.1 Daemon Client] - 2026-02-20T14:58:04.719Z - [Messenger] Setting up socket listeners
[NX v22.5.1 Daemon Client] - 2026-02-20T14:58:04.721Z - [Messenger] listen() complete
[NX v22.5.1 Daemon Client] - 2026-02-20T14:58:04.722Z - [Messenger] Sending message type: HASH_GLOB
[NX v22.5.1 Daemon Client] - 2026-02-20T14:58:04.723Z - [Messenger] Message sent
[NX v22.5.1 Daemon Server] - 2026-02-20T14:58:04.754Z - Established a connection. Number of open connections: 12
[NX v22.5.1 Daemon Server] - 2026-02-20T14:58:04.759Z - Established a connection. Number of open connections: 13
[NX v22.5.1 Daemon Client] - 2026-02-20T14:58:04.746Z - [Messenger] Setting up socket listeners
[NX v22.5.1 Daemon Client] - 2026-02-20T14:58:04.760Z - [Messenger] listen() complete
[NX v22.5.1 Daemon Client] - 2026-02-20T14:58:04.761Z - [Messenger] Sending message type: HASH_GLOB
[NX v22.5.1 Daemon Client] - 2026-02-20T14:58:04.761Z - [Messenger] Message sent
[NX v22.5.1 Daemon Server] - 2026-02-20T14:58:04.764Z - Closed a connection. Number of open connections: 12
[NX v22.5.1 Daemon Server] - 2026-02-20T14:58:04.771Z - Established a connection. Number of open connections: 13
[NX v22.5.1 Daemon Server] - 2026-02-20T14:58:04.789Z - Closed a connection. Number of open connections: 12
[NX v22.5.1 Daemon Client] - 2026-02-20T14:58:04.796Z - [Messenger] Setting up socket listeners
[NX v22.5.1 Daemon Server] - 2026-02-20T14:58:04.799Z - Established a connection. Number of open connections: 13
[NX v22.5.1 Daemon Client] - 2026-02-20T14:58:04.799Z - [Messenger] listen() complete
[NX v22.5.1 Daemon Client] - 2026-02-20T14:58:04.803Z - [Messenger] Sending message type: GLOB
[NX v22.5.1 Daemon Client] - 2026-02-20T14:58:04.803Z - [Messenger] Message sent
Time for 'daemon-message-serialization-GLOB' 0.3526209999999992
[NX v22.5.1 Daemon Server] - 2026-02-20T14:58:05.189Z - Received raw message of length 73
[NX v22.5.1 Daemon Server] - 2026-02-20T14:58:05.189Z - Received json message of type GLOB
[NX v22.5.1 Daemon Server] - 2026-02-20T14:58:05.203Z - Serializing response for GLOB message in json mode
[NX v22.5.1 Daemon Server] - 2026-02-20T14:58:05.203Z - Responding to GLOB message
[NX v22.5.1 Daemon Server] - 2026-02-20T14:58:05.203Z - [REQUEST]: Responding to the client. handleGlob
[NX v22.5.1 Daemon Server] - 2026-02-20T14:58:05.204Z - Done responding to the client handleGlob
[NX v22.5.1 Daemon Server] - 2026-02-20T14:58:05.204Z - Handled json message GLOB. Handling time: 14. Response time: 1.
[NX v22.5.1 Daemon Client] - 2026-02-20T14:58:05.209Z - [Messenger] Received message, length: 6441
[NX v22.5.1 Daemon Server] - 2026-02-20T14:58:05.226Z - Established a connection. Number of open connections: 14
[NX v22.5.1 Daemon Client] - 2026-02-20T14:58:05.236Z - [Messenger] Sending message type: HASH_MULTI_GLOB
[NX v22.5.1 Daemon Client] - 2026-02-20T14:58:05.236Z - [Messenger] Message sent
[NX v22.5.1 Daemon Server] - 2026-02-20T14:58:05.240Z - Received raw message of length 867
[NX v22.5.1 Daemon Server] - 2026-02-20T14:58:05.242Z - Received json message of type HASH_MULTI_GLOB
[NX v22.5.1 Daemon Client] - 2026-02-20T14:58:05.239Z - [Messenger] Setting up socket listeners
[NX v22.5.1 Daemon Client] - 2026-02-20T14:58:05.245Z - [Messenger] listen() complete
[NX v22.5.1 Daemon Client] - 2026-02-20T14:58:05.246Z - [Messenger] Sending message type: HASH_GLOB
[NX v22.5.1 Daemon Client] - 2026-02-20T14:58:05.247Z - [Messenger] Message sent
[NX v22.5.1 Daemon Server] - 2026-02-20T14:58:05.301Z - Serializing response for HASH_GLOB message in json mode
[NX v22.5.1 Daemon Server] - 2026-02-20T14:58:05.301Z - Responding to HASH_GLOB message
[NX v22.5.1 Daemon Server] - 2026-02-20T14:58:05.301Z - [REQUEST]: Responding to the client. handleHashMultiGlob
[NX v22.5.1 Daemon Server] - 2026-02-20T14:58:05.302Z - Done responding to the client handleHashMultiGlob
[NX v22.5.1 Daemon Server] - 2026-02-20T14:58:05.302Z - Handled json message HASH_GLOB. Handling time: 55. Response time: 1.
Time for 'GLOB round trip' 409.1058790000002
Time for 'deserialize daemon response - GLOB' 0.1825120000003153
Time for 'daemon-message-serialization-HASH_MULTI_GLOB' 0.07920000000012806
[NX v22.5.1 Daemon Client] - 2026-02-20T14:58:05.306Z - [Messenger] Received message, length: 268
[NX v22.5.1 Daemon Server] - 2026-02-20T14:58:05.310Z - Established a connection. Number of open connections: 15
[NX v22.5.1 Daemon Server] - 2026-02-20T14:58:05.310Z - Closed a connection. Number of open connections: 14
Time for 'daemon-message-serialization-HASH_GLOB' 0.39446300000008705
[NX v22.5.1 Daemon Server] - 2026-02-20T14:58:05.330Z - Received raw message of length 57
[NX v22.5.1 Daemon Server] - 2026-02-20T14:58:05.331Z - Received json message of type HASH_GLOB
[NX v22.5.1 Daemon Server] - 2026-02-20T14:58:05.343Z - Serializing response for HASH_GLOB message in json mode
[NX v22.5.1 Daemon Server] - 2026-02-20T14:58:05.343Z - Responding to HASH_GLOB message
[NX v22.5.1 Daemon Server] - 2026-02-20T14:58:05.343Z - [REQUEST]: Responding to the client. handleHashGlob
[NX v22.5.1 Daemon Server] - 2026-02-20T14:58:05.343Z - Done responding to the client handleHashGlob
[NX v22.5.1 Daemon Server] - 2026-02-20T14:58:05.343Z - Handled json message HASH_GLOB. Handling time: 12. Response time: 0.
[NX v22.5.1 Daemon Client] - 2026-02-20T14:58:05.349Z - [Messenger] Received message, length: 21
Time for 'daemon-message-serialization-HASH_GLOB' 0.33814399999982925
[NX v22.5.1 Daemon Server] - 2026-02-20T14:58:05.413Z - Received raw message of length 63
[NX v22.5.1 Daemon Server] - 2026-02-20T14:58:05.415Z - Received json message of type HASH_GLOB
[NX v22.5.1 Daemon Server] - 2026-02-20T14:58:05.424Z - Serializing response for HASH_GLOB message in json mode
[NX v22.5.1 Daemon Server] - 2026-02-20T14:58:05.424Z - Responding to HASH_GLOB message
[NX v22.5.1 Daemon Server] - 2026-02-20T14:58:05.424Z - [REQUEST]: Responding to the client. handleHashGlob
[NX v22.5.1 Daemon Server] - 2026-02-20T14:58:05.424Z - Done responding to the client handleHashGlob
[NX v22.5.1 Daemon Server] - 2026-02-20T14:58:05.424Z - Handled json message HASH_GLOB. Handling time: 8. Response time: 0.
[NX v22.5.1 Daemon Client] - 2026-02-20T14:58:05.439Z - [Messenger] Received message, length: 21
[NX v22.5.1 Daemon Client] - 2026-02-20T14:58:05.440Z - [Messenger] Sending message type: HASH_GLOB
[NX v22.5.1 Daemon Client] - 2026-02-20T14:58:05.440Z - [Messenger] Message sent
[NX v22.5.1 Daemon Server] - 2026-02-20T14:58:05.473Z - Received raw message of length 68
[NX v22.5.1 Daemon Server] - 2026-02-20T14:58:05.473Z - Received json message of type HASH_GLOB
[NX v22.5.1 Daemon Server] - 2026-02-20T14:58:05.497Z - Serializing response for HASH_GLOB message in json mode
[NX v22.5.1 Daemon Server] - 2026-02-20T14:58:05.497Z - Responding to HASH_GLOB message
[NX v22.5.1 Daemon Server] - 2026-02-20T14:58:05.497Z - [REQUEST]: Responding to the client. handleHashGlob
[NX v22.5.1 Daemon Server] - 2026-02-20T14:58:05.497Z - Done responding to the client handleHashGlob
[NX v22.5.1 Daemon Server] - 2026-02-20T14:58:05.497Z - Handled json message HASH_GLOB. Handling time: 24. Response time: 0.
Time for 'HASH_GLOB round trip' 678.5419549999997
Time for 'deserialize daemon response - HASH_GLOB' 0.14171899999973903
Time for 'daemon-message-serialization-HASH_GLOB' 0.04305500000009488
[NX v22.5.1 Daemon Client] - 2026-02-20T14:58:05.499Z - [Messenger] Received message, length: 22
[NX v22.5.1 Daemon Server] - 2026-02-20T14:58:05.510Z - Closed a connection. Number of open connections: 13
[NX v22.5.1 Daemon Server] - 2026-02-20T14:58:05.597Z - Closed a connection. Number of open connections: 12
[NX v22.5.1 Daemon Server] - 2026-02-20T14:58:05.620Z - Established a connection. Number of open connections: 13
[NX v22.5.1 Daemon Server] - 2026-02-20T14:58:05.620Z - Established a connection. Number of open connections: 14
[NX v22.5.1 Daemon Server] - 2026-02-20T14:58:05.620Z - Closed a connection. Number of open connections: 13
[NX v22.5.1 Daemon Client] - 2026-02-20T14:58:05.619Z - [Messenger] Setting up socket listeners
[NX v22.5.1 Daemon Client] - 2026-02-20T14:58:05.621Z - [Messenger] listen() complete
[NX v22.5.1 Daemon Client] - 2026-02-20T14:58:05.622Z - [Messenger] Sending message type: HASH_MULTI_GLOB
[NX v22.5.1 Daemon Client] - 2026-02-20T14:58:05.623Z - [Messenger] Message sent
Time for 'daemon-message-serialization-HASH_GLOB' 0.478497999999945
[NX v22.5.1 Daemon Server] - 2026-02-20T14:58:05.649Z - Received raw message of length 59
[NX v22.5.1 Daemon Server] - 2026-02-20T14:58:05.650Z - Received json message of type HASH_GLOB
[NX v22.5.1 Daemon Server] - 2026-02-20T14:58:05.654Z - Serializing response for HASH_GLOB message in json mode
[NX v22.5.1 Daemon Server] - 2026-02-20T14:58:05.654Z - Responding to HASH_GLOB message
[NX v22.5.1 Daemon Server] - 2026-02-20T14:58:05.655Z - [REQUEST]: Responding to the client. handleHashGlob
[NX v22.5.1 Daemon Server] - 2026-02-20T14:58:05.655Z - Done responding to the client handleHashGlob
[NX v22.5.1 Daemon Server] - 2026-02-20T14:58:05.655Z - Handled json message HASH_GLOB. Handling time: 4. Response time: 1.
[NX v22.5.1 Daemon Client] - 2026-02-20T14:58:05.655Z - [Messenger] Received message, length: 21
[NX v22.5.1 Daemon Client] - 2026-02-20T14:58:05.657Z - [Messenger] Sending message type: HASH_GLOB
[NX v22.5.1 Daemon Client] - 2026-02-20T14:58:05.658Z - [Messenger] Message sent
[NX v22.5.1 Daemon Server] - 2026-02-20T14:58:05.661Z - Received raw message of length 64
[NX v22.5.1 Daemon Server] - 2026-02-20T14:58:05.661Z - Received json message of type HASH_GLOB
[NX v22.5.1 Daemon Server] - 2026-02-20T14:58:05.665Z - Serializing response for HASH_GLOB message in json mode
[NX v22.5.1 Daemon Server] - 2026-02-20T14:58:05.665Z - Responding to HASH_GLOB message
[NX v22.5.1 Daemon Server] - 2026-02-20T14:58:05.665Z - [REQUEST]: Responding to the client. handleHashGlob
[NX v22.5.1 Daemon Server] - 2026-02-20T14:58:05.665Z - Done responding to the client handleHashGlob
[NX v22.5.1 Daemon Server] - 2026-02-20T14:58:05.665Z - Handled json message HASH_GLOB. Handling time: 4. Response time: 0.
Time for 'HASH_GLOB round trip' 409.97520299999996
Time for 'deserialize daemon response - HASH_GLOB' 0.263789000000088
Time for 'daemon-message-serialization-HASH_GLOB' 0.0496579999999085
[NX v22.5.1 Daemon Client] - 2026-02-20T14:58:05.667Z - [Messenger] Received message, length: 22
[NX v22.5.1 Daemon Server] - 2026-02-20T14:58:05.712Z - Closed a connection. Number of open connections: 12
Time for 'daemon-message-serialization-HASH_MULTI_GLOB' 0.3804979999999887
[NX v22.5.1 Daemon Server] - 2026-02-20T14:58:05.883Z - Received raw message of length 124
[NX v22.5.1 Daemon Server] - 2026-02-20T14:58:05.883Z - Received json message of type HASH_MULTI_GLOB
[NX v22.5.1 Daemon Server] - 2026-02-20T14:58:05.893Z - Serializing response for HASH_GLOB message in json mode
[NX v22.5.1 Daemon Server] - 2026-02-20T14:58:05.893Z - Responding to HASH_GLOB message
[NX v22.5.1 Daemon Server] - 2026-02-20T14:58:05.893Z - [REQUEST]: Responding to the client. handleHashMultiGlob
[NX v22.5.1 Daemon Server] - 2026-02-20T14:58:05.893Z - Done responding to the client handleHashMultiGlob
[NX v22.5.1 Daemon Server] - 2026-02-20T14:58:05.893Z - Handled json message HASH_GLOB. Handling time: 10. Response time: 0.
[NX v22.5.1 Daemon Client] - 2026-02-20T14:58:05.895Z - [Messenger] Received message, length: 92
[NX v22.5.1 Daemon Server] - 2026-02-20T14:58:05.922Z - Closed a connection. Number of open connections: 11
Time for 'HASH_MULTI_GLOB round trip' 71.68287099999998
Time for 'deserialize daemon response - HASH_MULTI_GLOB' 0.04773699999987002
[NX v22.5.1 Daemon Server] - 2026-02-20T14:58:09.664Z - Time taken for 'build-project-configs' 7278.3174120001495ms
[NX v22.5.1 Daemon Server] - 2026-02-20T14:58:09.706Z - Closed a connection. Number of open connections: 10
Time for 'build typescript dependencies' 0.24834800000007817
[NX v22.5.1 Daemon Server] - 2026-02-20T14:58:09.854Z - [SYNC]: collect registered sync generators
[NX v22.5.1 Daemon Server] - 2026-02-20T14:58:09.855Z - [SYNC]: project graph hash is the same, not collecting task sync generators
[NX v22.5.1 Daemon Server] - 2026-02-20T14:58:09.855Z - [SYNC]: nx.json hash is the same, not collecting global sync generators
[NX v22.5.1 Daemon Server] - 2026-02-20T14:58:09.855Z - Serializing response for PROJECT_GRAPH_UPDATED message in json mode
[NX v22.5.1 Daemon Server] - 2026-02-20T14:58:09.864Z - Responding to PROJECT_GRAPH_UPDATED message
[NX v22.5.1 Daemon Server] - 2026-02-20T14:58:09.864Z - [REQUEST]: Responding to the client. Project graph updated
[NX v22.5.1 Daemon Server] - 2026-02-20T14:58:09.868Z - Time taken for 'total execution time for createProjectGraph()' 265.99584199953824ms
[NX v22.5.1 Daemon Server] - 2026-02-20T14:58:09.898Z - Done responding to the client Project graph updated
[NX v22.5.1 Daemon Server] - 2026-02-20T14:58:09.899Z - Handled json message PROJECT_GRAPH_UPDATED. Handling time: 0. Response time: 44.
[NX v22.5.1 Daemon Client] - 2026-02-20T14:58:09.913Z - [Messenger] Received message, length: 1387700
[NX v22.5.1 Daemon Server] - 2026-02-20T14:58:09.955Z - Established a connection. Number of open connections: 11
[NX v22.5.1 Daemon Server] - 2026-02-20T14:58:09.955Z - Closed a connection. Number of open connections: 10
[NX v22.5.1 Daemon Client] - 2026-02-20T14:58:09.956Z - [Messenger] Sending message type: GET_CONTEXT_FILE_DATA
[NX v22.5.1 Daemon Client] - 2026-02-20T14:58:09.957Z - [Messenger] Message sent
[NX v22.5.1 Daemon Server] - 2026-02-20T14:58:09.957Z - Received raw message of length 32
[NX v22.5.1 Daemon Server] - 2026-02-20T14:58:09.957Z - Received json message of type GET_CONTEXT_FILE_DATA
[NX v22.5.1 Daemon Server] - 2026-02-20T14:58:09.958Z - Serializing response for GET_CONTEXT_FILE_DATA message in json mode
[NX v22.5.1 Daemon Server] - 2026-02-20T14:58:09.958Z - Responding to GET_CONTEXT_FILE_DATA message
[NX v22.5.1 Daemon Server] - 2026-02-20T14:58:09.958Z - [REQUEST]: Responding to the client. handleContextFileData
[NX v22.5.1 Daemon Server] - 2026-02-20T14:58:09.958Z - Done responding to the client handleContextFileData
[NX v22.5.1 Daemon Server] - 2026-02-20T14:58:09.958Z - Handled json message GET_CONTEXT_FILE_DATA. Handling time: 1. Response time: 0.
[NX v22.5.1 Daemon Client] - 2026-02-20T14:58:09.959Z - [Messenger] Received message, length: 19403
[NX v22.5.1 Daemon Server] - 2026-02-20T14:58:11.002Z - Closed a connection. Number of open connections: 9
[NX v22.5.1 Daemon Client] - 2026-02-20T14:58:11.003Z - [ProjectGraphListener] Socket closed, triggering reconnection
[NX v22.5.1 Daemon Server] - 2026-02-20T14:58:11.006Z - Established a connection. Number of open connections: 10
[NX v22.5.1 Daemon Client] - 2026-02-20T14:58:11.006Z - [Messenger] Setting up socket listeners
[NX v22.5.1 Daemon Server] - 2026-02-20T14:58:11.007Z - Established a connection. Number of open connections: 11
[NX v22.5.1 Daemon Client] - 2026-02-20T14:58:11.007Z - [Messenger] listen() complete
[NX v22.5.1 Daemon Client] - 2026-02-20T14:58:11.007Z - [Messenger] Sending message type: REGISTER_PROJECT_GRAPH_LISTENER
[NX v22.5.1 Daemon Server] - 2026-02-20T14:58:11.007Z - Closed a connection. Number of open connections: 10
[NX v22.5.1 Daemon Client] - 2026-02-20T14:58:11.007Z - [Messenger] Message sent
[NX v22.5.1 Daemon Server] - 2026-02-20T14:58:11.008Z - Received raw message of length 42
[NX v22.5.1 Daemon Server] - 2026-02-20T14:58:11.008Z - Received json message of type REGISTER_PROJECT_GRAPH_LISTENER
[NX v22.5.1 Daemon Server] - 2026-02-20T15:10:07.384Z - [WATCHER]: 0 file(s) created or restored, 1 file(s) modified, 1 file(s) deleted
[NX v22.5.1 Daemon Server] - 2026-02-20T15:10:07.386Z - [SYNC]: clearing sync generators cache due to file changes
[NX v22.5.1 Daemon Server] - 2026-02-20T15:10:07.388Z - [WATCHER]: Processing file changes in outputs
[NX v22.5.1 Daemon Server] - 2026-02-20T15:10:07.388Z - Time taken for 'changed-projects' 0.26125899981707335ms
[NX v22.5.1 Daemon Server] - 2026-02-20T15:10:07.591Z - [REQUEST]: Updated workspace context based on watched changes, recomputing project graph...
[NX v22.5.1 Daemon Server] - 2026-02-20T15:10:07.592Z - [REQUEST]: prisma/dev.db
[NX v22.5.1 Daemon Server] - 2026-02-20T15:10:07.592Z - [REQUEST]: prisma/dev.db-journal
Time for 'plugin worker 100503 code loading' 28.355601
Time for 'plugin worker 100504 code loading' 17.420474
Time for 'plugin worker 100506 code loading' 15.870303000000007
[NX v22.5.1 Daemon Server] - 2026-02-20T15:10:07.799Z - Time taken for 'hash changed files from watcher' 3.3698570001870394ms
[NX v22.5.1 Daemon Server] - 2026-02-20T15:10:07.812Z - Time taken for 'start-plugin-worker:@nx/next/plugin' 209.58826099988073ms
Time for 'plugin worker 100525 code loading' 13.508374000000003
Time for 'plugin worker 100523 code loading' 36.55337900000001
[NX v22.5.1 Daemon Server] - 2026-02-20T15:10:07.838Z - Time taken for 'start-plugin-worker:@nx/eslint/plugin' 145.75782300066203ms
[NX v22.5.1 Daemon Server] - 2026-02-20T15:10:07.987Z - Time taken for 'start-plugin-worker:nx/js/dependencies-and-lockfile' 244.715386999771ms
Time for 'plugin worker 100531 code loading' 49.102597
[NX v22.5.1 Daemon Server] - 2026-02-20T15:10:08.043Z - Time taken for 'start-plugin-worker:nx/core/package-json' 278.78454800043255ms
Time for 'plugin worker 100538 code loading' 60.59753899999998
[NX v22.5.1 Daemon Server] - 2026-02-20T15:10:08.173Z - Time taken for 'start-plugin-worker:nx/core/project-json' 388.64898100029677ms
Time for 'plugin worker 100544 code loading' 114.60784499999997
[NX v22.5.1 Daemon Server] - 2026-02-20T15:10:09.210Z - Established a connection. Number of open connections: 11
[NX v22.5.1 Daemon Client] - 2026-02-20T15:10:09.213Z - [Messenger] Setting up socket listeners
[NX v22.5.1 Daemon Client] - 2026-02-20T15:10:09.213Z - [Messenger] listen() complete
[NX v22.5.1 Daemon Server] - 2026-02-20T15:10:09.214Z - Established a connection. Number of open connections: 12
[NX v22.5.1 Daemon Server] - 2026-02-20T15:10:09.214Z - Closed a connection. Number of open connections: 11
[NX v22.5.1 Daemon Client] - 2026-02-20T15:10:09.219Z - [Messenger] Sending message type: HASH_GLOB
[NX v22.5.1 Daemon Client] - 2026-02-20T15:10:09.220Z - [Messenger] Message sent
Time for 'nx/js/dependencies-and-lockfile:createNodes' 103.927142
Time for 'daemon-message-serialization-HASH_GLOB' 0.3215589999999793
[NX v22.5.1 Daemon Server] - 2026-02-20T15:10:09.450Z - Received raw message of length 59
[NX v22.5.1 Daemon Server] - 2026-02-20T15:10:09.451Z - Received json message of type HASH_GLOB
[NX v22.5.1 Daemon Server] - 2026-02-20T15:10:09.457Z - Serializing response for HASH_GLOB message in json mode
[NX v22.5.1 Daemon Server] - 2026-02-20T15:10:09.457Z - Responding to HASH_GLOB message
[NX v22.5.1 Daemon Server] - 2026-02-20T15:10:09.457Z - [REQUEST]: Responding to the client. handleHashGlob
[NX v22.5.1 Daemon Server] - 2026-02-20T15:10:09.457Z - Done responding to the client handleHashGlob
[NX v22.5.1 Daemon Server] - 2026-02-20T15:10:09.457Z - Handled json message HASH_GLOB. Handling time: 6. Response time: 0.
[NX v22.5.1 Daemon Client] - 2026-02-20T15:10:09.458Z - [Messenger] Received message, length: 21
[NX v22.5.1 Daemon Client] - 2026-02-20T15:10:09.464Z - [Messenger] Sending message type: HASH_GLOB
[NX v22.5.1 Daemon Client] - 2026-02-20T15:10:09.469Z - [Messenger] Message sent
[NX v22.5.1 Daemon Server] - 2026-02-20T15:10:09.498Z - Received raw message of length 64
[NX v22.5.1 Daemon Server] - 2026-02-20T15:10:09.499Z - Received json message of type HASH_GLOB
[NX v22.5.1 Daemon Server] - 2026-02-20T15:10:09.503Z - Serializing response for HASH_GLOB message in json mode
[NX v22.5.1 Daemon Server] - 2026-02-20T15:10:09.503Z - Responding to HASH_GLOB message
[NX v22.5.1 Daemon Server] - 2026-02-20T15:10:09.503Z - [REQUEST]: Responding to the client. handleHashGlob
[NX v22.5.1 Daemon Server] - 2026-02-20T15:10:09.503Z - Done responding to the client handleHashGlob
[NX v22.5.1 Daemon Server] - 2026-02-20T15:10:09.503Z - Handled json message HASH_GLOB. Handling time: 4. Response time: 0.
Time for 'HASH_GLOB round trip' 241.78919999999994
Time for 'deserialize daemon response - HASH_GLOB' 0.8298769999998967
Time for 'daemon-message-serialization-HASH_GLOB' 0.09288900000001377
[NX v22.5.1 Daemon Client] - 2026-02-20T15:10:09.504Z - [Messenger] Received message, length: 22
[NX v22.5.1 Daemon Server] - 2026-02-20T15:10:09.523Z - Established a connection. Number of open connections: 12
[NX v22.5.1 Daemon Client] - 2026-02-20T15:10:09.526Z - [Messenger] Setting up socket listeners
[NX v22.5.1 Daemon Client] - 2026-02-20T15:10:09.527Z - [Messenger] listen() complete
[NX v22.5.1 Daemon Client] - 2026-02-20T15:10:09.527Z - [Messenger] Sending message type: HASH_MULTI_GLOB
[NX v22.5.1 Daemon Server] - 2026-02-20T15:10:09.523Z - Closed a connection. Number of open connections: 11
[NX v22.5.1 Daemon Server] - 2026-02-20T15:10:09.529Z - Established a connection. Number of open connections: 12
[NX v22.5.1 Daemon Client] - 2026-02-20T15:10:09.531Z - [Messenger] Message sent
[NX v22.5.1 Daemon Server] - 2026-02-20T15:10:09.570Z - Established a connection. Number of open connections: 13
[NX v22.5.1 Daemon Server] - 2026-02-20T15:10:09.572Z - Closed a connection. Number of open connections: 12
[NX v22.5.1 Daemon Server] - 2026-02-20T15:10:09.573Z - Established a connection. Number of open connections: 13
[NX v22.5.1 Daemon Client] - 2026-02-20T15:10:09.573Z - [Messenger] Setting up socket listeners
[NX v22.5.1 Daemon Client] - 2026-02-20T15:10:09.574Z - [Messenger] listen() complete
[NX v22.5.1 Daemon Client] - 2026-02-20T15:10:09.575Z - [Messenger] Sending message type: GLOB
[NX v22.5.1 Daemon Client] - 2026-02-20T15:10:09.576Z - [Messenger] Message sent
[NX v22.5.1 Daemon Server] - 2026-02-20T15:10:09.586Z - Closed a connection. Number of open connections: 12
[NX v22.5.1 Daemon Server] - 2026-02-20T15:10:09.652Z - Established a connection. Number of open connections: 13
[NX v22.5.1 Daemon Server] - 2026-02-20T15:10:09.654Z - Closed a connection. Number of open connections: 12
[NX v22.5.1 Daemon Server] - 2026-02-20T15:10:09.656Z - Established a connection. Number of open connections: 13
[NX v22.5.1 Daemon Client] - 2026-02-20T15:10:09.656Z - [Messenger] Setting up socket listeners
[NX v22.5.1 Daemon Client] - 2026-02-20T15:10:09.657Z - [Messenger] listen() complete
[NX v22.5.1 Daemon Client] - 2026-02-20T15:10:09.658Z - [Messenger] Sending message type: HASH_GLOB
[NX v22.5.1 Daemon Client] - 2026-02-20T15:10:09.659Z - [Messenger] Message sent
Time for 'daemon-message-serialization-HASH_MULTI_GLOB' 3.3890359999998054
[NX v22.5.1 Daemon Server] - 2026-02-20T15:10:09.705Z - Received raw message of length 124
[NX v22.5.1 Daemon Server] - 2026-02-20T15:10:09.705Z - Received json message of type HASH_MULTI_GLOB
[NX v22.5.1 Daemon Server] - 2026-02-20T15:10:09.710Z - Serializing response for HASH_GLOB message in json mode
[NX v22.5.1 Daemon Server] - 2026-02-20T15:10:09.710Z - Responding to HASH_GLOB message
[NX v22.5.1 Daemon Server] - 2026-02-20T15:10:09.711Z - [REQUEST]: Responding to the client. handleHashMultiGlob
[NX v22.5.1 Daemon Server] - 2026-02-20T15:10:09.711Z - Done responding to the client handleHashMultiGlob
[NX v22.5.1 Daemon Server] - 2026-02-20T15:10:09.711Z - Handled json message HASH_GLOB. Handling time: 5. Response time: 1.
[NX v22.5.1 Daemon Client] - 2026-02-20T15:10:09.711Z - [Messenger] Received message, length: 92
Time for 'daemon-message-serialization-GLOB' 0.28126399999996465
[NX v22.5.1 Daemon Server] - 2026-02-20T15:10:09.723Z - Received raw message of length 73
[NX v22.5.1 Daemon Server] - 2026-02-20T15:10:09.723Z - Received json message of type GLOB
[NX v22.5.1 Daemon Server] - 2026-02-20T15:10:09.725Z - Serializing response for GLOB message in json mode
[NX v22.5.1 Daemon Server] - 2026-02-20T15:10:09.726Z - Responding to GLOB message
[NX v22.5.1 Daemon Server] - 2026-02-20T15:10:09.726Z - [REQUEST]: Responding to the client. handleGlob
[NX v22.5.1 Daemon Server] - 2026-02-20T15:10:09.726Z - Done responding to the client handleGlob
[NX v22.5.1 Daemon Server] - 2026-02-20T15:10:09.726Z - Handled json message GLOB. Handling time: 2. Response time: 1.
[NX v22.5.1 Daemon Client] - 2026-02-20T15:10:09.730Z - [Messenger] Received message, length: 6441
[NX v22.5.1 Daemon Client] - 2026-02-20T15:10:09.733Z - [Messenger] Sending message type: HASH_MULTI_GLOB
[NX v22.5.1 Daemon Client] - 2026-02-20T15:10:09.733Z - [Messenger] Message sent
[NX v22.5.1 Daemon Server] - 2026-02-20T15:10:09.735Z - Received raw message of length 867
[NX v22.5.1 Daemon Server] - 2026-02-20T15:10:09.735Z - Received json message of type HASH_MULTI_GLOB
[NX v22.5.1 Daemon Server] - 2026-02-20T15:10:09.744Z - Serializing response for HASH_GLOB message in json mode
[NX v22.5.1 Daemon Server] - 2026-02-20T15:10:09.744Z - Responding to HASH_GLOB message
[NX v22.5.1 Daemon Server] - 2026-02-20T15:10:09.744Z - [REQUEST]: Responding to the client. handleHashMultiGlob
[NX v22.5.1 Daemon Client] - 2026-02-20T15:10:09.744Z - [Messenger] Received message, length: 269
[NX v22.5.1 Daemon Server] - 2026-02-20T15:10:09.746Z - Done responding to the client handleHashMultiGlob
[NX v22.5.1 Daemon Server] - 2026-02-20T15:10:09.746Z - Handled json message HASH_GLOB. Handling time: 9. Response time: 2.
Time for 'GLOB round trip' 155.334429
Time for 'deserialize daemon response - GLOB' 0.14319000000000415
Time for 'daemon-message-serialization-HASH_MULTI_GLOB' 0.44264600000019527
[NX v22.5.1 Daemon Server] - 2026-02-20T15:10:09.747Z - Closed a connection. Number of open connections: 12
Time for 'daemon-message-serialization-HASH_GLOB' 0.5562960000002022
[NX v22.5.1 Daemon Server] - 2026-02-20T15:10:09.776Z - Received raw message of length 57
[NX v22.5.1 Daemon Server] - 2026-02-20T15:10:09.777Z - Received json message of type HASH_GLOB
[NX v22.5.1 Daemon Server] - 2026-02-20T15:10:09.780Z - Serializing response for HASH_GLOB message in json mode
[NX v22.5.1 Daemon Server] - 2026-02-20T15:10:09.780Z - Responding to HASH_GLOB message
[NX v22.5.1 Daemon Server] - 2026-02-20T15:10:09.780Z - [REQUEST]: Responding to the client. handleHashGlob
[NX v22.5.1 Daemon Server] - 2026-02-20T15:10:09.780Z - Done responding to the client handleHashGlob
[NX v22.5.1 Daemon Server] - 2026-02-20T15:10:09.780Z - Handled json message HASH_GLOB. Handling time: 3. Response time: 0.
[NX v22.5.1 Daemon Client] - 2026-02-20T15:10:09.784Z - [Messenger] Received message, length: 21
[NX v22.5.1 Daemon Server] - 2026-02-20T15:10:09.785Z - Established a connection. Number of open connections: 13
[NX v22.5.1 Daemon Server] - 2026-02-20T15:10:09.794Z - Closed a connection. Number of open connections: 12
[NX v22.5.1 Daemon Server] - 2026-02-20T15:10:09.794Z - Established a connection. Number of open connections: 13
[NX v22.5.1 Daemon Client] - 2026-02-20T15:10:09.794Z - [Messenger] Setting up socket listeners
[NX v22.5.1 Daemon Client] - 2026-02-20T15:10:09.795Z - [Messenger] listen() complete
[NX v22.5.1 Daemon Client] - 2026-02-20T15:10:09.796Z - [Messenger] Sending message type: HASH_GLOB
[NX v22.5.1 Daemon Client] - 2026-02-20T15:10:09.796Z - [Messenger] Message sent
[NX v22.5.1 Daemon Server] - 2026-02-20T15:10:09.805Z - Closed a connection. Number of open connections: 12
Time for 'daemon-message-serialization-HASH_GLOB' 0.3127020000001721
[NX v22.5.1 Daemon Server] - 2026-02-20T15:10:09.892Z - Received raw message of length 63
[NX v22.5.1 Daemon Server] - 2026-02-20T15:10:09.892Z - Received json message of type HASH_GLOB
[NX v22.5.1 Daemon Server] - 2026-02-20T15:10:09.893Z - Serializing response for HASH_GLOB message in json mode
[NX v22.5.1 Daemon Server] - 2026-02-20T15:10:09.894Z - Responding to HASH_GLOB message
[NX v22.5.1 Daemon Server] - 2026-02-20T15:10:09.894Z - [REQUEST]: Responding to the client. handleHashGlob
[NX v22.5.1 Daemon Server] - 2026-02-20T15:10:09.894Z - Done responding to the client handleHashGlob
[NX v22.5.1 Daemon Server] - 2026-02-20T15:10:09.894Z - Handled json message HASH_GLOB. Handling time: 1. Response time: 1.
[NX v22.5.1 Daemon Client] - 2026-02-20T15:10:09.894Z - [Messenger] Received message, length: 21
[NX v22.5.1 Daemon Client] - 2026-02-20T15:10:09.895Z - [Messenger] Sending message type: HASH_GLOB
[NX v22.5.1 Daemon Client] - 2026-02-20T15:10:09.895Z - [Messenger] Message sent
[NX v22.5.1 Daemon Server] - 2026-02-20T15:10:09.896Z - Received raw message of length 68
[NX v22.5.1 Daemon Server] - 2026-02-20T15:10:09.896Z - Received json message of type HASH_GLOB
[NX v22.5.1 Daemon Server] - 2026-02-20T15:10:09.896Z - Serializing response for HASH_GLOB message in json mode
[NX v22.5.1 Daemon Server] - 2026-02-20T15:10:09.897Z - Responding to HASH_GLOB message
[NX v22.5.1 Daemon Server] - 2026-02-20T15:10:09.897Z - [REQUEST]: Responding to the client. handleHashGlob
[NX v22.5.1 Daemon Server] - 2026-02-20T15:10:09.897Z - Done responding to the client handleHashGlob
[NX v22.5.1 Daemon Server] - 2026-02-20T15:10:09.897Z - Handled json message HASH_GLOB. Handling time: 0. Response time: 1.
[NX v22.5.1 Daemon Client] - 2026-02-20T15:10:09.897Z - [Messenger] Received message, length: 22
Time for 'HASH_GLOB round trip' 98.89513499999975
Time for 'deserialize daemon response - HASH_GLOB' 0.11178900000004433
Time for 'daemon-message-serialization-HASH_GLOB' 0.050613999999768566
[NX v22.5.1 Daemon Server] - 2026-02-20T15:10:09.910Z - Closed a connection. Number of open connections: 11
Time for 'HASH_MULTI_GLOB round trip' 11.996202999999923
Time for 'deserialize daemon response - HASH_MULTI_GLOB' 0.030803999999989173
[NX v22.5.1 Daemon Server] - 2026-02-20T15:10:11.257Z - Time taken for 'build-project-configs' 3627.2958370000124ms
[NX v22.5.1 Daemon Server] - 2026-02-20T15:10:11.288Z - Closed a connection. Number of open connections: 10
Time for 'build typescript dependencies' 0.23160699999971257
[NX v22.5.1 Daemon Server] - 2026-02-20T15:10:11.312Z - [SYNC]: collect registered sync generators
[NX v22.5.1 Daemon Server] - 2026-02-20T15:10:11.313Z - [SYNC]: project graph hash is the same, not collecting task sync generators
[NX v22.5.1 Daemon Server] - 2026-02-20T15:10:11.313Z - [SYNC]: nx.json hash is the same, not collecting global sync generators
[NX v22.5.1 Daemon Server] - 2026-02-20T15:10:11.313Z - Serializing response for PROJECT_GRAPH_UPDATED message in json mode
[NX v22.5.1 Daemon Server] - 2026-02-20T15:10:11.319Z - Responding to PROJECT_GRAPH_UPDATED message
[NX v22.5.1 Daemon Server] - 2026-02-20T15:10:11.319Z - [REQUEST]: Responding to the client. Project graph updated
[NX v22.5.1 Daemon Server] - 2026-02-20T15:10:11.322Z - Time taken for 'total execution time for createProjectGraph()' 79.59593399986625ms
[NX v22.5.1 Daemon Server] - 2026-02-20T15:10:11.326Z - Done responding to the client Project graph updated
[NX v22.5.1 Daemon Server] - 2026-02-20T15:10:11.326Z - Handled json message PROJECT_GRAPH_UPDATED. Handling time: 0. Response time: 13.
[NX v22.5.1 Daemon Client] - 2026-02-20T15:10:11.328Z - [Messenger] Received message, length: 1387700
[NX v22.5.1 Daemon Server] - 2026-02-20T15:10:11.343Z - Established a connection. Number of open connections: 11
[NX v22.5.1 Daemon Client] - 2026-02-20T15:10:11.343Z - [Messenger] Sending message type: GET_CONTEXT_FILE_DATA
[NX v22.5.1 Daemon Client] - 2026-02-20T15:10:11.343Z - [Messenger] Message sent
[NX v22.5.1 Daemon Server] - 2026-02-20T15:10:11.344Z - Received raw message of length 32
[NX v22.5.1 Daemon Server] - 2026-02-20T15:10:11.344Z - Received json message of type GET_CONTEXT_FILE_DATA
[NX v22.5.1 Daemon Server] - 2026-02-20T15:10:11.345Z - Serializing response for GET_CONTEXT_FILE_DATA message in json mode
[NX v22.5.1 Daemon Server] - 2026-02-20T15:10:11.345Z - Responding to GET_CONTEXT_FILE_DATA message
[NX v22.5.1 Daemon Server] - 2026-02-20T15:10:11.345Z - [REQUEST]: Responding to the client. handleContextFileData
[NX v22.5.1 Daemon Server] - 2026-02-20T15:10:11.345Z - Done responding to the client handleContextFileData
[NX v22.5.1 Daemon Server] - 2026-02-20T15:10:11.345Z - Handled json message GET_CONTEXT_FILE_DATA. Handling time: 1. Response time: 0.
[NX v22.5.1 Daemon Client] - 2026-02-20T15:10:11.345Z - [Messenger] Received message, length: 19404
[NX v22.5.1 Daemon Server] - 2026-02-20T15:10:11.346Z - Closed a connection. Number of open connections: 10
[NX v22.5.1 Daemon Server] - 2026-02-20T15:10:11.779Z - Closed a connection. Number of open connections: 9
[NX v22.5.1 Daemon Client] - 2026-02-20T15:10:11.780Z - [ProjectGraphListener] Socket closed, triggering reconnection
[NX v22.5.1 Daemon Server] - 2026-02-20T15:10:11.782Z - Established a connection. Number of open connections: 10
[NX v22.5.1 Daemon Client] - 2026-02-20T15:10:11.782Z - [Messenger] Setting up socket listeners
[NX v22.5.1 Daemon Client] - 2026-02-20T15:10:11.783Z - [Messenger] listen() complete
[NX v22.5.1 Daemon Client] - 2026-02-20T15:10:11.783Z - [Messenger] Sending message type: REGISTER_PROJECT_GRAPH_LISTENER
[NX v22.5.1 Daemon Client] - 2026-02-20T15:10:11.783Z - [Messenger] Message sent
[NX v22.5.1 Daemon Server] - 2026-02-20T15:10:11.783Z - Established a connection. Number of open connections: 11
[NX v22.5.1 Daemon Server] - 2026-02-20T15:10:11.784Z - Closed a connection. Number of open connections: 10
[NX v22.5.1 Daemon Server] - 2026-02-20T15:10:11.784Z - Received raw message of length 42
[NX v22.5.1 Daemon Server] - 2026-02-20T15:10:11.785Z - Received json message of type REGISTER_PROJECT_GRAPH_LISTENER
